prefill,budget(%),acceptance rate
8K,3.125, 0.990905
,6.25, 0.995365
,12.5, 0.997366
,25, 0.999268
16K,3.125, 0.972453
,6.25, 0.973896
,12.5, 0.983503
,25, 0.985303
32K,3.125, 0.887738
,6.25, 0.898549
,12.5, 0.91994
,25, 0.941194
64K,3.125, 0.859666
,6.25, 0.879906
,12.5, 0.917658
,25, 0.932136