layer_idx,step_idx,head_idx,plane_idx,reads_count
0,0,0,0,5
0,0,0,1,7
0,0,0,2,6
0,0,0,3,6
0,0,0,4,1
0,0,0,5,3
0,0,0,6,4
0,0,0,7,5
0,0,0,8,6
0,0,0,9,7
0,0,0,10,7
0,0,0,11,5
0,0,0,12,5
0,0,0,13,5
0,0,0,14,6
0,0,0,15,7
0,0,0,16,6
0,0,0,17,8
0,0,0,18,8
0,0,0,19,6
0,0,0,20,5
0,0,0,21,4
0,0,0,22,5
0,0,0,23,8
0,0,0,24,8
0,0,0,25,6
0,0,0,26,6
0,0,0,27,6
0,0,0,28,5
0,0,0,29,8
0,0,0,30,5
0,0,0,31,6
0,0,1,0,7
0,0,1,1,6
0,0,1,2,7
0,0,1,3,7
0,0,1,4,8
0,0,1,5,7
0,0,1,6,8
0,0,1,7,10
0,0,1,8,8
0,0,1,9,7
0,0,1,10,6
0,0,1,11,7
0,0,1,12,6
0,0,1,13,8
0,0,1,14,8
0,0,1,15,9
0,0,1,16,4
0,0,1,17,3
0,0,1,18,7
0,0,1,19,5
0,0,1,20,7
0,0,1,21,5
0,0,1,22,5
0,0,1,23,6
0,0,1,24,6
0,0,1,25,5
0,0,1,26,7
0,0,1,27,6
0,0,1,28,6
0,0,1,29,6
0,0,1,30,8
0,0,1,31,8
0,0,2,0,5
0,0,2,1,3
0,0,2,2,6
0,0,2,3,6
0,0,2,4,7
0,0,2,5,7
0,0,2,6,7
0,0,2,7,5
0,0,2,8,11
0,0,2,9,3
0,0,2,10,5
0,0,2,11,5
0,0,2,12,6
0,0,2,13,6
0,0,2,14,6
0,0,2,15,7
0,0,2,16,6
0,0,2,17,6
0,0,2,18,7
0,0,2,19,6
0,0,2,20,4
0,0,2,21,3
0,0,2,22,5
0,0,2,23,5
0,0,2,24,5
0,0,2,25,6
0,0,2,26,7
0,0,2,27,7
0,0,2,28,4
0,0,2,29,7
0,0,2,30,8
0,0,2,31,6
0,0,3,0,4
0,0,3,1,4
0,0,3,2,5
0,0,3,3,6
0,0,3,4,7
0,0,3,5,7
0,0,3,6,2
0,0,3,7,2
0,0,3,8,5
0,0,3,9,5
0,0,3,10,3
0,0,3,11,7
0,0,3,12,10
0,0,3,13,7
0,0,3,14,7
0,0,3,15,11
0,0,3,16,10
0,0,3,17,8
0,0,3,18,5
0,0,3,19,2
0,0,3,20,8
0,0,3,21,4
0,0,3,22,7
0,0,3,23,8
0,0,3,24,7
0,0,3,25,5
0,0,3,26,6
0,0,3,27,4
0,0,3,28,7
0,0,3,29,5
0,0,3,30,3
0,0,3,31,5
0,0,4,0,8
0,0,4,1,4
0,0,4,2,5
0,0,4,3,10
0,0,4,4,4
0,0,4,5,4
0,0,4,6,6
0,0,4,7,6
0,0,4,8,7
0,0,4,9,6
0,0,4,10,8
0,0,4,11,7
0,0,4,12,6
0,0,4,13,8
0,0,4,14,7
0,0,4,15,4
0,0,4,16,5
0,0,4,17,4
0,0,4,18,4
0,0,4,19,7
0,0,4,20,7
0,0,4,21,3
0,0,4,22,4
0,0,4,23,8
0,0,4,24,4
0,0,4,25,5
0,0,4,26,9
0,0,4,27,8
0,0,4,28,6
0,0,4,29,7
0,0,4,30,5
0,0,4,31,5
0,0,5,0,8
0,0,5,1,7
0,0,5,2,8
0,0,5,3,6
0,0,5,4,8
0,0,5,5,8
0,0,5,6,6
0,0,5,7,6
0,0,5,8,8
0,0,5,9,8
0,0,5,10,7
0,0,5,11,7
0,0,5,12,4
0,0,5,13,7
0,0,5,14,7
0,0,5,15,5
0,0,5,16,2
0,0,5,17,4
0,0,5,18,5
0,0,5,19,5
0,0,5,20,3
0,0,5,21,7
0,0,5,22,4
0,0,5,23,2
0,0,5,24,4
0,0,5,25,7
0,0,5,26,7
0,0,5,27,6
0,0,5,28,3
0,0,5,29,6
0,0,5,30,10
0,0,5,31,9
0,0,6,0,6
0,0,6,1,4
0,0,6,2,9
0,0,6,3,9
0,0,6,4,4
0,0,6,5,9
0,0,6,6,9
0,0,6,7,7
0,0,6,8,10
0,0,6,9,11
0,0,6,10,8
0,0,6,11,10
0,0,6,12,9
0,0,6,13,8
0,0,6,14,8
0,0,6,15,9
0,0,6,16,8
0,0,6,17,5
0,0,6,18,6
0,0,6,19,6
0,0,6,20,3
0,0,6,21,4
0,0,6,22,7
0,0,6,23,4
0,0,6,24,4
0,0,6,25,4
0,0,6,26,4
0,0,6,27,7
0,0,6,28,6
0,0,6,29,4
0,0,6,30,6
0,0,6,31,7
0,0,7,0,7
0,0,7,1,2
0,0,7,2,2
0,0,7,3,7
0,0,7,4,9
0,0,7,5,7
0,0,7,6,8
0,0,7,7,9
0,0,7,8,14
0,0,7,9,7
0,0,7,10,4
0,0,7,11,5
0,0,7,12,7
0,0,7,13,7
0,0,7,14,6
0,0,7,15,3
0,0,7,16,4
0,0,7,17,6
0,0,7,18,11
0,0,7,19,11
0,0,7,20,11
0,0,7,21,1
0,0,7,22,5
0,0,7,23,5
0,0,7,24,4
0,0,7,25,6
0,0,7,26,6
0,0,7,27,7
0,0,7,28,5
0,0,7,29,4
0,0,7,30,5
0,0,7,31,7
1,0,0,0,8
1,0,0,1,7
1,0,0,2,5
1,0,0,3,6
1,0,0,4,7
1,0,0,5,3
1,0,0,6,5
1,0,0,7,5
1,0,0,8,5
1,0,0,9,8
1,0,0,10,9
1,0,0,11,7
1,0,0,12,7
1,0,0,13,5
1,0,0,14,4
1,0,0,15,1
1,0,0,16,5
1,0,0,17,8
1,0,0,18,6
1,0,0,19,6
1,0,0,20,4
1,0,0,21,2
1,0,0,22,6
1,0,0,23,5
1,0,0,24,5
1,0,0,25,4
1,0,0,26,6
1,0,0,27,6
1,0,0,28,9
1,0,0,29,6
1,0,0,30,4
1,0,0,31,8
1,0,1,0,6
1,0,1,1,4
1,0,1,2,4
1,0,1,3,4
1,0,1,4,5
1,0,1,5,9
1,0,1,6,9
1,0,1,7,9
1,0,1,8,7
1,0,1,9,4
1,0,1,10,6
1,0,1,11,4
1,0,1,12,4
1,0,1,13,4
1,0,1,14,8
1,0,1,15,8
1,0,1,16,6
1,0,1,17,6
1,0,1,18,6
1,0,1,19,10
1,0,1,20,6
1,0,1,21,2
1,0,1,22,5
1,0,1,23,5
1,0,1,24,6
1,0,1,25,7
1,0,1,26,6
1,0,1,27,4
1,0,1,28,6
1,0,1,29,8
1,0,1,30,7
1,0,1,31,7
1,0,2,0,5
1,0,2,1,4
1,0,2,2,5
1,0,2,3,6
1,0,2,4,6
1,0,2,5,5
1,0,2,6,7
1,0,2,7,6
1,0,2,8,7
1,0,2,9,5
1,0,2,10,5
1,0,2,11,9
1,0,2,12,7
1,0,2,13,5
1,0,2,14,5
1,0,2,15,7
1,0,2,16,6
1,0,2,17,8
1,0,2,18,8
1,0,2,19,7
1,0,2,20,4
1,0,2,21,5
1,0,2,22,7
1,0,2,23,6
1,0,2,24,3
1,0,2,25,4
1,0,2,26,4
1,0,2,27,4
1,0,2,28,5
1,0,2,29,4
1,0,2,30,5
1,0,2,31,3
1,0,3,0,3
1,0,3,1,5
1,0,3,2,5
1,0,3,3,6
1,0,3,4,5
1,0,3,5,8
1,0,3,6,7
1,0,3,7,6
1,0,3,8,5
1,0,3,9,4
1,0,3,10,5
1,0,3,11,9
1,0,3,12,6
1,0,3,13,3
1,0,3,14,5
1,0,3,15,4
1,0,3,16,6
1,0,3,17,7
1,0,3,18,5
1,0,3,19,5
1,0,3,20,8
1,0,3,21,8
1,0,3,22,6
1,0,3,23,7
1,0,3,24,5
1,0,3,25,9
1,0,3,26,6
1,0,3,27,5
1,0,3,28,6
1,0,3,29,6
1,0,3,30,5
1,0,3,31,5
1,0,4,0,7
1,0,4,1,6
1,0,4,2,4
1,0,4,3,6
1,0,4,4,8
1,0,4,5,5
1,0,4,6,6
1,0,4,7,5
1,0,4,8,5
1,0,4,9,6
1,0,4,10,6
1,0,4,11,8
1,0,4,12,6
1,0,4,13,7
1,0,4,14,7
1,0,4,15,7
1,0,4,16,6
1,0,4,17,6
1,0,4,18,7
1,0,4,19,4
1,0,4,20,3
1,0,4,21,5
1,0,4,22,5
1,0,4,23,6
1,0,4,24,2
1,0,4,25,4
1,0,4,26,6
1,0,4,27,8
1,0,4,28,7
1,0,4,29,9
1,0,4,30,6
1,0,4,31,4
1,0,5,0,9
1,0,5,1,6
1,0,5,2,3
1,0,5,3,5
1,0,5,4,8
1,0,5,5,9
1,0,5,6,7
1,0,5,7,8
1,0,5,8,5
1,0,5,9,4
1,0,5,10,5
1,0,5,11,6
1,0,5,12,6
1,0,5,13,9
1,0,5,14,8
1,0,5,15,7
1,0,5,16,6
1,0,5,17,4
1,0,5,18,5
1,0,5,19,2
1,0,5,20,3
1,0,5,21,6
1,0,5,22,9
1,0,5,23,8
1,0,5,24,6
1,0,5,25,7
1,0,5,26,5
1,0,5,27,4
1,0,5,28,6
1,0,5,29,5
1,0,5,30,8
1,0,5,31,7
1,0,6,0,11
1,0,6,1,6
1,0,6,2,6
1,0,6,3,5
1,0,6,4,5
1,0,6,5,3
1,0,6,6,6
1,0,6,7,5
1,0,6,8,7
1,0,6,9,9
1,0,6,10,7
1,0,6,11,5
1,0,6,12,2
1,0,6,13,5
1,0,6,14,3
1,0,6,15,5
1,0,6,16,6
1,0,6,17,8
1,0,6,18,6
1,0,6,19,6
1,0,6,20,4
1,0,6,21,6
1,0,6,22,10
1,0,6,23,10
1,0,6,24,9
1,0,6,25,10
1,0,6,26,6
1,0,6,27,5
1,0,6,28,6
1,0,6,29,5
1,0,6,30,5
1,0,6,31,7
1,0,7,0,8
1,0,7,1,8
1,0,7,2,6
1,0,7,3,6
1,0,7,4,5
1,0,7,5,4
1,0,7,6,4
1,0,7,7,7
1,0,7,8,7
1,0,7,9,6
1,0,7,10,3
1,0,7,11,4
1,0,7,12,3
1,0,7,13,4
1,0,7,14,4
1,0,7,15,4
1,0,7,16,5
1,0,7,17,6
1,0,7,18,5
1,0,7,19,7
1,0,7,20,7
1,0,7,21,8
1,0,7,22,5
1,0,7,23,6
1,0,7,24,8
1,0,7,25,8
1,0,7,26,9
1,0,7,27,6
1,0,7,28,6
1,0,7,29,7
1,0,7,30,8
1,0,7,31,6
2,0,0,0,6
2,0,0,1,6
2,0,0,2,6
2,0,0,3,5
2,0,0,4,8
2,0,0,5,7
2,0,0,6,6
2,0,0,7,5
2,0,0,8,8
2,0,0,9,7
2,0,0,10,5
2,0,0,11,4
2,0,0,12,5
2,0,0,13,7
2,0,0,14,8
2,0,0,15,6
2,0,0,16,4
2,0,0,17,6
2,0,0,18,8
2,0,0,19,4
2,0,0,20,4
2,0,0,21,4
2,0,0,22,3
2,0,0,23,5
2,0,0,24,8
2,0,0,25,5
2,0,0,26,6
2,0,0,27,8
2,0,0,28,5
2,0,0,29,4
2,0,0,30,3
2,0,0,31,7
2,0,1,0,9
2,0,1,1,8
2,0,1,2,7
2,0,1,3,6
2,0,1,4,5
2,0,1,5,7
2,0,1,6,4
2,0,1,7,5
2,0,1,8,5
2,0,1,9,3
2,0,1,10,3
2,0,1,11,3
2,0,1,12,5
2,0,1,13,3
2,0,1,14,5
2,0,1,15,6
2,0,1,16,6
2,0,1,17,6
2,0,1,18,6
2,0,1,19,6
2,0,1,20,7
2,0,1,21,7
2,0,1,22,5
2,0,1,23,5
2,0,1,24,3
2,0,1,25,5
2,0,1,26,6
2,0,1,27,7
2,0,1,28,6
2,0,1,29,6
2,0,1,30,6
2,0,1,31,8
2,0,2,0,6
2,0,2,1,6
2,0,2,2,7
2,0,2,3,5
2,0,2,4,5
2,0,2,5,3
2,0,2,6,5
2,0,2,7,5
2,0,2,8,2
2,0,2,9,4
2,0,2,10,7
2,0,2,11,7
2,0,2,12,8
2,0,2,13,6
2,0,2,14,8
2,0,2,15,8
2,0,2,16,8
2,0,2,17,6
2,0,2,18,4
2,0,2,19,5
2,0,2,20,8
2,0,2,21,7
2,0,2,22,6
2,0,2,23,6
2,0,2,24,6
2,0,2,25,6
2,0,2,26,5
2,0,2,27,5
2,0,2,28,8
2,0,2,29,7
2,0,2,30,8
2,0,2,31,6
2,0,3,0,8
2,0,3,1,5
2,0,3,2,6
2,0,3,3,6
2,0,3,4,4
2,0,3,5,4
2,0,3,6,7
2,0,3,7,7
2,0,3,8,8
2,0,3,9,4
2,0,3,10,5
2,0,3,11,6
2,0,3,12,8
2,0,3,13,8
2,0,3,14,8
2,0,3,15,6
2,0,3,16,6
2,0,3,17,4
2,0,3,18,6
2,0,3,19,5
2,0,3,20,8
2,0,3,21,6
2,0,3,22,5
2,0,3,23,6
2,0,3,24,8
2,0,3,25,9
2,0,3,26,7
2,0,3,27,2
2,0,3,28,3
2,0,3,29,3
2,0,3,30,4
2,0,3,31,7
2,0,4,0,4
2,0,4,1,5
2,0,4,2,6
2,0,4,3,6
2,0,4,4,6
2,0,4,5,7
2,0,4,6,7
2,0,4,7,6
2,0,4,8,5
2,0,4,9,6
2,0,4,10,9
2,0,4,11,7
2,0,4,12,6
2,0,4,13,7
2,0,4,14,7
2,0,4,15,8
2,0,4,16,6
2,0,4,17,6
2,0,4,18,7
2,0,4,19,5
2,0,4,20,3
2,0,4,21,4
2,0,4,22,6
2,0,4,23,4
2,0,4,24,5
2,0,4,25,6
2,0,4,26,5
2,0,4,27,5
2,0,4,28,5
2,0,4,29,6
2,0,4,30,7
2,0,4,31,5
2,0,5,0,4
2,0,5,1,6
2,0,5,2,7
2,0,5,3,6
2,0,5,4,6
2,0,5,5,6
2,0,5,6,5
2,0,5,7,4
2,0,5,8,6
2,0,5,9,8
2,0,5,10,6
2,0,5,11,2
2,0,5,12,6
2,0,5,13,6
2,0,5,14,5
2,0,5,15,9
2,0,5,16,6
2,0,5,17,7
2,0,5,18,6
2,0,5,19,6
2,0,5,20,4
2,0,5,21,6
2,0,5,22,5
2,0,5,23,6
2,0,5,24,3
2,0,5,25,3
2,0,5,26,3
2,0,5,27,2
2,0,5,28,8
2,0,5,29,10
2,0,5,30,12
2,0,5,31,7
2,0,6,0,5
2,0,6,1,8
2,0,6,2,5
2,0,6,3,5
2,0,6,4,7
2,0,6,5,4
2,0,6,6,5
2,0,6,7,3
2,0,6,8,6
2,0,6,9,6
2,0,6,10,5
2,0,6,11,8
2,0,6,12,6
2,0,6,13,7
2,0,6,14,5
2,0,6,15,6
2,0,6,16,6
2,0,6,17,4
2,0,6,18,7
2,0,6,19,6
2,0,6,20,4
2,0,6,21,5
2,0,6,22,5
2,0,6,23,5
2,0,6,24,4
2,0,6,25,6
2,0,6,26,5
2,0,6,27,7
2,0,6,28,7
2,0,6,29,7
2,0,6,30,7
2,0,6,31,5
2,0,7,0,4
2,0,7,1,4
2,0,7,2,7
2,0,7,3,5
2,0,7,4,5
2,0,7,5,4
2,0,7,6,8
2,0,7,7,8
2,0,7,8,6
2,0,7,9,6
2,0,7,10,6
2,0,7,11,6
2,0,7,12,6
2,0,7,13,4
2,0,7,14,8
2,0,7,15,8
2,0,7,16,7
2,0,7,17,6
2,0,7,18,5
2,0,7,19,5
2,0,7,20,4
2,0,7,21,5
2,0,7,22,9
2,0,7,23,7
2,0,7,24,6
2,0,7,25,7
2,0,7,26,8
2,0,7,27,6
2,0,7,28,4
2,0,7,29,3
2,0,7,30,4
2,0,7,31,5
3,0,0,0,9
3,0,0,1,9
3,0,0,2,6
3,0,0,3,4
3,0,0,4,6
3,0,0,5,7
3,0,0,6,7
3,0,0,7,8
3,0,0,8,7
3,0,0,9,6
3,0,0,10,6
3,0,0,11,6
3,0,0,12,3
3,0,0,13,7
3,0,0,14,4
3,0,0,15,5
3,0,0,16,6
3,0,0,17,5
3,0,0,18,4
3,0,0,19,6
3,0,0,20,5
3,0,0,21,5
3,0,0,22,6
3,0,0,23,6
3,0,0,24,6
3,0,0,25,6
3,0,0,26,6
3,0,0,27,7
3,0,0,28,4
3,0,0,29,5
3,0,0,30,6
3,0,0,31,7
3,0,1,0,6
3,0,1,1,7
3,0,1,2,3
3,0,1,3,4
3,0,1,4,8
3,0,1,5,8
3,0,1,6,9
3,0,1,7,9
3,0,1,8,9
3,0,1,9,7
3,0,1,10,7
3,0,1,11,6
3,0,1,12,7
3,0,1,13,4
3,0,1,14,6
3,0,1,15,7
3,0,1,16,5
3,0,1,17,6
3,0,1,18,1
3,0,1,19,5
3,0,1,20,6
3,0,1,21,5
3,0,1,22,5
3,0,1,23,5
3,0,1,24,2
3,0,1,25,6
3,0,1,26,5
3,0,1,27,3
3,0,1,28,7
3,0,1,29,8
3,0,1,30,4
3,0,1,31,2
3,0,2,0,5
3,0,2,1,5
3,0,2,2,4
3,0,2,3,7
3,0,2,4,5
3,0,2,5,6
3,0,2,6,5
3,0,2,7,8
3,0,2,8,11
3,0,2,9,10
3,0,2,10,8
3,0,2,11,7
3,0,2,12,5
3,0,2,13,3
3,0,2,14,5
3,0,2,15,6
3,0,2,16,4
3,0,2,17,5
3,0,2,18,4
3,0,2,19,5
3,0,2,20,6
3,0,2,21,8
3,0,2,22,6
3,0,2,23,6
3,0,2,24,6
3,0,2,25,3
3,0,2,26,3
3,0,2,27,4
3,0,2,28,7
3,0,2,29,8
3,0,2,30,6
3,0,2,31,5
3,0,3,0,6
3,0,3,1,5
3,0,3,2,5
3,0,3,3,4
3,0,3,4,5
3,0,3,5,5
3,0,3,6,5
3,0,3,7,6
3,0,3,8,3
3,0,3,9,2
3,0,3,10,4
3,0,3,11,7
3,0,3,12,7
3,0,3,13,7
3,0,3,14,8
3,0,3,15,6
3,0,3,16,7
3,0,3,17,5
3,0,3,18,7
3,0,3,19,7
3,0,3,20,7
3,0,3,21,7
3,0,3,22,7
3,0,3,23,7
3,0,3,24,10
3,0,3,25,8
3,0,3,26,6
3,0,3,27,7
3,0,3,28,5
3,0,3,29,5
3,0,3,30,5
3,0,3,31,5
3,0,4,0,6
3,0,4,1,7
3,0,4,2,6
3,0,4,3,7
3,0,4,4,7
3,0,4,5,6
3,0,4,6,8
3,0,4,7,9
3,0,4,8,9
3,0,4,9,7
3,0,4,10,4
3,0,4,11,5
3,0,4,12,6
3,0,4,13,8
3,0,4,14,4
3,0,4,15,3
3,0,4,16,6
3,0,4,17,10
3,0,4,18,10
3,0,4,19,6
3,0,4,20,6
3,0,4,21,6
3,0,4,22,2
3,0,4,23,3
3,0,4,24,3
3,0,4,25,3
3,0,4,26,6
3,0,4,27,7
3,0,4,28,7
3,0,4,29,6
3,0,4,30,7
3,0,4,31,5
3,0,5,0,6
3,0,5,1,6
3,0,5,2,4
3,0,5,3,4
3,0,5,4,4
3,0,5,5,3
3,0,5,6,5
3,0,5,7,6
3,0,5,8,6
3,0,5,9,5
3,0,5,10,2
3,0,5,11,6
3,0,5,12,7
3,0,5,13,7
3,0,5,14,6
3,0,5,15,6
3,0,5,16,6
3,0,5,17,6
3,0,5,18,6
3,0,5,19,6
3,0,5,20,7
3,0,5,21,7
3,0,5,22,7
3,0,5,23,8
3,0,5,24,5
3,0,5,25,6
3,0,5,26,4
3,0,5,27,2
3,0,5,28,6
3,0,5,29,7
3,0,5,30,5
3,0,5,31,5
3,0,6,0,5
3,0,6,1,7
3,0,6,2,7
3,0,6,3,7
3,0,6,4,7
3,0,6,5,5
3,0,6,6,5
3,0,6,7,6
3,0,6,8,6
3,0,6,9,5
3,0,6,10,6
3,0,6,11,5
3,0,6,12,5
3,0,6,13,5
3,0,6,14,5
3,0,6,15,6
3,0,6,16,5
3,0,6,17,4
3,0,6,18,5
3,0,6,19,5
3,0,6,20,6
3,0,6,21,6
3,0,6,22,5
3,0,6,23,6
3,0,6,24,5
3,0,6,25,4
3,0,6,26,5
3,0,6,27,8
3,0,6,28,7
3,0,6,29,7
3,0,6,30,6
3,0,6,31,6
3,0,7,0,5
3,0,7,1,4
3,0,7,2,4
3,0,7,3,4
3,0,7,4,5
3,0,7,5,6
3,0,7,6,7
3,0,7,7,7
3,0,7,8,6
3,0,7,9,6
3,0,7,10,8
3,0,7,11,10
3,0,7,12,12
3,0,7,13,9
3,0,7,14,7
3,0,7,15,7
3,0,7,16,6
3,0,7,17,7
3,0,7,18,9
3,0,7,19,8
3,0,7,20,8
3,0,7,21,4
3,0,7,22,3
3,0,7,23,5
3,0,7,24,5
3,0,7,25,4
3,0,7,26,3
3,0,7,27,3
3,0,7,28,2
3,0,7,29,3
3,0,7,30,3
3,0,7,31,4
4,0,0,0,7
4,0,0,1,3
4,0,0,2,5
4,0,0,3,6
4,0,0,4,7
4,0,0,5,6
4,0,0,6,4
4,0,0,7,6
4,0,0,8,6
4,0,0,9,4
4,0,0,10,6
4,0,0,11,7
4,0,0,12,7
4,0,0,13,6
4,0,0,14,6
4,0,0,15,6
4,0,0,16,5
4,0,0,17,5
4,0,0,18,6
4,0,0,19,5
4,0,0,20,5
4,0,0,21,5
4,0,0,22,4
4,0,0,23,4
4,0,0,24,6
4,0,0,25,6
4,0,0,26,5
4,0,0,27,5
4,0,0,28,6
4,0,0,29,5
4,0,0,30,6
4,0,0,31,6
4,0,1,0,5
4,0,1,1,5
4,0,1,2,3
4,0,1,3,1
4,0,1,4,4
4,0,1,5,5
4,0,1,6,6
4,0,1,7,9
4,0,1,8,10
4,0,1,9,9
4,0,1,10,8
4,0,1,11,8
4,0,1,12,11
4,0,1,13,13
4,0,1,14,12
4,0,1,15,10
4,0,1,16,6
4,0,1,17,6
4,0,1,18,7
4,0,1,19,6
4,0,1,20,4
4,0,1,21,4
4,0,1,22,2
4,0,1,23,2
4,0,1,24,3
4,0,1,25,4
4,0,1,26,4
4,0,1,27,5
4,0,1,28,3
4,0,1,29,3
4,0,1,30,2
4,0,1,31,4
4,0,2,0,6
4,0,2,1,6
4,0,2,2,5
4,0,2,3,6
4,0,2,4,6
4,0,2,5,4
4,0,2,6,5
4,0,2,7,6
4,0,2,8,5
4,0,2,9,5
4,0,2,10,8
4,0,2,11,8
4,0,2,12,7
4,0,2,13,7
4,0,2,14,7
4,0,2,15,5
4,0,2,16,6
4,0,2,17,5
4,0,2,18,6
4,0,2,19,9
4,0,2,20,9
4,0,2,21,5
4,0,2,22,7
4,0,2,23,5
4,0,2,24,6
4,0,2,25,5
4,0,2,26,4
4,0,2,27,6
4,0,2,28,8
4,0,2,29,7
4,0,2,30,5
4,0,2,31,3
4,0,3,0,3
4,0,3,1,5
4,0,3,2,5
4,0,3,3,5
4,0,3,4,6
4,0,3,5,7
4,0,3,6,6
4,0,3,7,6
4,0,3,8,6
4,0,3,9,6
4,0,3,10,7
4,0,3,11,6
4,0,3,12,7
4,0,3,13,6
4,0,3,14,7
4,0,3,15,5
4,0,3,16,5
4,0,3,17,7
4,0,3,18,5
4,0,3,19,5
4,0,3,20,4
4,0,3,21,6
4,0,3,22,8
4,0,3,23,5
4,0,3,24,6
4,0,3,25,7
4,0,3,26,6
4,0,3,27,4
4,0,3,28,5
4,0,3,29,7
4,0,3,30,8
4,0,3,31,9
4,0,4,0,4
4,0,4,1,5
4,0,4,2,6
4,0,4,3,6
4,0,4,4,6
4,0,4,5,6
4,0,4,6,7
4,0,4,7,7
4,0,4,8,9
4,0,4,9,7
4,0,4,10,8
4,0,4,11,9
4,0,4,12,8
4,0,4,13,9
4,0,4,14,8
4,0,4,15,6
4,0,4,16,6
4,0,4,17,5
4,0,4,18,4
4,0,4,19,4
4,0,4,20,3
4,0,4,21,6
4,0,4,22,5
4,0,4,23,7
4,0,4,24,6
4,0,4,25,3
4,0,4,26,3
4,0,4,27,5
4,0,4,28,5
4,0,4,29,7
4,0,4,30,5
4,0,4,31,3
4,0,5,0,5
4,0,5,1,5
4,0,5,2,5
4,0,5,3,5
4,0,5,4,5
4,0,5,5,4
4,0,5,6,6
4,0,5,7,5
4,0,5,8,4
4,0,5,9,3
4,0,5,10,5
4,0,5,11,6
4,0,5,12,7
4,0,5,13,7
4,0,5,14,6
4,0,5,15,6
4,0,5,16,8
4,0,5,17,6
4,0,5,18,8
4,0,5,19,8
4,0,5,20,6
4,0,5,21,7
4,0,5,22,7
4,0,5,23,5
4,0,5,24,7
4,0,5,25,6
4,0,5,26,7
4,0,5,27,5
4,0,5,28,6
4,0,5,29,6
4,0,5,30,6
4,0,5,31,5
4,0,6,0,7
4,0,6,1,7
4,0,6,2,6
4,0,6,3,3
4,0,6,4,5
4,0,6,5,6
4,0,6,6,7
4,0,6,7,7
4,0,6,8,9
4,0,6,9,5
4,0,6,10,4
4,0,6,11,6
4,0,6,12,7
4,0,6,13,7
4,0,6,14,7
4,0,6,15,7
4,0,6,16,7
4,0,6,17,7
4,0,6,18,5
4,0,6,19,6
4,0,6,20,5
4,0,6,21,5
4,0,6,22,5
4,0,6,23,6
4,0,6,24,4
4,0,6,25,4
4,0,6,26,4
4,0,6,27,4
4,0,6,28,5
4,0,6,29,8
4,0,6,30,8
4,0,6,31,6
4,0,7,0,7
4,0,7,1,6
4,0,7,2,6
4,0,7,3,5
4,0,7,4,3
4,0,7,5,5
4,0,7,6,8
4,0,7,7,7
4,0,7,8,6
4,0,7,9,5
4,0,7,10,9
4,0,7,11,8
4,0,7,12,6
4,0,7,13,5
4,0,7,14,6
4,0,7,15,5
4,0,7,16,4
4,0,7,17,5
4,0,7,18,7
4,0,7,19,6
4,0,7,20,7
4,0,7,21,6
4,0,7,22,3
4,0,7,23,4
4,0,7,24,4
4,0,7,25,5
4,0,7,26,6
4,0,7,27,7
4,0,7,28,7
4,0,7,29,6
4,0,7,30,6
4,0,7,31,6
5,0,0,0,6
5,0,0,1,6
5,0,0,2,5
5,0,0,3,5
5,0,0,4,5
5,0,0,5,5
5,0,0,6,7
5,0,0,7,5
5,0,0,8,6
5,0,0,9,8
5,0,0,10,7
5,0,0,11,7
5,0,0,12,8
5,0,0,13,9
5,0,0,14,8
5,0,0,15,7
5,0,0,16,8
5,0,0,17,8
5,0,0,18,9
5,0,0,19,7
5,0,0,20,6
5,0,0,21,6
5,0,0,22,6
5,0,0,23,6
5,0,0,24,4
5,0,0,25,5
5,0,0,26,3
5,0,0,27,3
5,0,0,28,3
5,0,0,29,3
5,0,0,30,3
5,0,0,31,4
5,0,1,0,3
5,0,1,1,3
5,0,1,2,3
5,0,1,3,3
5,0,1,4,4
5,0,1,5,4
5,0,1,6,6
5,0,1,7,7
5,0,1,8,8
5,0,1,9,8
5,0,1,10,8
5,0,1,11,10
5,0,1,12,8
5,0,1,13,8
5,0,1,14,8
5,0,1,15,7
5,0,1,16,7
5,0,1,17,6
5,0,1,18,8
5,0,1,19,9
5,0,1,20,6
5,0,1,21,8
5,0,1,22,7
5,0,1,23,7
5,0,1,24,5
5,0,1,25,6
5,0,1,26,6
5,0,1,27,5
5,0,1,28,2
5,0,1,29,3
5,0,1,30,4
5,0,1,31,4
5,0,2,0,7
5,0,2,1,4
5,0,2,2,9
5,0,2,3,8
5,0,2,4,5
5,0,2,5,6
5,0,2,6,6
5,0,2,7,7
5,0,2,8,6
5,0,2,9,3
5,0,2,10,5
5,0,2,11,6
5,0,2,12,1
5,0,2,13,5
5,0,2,14,6
5,0,2,15,2
5,0,2,16,4
5,0,2,17,6
5,0,2,18,6
5,0,2,19,7
5,0,2,20,7
5,0,2,21,8
5,0,2,22,7
5,0,2,23,9
5,0,2,24,7
5,0,2,25,7
5,0,2,26,6
5,0,2,27,7
5,0,2,28,5
5,0,2,29,7
5,0,2,30,6
5,0,2,31,6
5,0,3,0,7
5,0,3,1,6
5,0,3,2,6
5,0,3,3,5
5,0,3,4,5
5,0,3,5,8
5,0,3,6,7
5,0,3,7,6
5,0,3,8,3
5,0,3,9,7
5,0,3,10,6
5,0,3,11,7
5,0,3,12,7
5,0,3,13,3
5,0,3,14,4
5,0,3,15,7
5,0,3,16,8
5,0,3,17,7
5,0,3,18,3
5,0,3,19,3
5,0,3,20,6
5,0,3,21,6
5,0,3,22,7
5,0,3,23,6
5,0,3,24,6
5,0,3,25,7
5,0,3,26,6
5,0,3,27,7
5,0,3,28,7
5,0,3,29,6
5,0,3,30,6
5,0,3,31,6
5,0,4,0,7
5,0,4,1,7
5,0,4,2,8
5,0,4,3,7
5,0,4,4,8
5,0,4,5,9
5,0,4,6,7
5,0,4,7,8
5,0,4,8,8
5,0,4,9,9
5,0,4,10,7
5,0,4,11,7
5,0,4,12,5
5,0,4,13,4
5,0,4,14,5
5,0,4,15,4
5,0,4,16,4
5,0,4,17,3
5,0,4,18,4
5,0,4,19,5
5,0,4,20,4
5,0,4,21,5
5,0,4,22,5
5,0,4,23,4
5,0,4,24,3
5,0,4,25,5
5,0,4,26,6
5,0,4,27,6
5,0,4,28,6
5,0,4,29,8
5,0,4,30,8
5,0,4,31,8
5,0,5,0,4
5,0,5,1,5
5,0,5,2,5
5,0,5,3,5
5,0,5,4,6
5,0,5,5,3
5,0,5,6,3
5,0,5,7,4
5,0,5,8,6
5,0,5,9,5
5,0,5,10,5
5,0,5,11,6
5,0,5,12,5
5,0,5,13,4
5,0,5,14,6
5,0,5,15,5
5,0,5,16,6
5,0,5,17,6
5,0,5,18,5
5,0,5,19,5
5,0,5,20,7
5,0,5,21,6
5,0,5,22,8
5,0,5,23,8
5,0,5,24,6
5,0,5,25,5
5,0,5,26,5
5,0,5,27,7
5,0,5,28,6
5,0,5,29,6
5,0,5,30,7
5,0,5,31,6
5,0,6,0,6
5,0,6,1,7
5,0,6,2,6
5,0,6,3,5
5,0,6,4,5
5,0,6,5,7
5,0,6,6,6
5,0,6,7,6
5,0,6,8,8
5,0,6,9,7
5,0,6,10,5
5,0,6,11,4
5,0,6,12,5
5,0,6,13,3
5,0,6,14,6
5,0,6,15,7
5,0,6,16,9
5,0,6,17,8
5,0,6,18,6
5,0,6,19,5
5,0,6,20,5
5,0,6,21,5
5,0,6,22,6
5,0,6,23,6
5,0,6,24,6
5,0,6,25,5
5,0,6,26,6
5,0,6,27,6
5,0,6,28,6
5,0,6,29,5
5,0,6,30,5
5,0,6,31,6
5,0,7,0,7
5,0,7,1,4
5,0,7,2,5
5,0,7,3,7
5,0,7,4,10
5,0,7,5,9
5,0,7,6,8
5,0,7,7,8
5,0,7,8,9
5,0,7,9,7
5,0,7,10,9
5,0,7,11,11
5,0,7,12,8
5,0,7,13,7
5,0,7,14,8
5,0,7,15,7
5,0,7,16,6
5,0,7,17,6
5,0,7,18,4
5,0,7,19,4
5,0,7,20,5
5,0,7,21,6
5,0,7,22,2
5,0,7,23,2
5,0,7,24,2
5,0,7,25,2
5,0,7,26,4
5,0,7,27,5
5,0,7,28,1
5,0,7,29,3
5,0,7,30,4
5,0,7,31,6
6,0,0,0,7
6,0,0,1,7
6,0,0,2,6
6,0,0,3,8
6,0,0,4,6
6,0,0,5,5
6,0,0,6,4
6,0,0,7,4
6,0,0,8,4
6,0,0,9,2
6,0,0,10,3
6,0,0,11,3
6,0,0,12,3
6,0,0,13,2
6,0,0,14,5
6,0,0,15,3
6,0,0,16,4
6,0,0,17,5
6,0,0,18,7
6,0,0,19,6
6,0,0,20,5
6,0,0,21,6
6,0,0,22,5
6,0,0,23,6
6,0,0,24,5
6,0,0,25,6
6,0,0,26,5
6,0,0,27,7
6,0,0,28,7
6,0,0,29,9
6,0,0,30,9
6,0,0,31,8
6,0,1,0,7
6,0,1,1,6
6,0,1,2,5
6,0,1,3,6
6,0,1,4,5
6,0,1,5,6
6,0,1,6,6
6,0,1,7,4
6,0,1,8,7
6,0,1,9,7
6,0,1,10,6
6,0,1,11,3
6,0,1,12,2
6,0,1,13,3
6,0,1,14,6
6,0,1,15,7
6,0,1,16,6
6,0,1,17,7
6,0,1,18,5
6,0,1,19,5
6,0,1,20,6
6,0,1,21,5
6,0,1,22,7
6,0,1,23,7
6,0,1,24,6
6,0,1,25,7
6,0,1,26,4
6,0,1,27,4
6,0,1,28,5
6,0,1,29,6
6,0,1,30,7
6,0,1,31,9
6,0,2,0,7
6,0,2,1,8
6,0,2,2,7
6,0,2,3,7
6,0,2,4,5
6,0,2,5,6
6,0,2,6,6
6,0,2,7,6
6,0,2,8,7
6,0,2,9,6
6,0,2,10,7
6,0,2,11,6
6,0,2,12,7
6,0,2,13,7
6,0,2,14,7
6,0,2,15,6
6,0,2,16,6
6,0,2,17,7
6,0,2,18,6
6,0,2,19,6
6,0,2,20,6
6,0,2,21,6
6,0,2,22,8
6,0,2,23,6
6,0,2,24,6
6,0,2,25,6
6,0,2,26,7
6,0,2,27,4
6,0,2,28,5
6,0,2,29,4
6,0,2,30,3
6,0,2,31,4
6,0,3,0,5
6,0,3,1,6
6,0,3,2,6
6,0,3,3,7
6,0,3,4,5
6,0,3,5,6
6,0,3,6,5
6,0,3,7,4
6,0,3,8,6
6,0,3,9,9
6,0,3,10,8
6,0,3,11,5
6,0,3,12,6
6,0,3,13,5
6,0,3,14,5
6,0,3,15,6
6,0,3,16,5
6,0,3,17,4
6,0,3,18,5
6,0,3,19,6
6,0,3,20,5
6,0,3,21,5
6,0,3,22,6
6,0,3,23,5
6,0,3,24,6
6,0,3,25,6
6,0,3,26,5
6,0,3,27,4
6,0,3,28,6
6,0,3,29,7
6,0,3,30,7
6,0,3,31,6
6,0,4,0,6
6,0,4,1,5
6,0,4,2,7
6,0,4,3,6
6,0,4,4,6
6,0,4,5,4
6,0,4,6,5
6,0,4,7,6
6,0,4,8,7
6,0,4,9,5
6,0,4,10,7
6,0,4,11,6
6,0,4,12,5
6,0,4,13,4
6,0,4,14,7
6,0,4,15,7
6,0,4,16,7
6,0,4,17,6
6,0,4,18,4
6,0,4,19,5
6,0,4,20,7
6,0,4,21,4
6,0,4,22,6
6,0,4,23,5
6,0,4,24,6
6,0,4,25,8
6,0,4,26,7
6,0,4,27,5
6,0,4,28,4
6,0,4,29,6
6,0,4,30,4
6,0,4,31,5
6,0,5,0,7
6,0,5,1,7
6,0,5,2,5
6,0,5,3,4
6,0,5,4,4
6,0,5,5,6
6,0,5,6,5
6,0,5,7,4
6,0,5,8,4
6,0,5,9,5
6,0,5,10,5
6,0,5,11,5
6,0,5,12,6
6,0,5,13,7
6,0,5,14,6
6,0,5,15,7
6,0,5,16,8
6,0,5,17,6
6,0,5,18,4
6,0,5,19,5
6,0,5,20,7
6,0,5,21,9
6,0,5,22,6
6,0,5,23,6
6,0,5,24,7
6,0,5,25,8
6,0,5,26,9
6,0,5,27,10
6,0,5,28,8
6,0,5,29,6
6,0,5,30,4
6,0,5,31,6
6,0,6,0,6
6,0,6,1,6
6,0,6,2,5
6,0,6,3,7
6,0,6,4,7
6,0,6,5,6
6,0,6,6,5
6,0,6,7,6
6,0,6,8,7
6,0,6,9,7
6,0,6,10,5
6,0,6,11,5
6,0,6,12,6
6,0,6,13,5
6,0,6,14,5
6,0,6,15,6
6,0,6,16,6
6,0,6,17,5
6,0,6,18,5
6,0,6,19,5
6,0,6,20,5
6,0,6,21,4
6,0,6,22,7
6,0,6,23,8
6,0,6,24,7
6,0,6,25,8
6,0,6,26,7
6,0,6,27,6
6,0,6,28,6
6,0,6,29,9
6,0,6,30,7
6,0,6,31,5
6,0,7,0,6
6,0,7,1,8
6,0,7,2,7
6,0,7,3,5
6,0,7,4,4
6,0,7,5,4
6,0,7,6,3
6,0,7,7,3
6,0,7,8,6
6,0,7,9,5
6,0,7,10,7
6,0,7,11,7
6,0,7,12,7
6,0,7,13,8
6,0,7,14,8
6,0,7,15,7
6,0,7,16,7
6,0,7,17,5
6,0,7,18,5
6,0,7,19,7
6,0,7,20,4
6,0,7,21,8
6,0,7,22,8
6,0,7,23,8
6,0,7,24,8
6,0,7,25,8
6,0,7,26,7
6,0,7,27,4
6,0,7,28,3
6,0,7,29,5
6,0,7,30,3
6,0,7,31,3
7,0,0,0,4
7,0,0,1,6
7,0,0,2,6
7,0,0,3,5
7,0,0,4,5
7,0,0,5,7
7,0,0,6,7
7,0,0,7,6
7,0,0,8,6
7,0,0,9,5
7,0,0,10,6
7,0,0,11,5
7,0,0,12,6
7,0,0,13,6
7,0,0,14,6
7,0,0,15,5
7,0,0,16,5
7,0,0,17,7
7,0,0,18,6
7,0,0,19,4
7,0,0,20,4
7,0,0,21,4
7,0,0,22,4
7,0,0,23,3
7,0,0,24,4
7,0,0,25,5
7,0,0,26,5
7,0,0,27,7
7,0,0,28,7
7,0,0,29,7
7,0,0,30,6
7,0,0,31,5
7,0,1,0,6
7,0,1,1,7
7,0,1,2,6
7,0,1,3,7
7,0,1,4,7
7,0,1,5,6
7,0,1,6,6
7,0,1,7,8
7,0,1,8,6
7,0,1,9,6
7,0,1,10,5
7,0,1,11,7
7,0,1,12,7
7,0,1,13,8
7,0,1,14,9
7,0,1,15,5
7,0,1,16,6
7,0,1,17,7
7,0,1,18,5
7,0,1,19,6
7,0,1,20,6
7,0,1,21,4
7,0,1,22,4
7,0,1,23,8
7,0,1,24,8
7,0,1,25,7
7,0,1,26,4
7,0,1,27,5
7,0,1,28,4
7,0,1,29,4
7,0,1,30,5
7,0,1,31,6
7,0,2,0,8
7,0,2,1,8
7,0,2,2,7
7,0,2,3,8
7,0,2,4,6
7,0,2,5,7
7,0,2,6,9
7,0,2,7,8
7,0,2,8,7
7,0,2,9,7
7,0,2,10,8
7,0,2,11,5
7,0,2,12,4
7,0,2,13,5
7,0,2,14,5
7,0,2,15,7
7,0,2,16,7
7,0,2,17,6
7,0,2,18,6
7,0,2,19,4
7,0,2,20,4
7,0,2,21,4
7,0,2,22,3
7,0,2,23,3
7,0,2,24,6
7,0,2,25,6
7,0,2,26,5
7,0,2,27,7
7,0,2,28,7
7,0,2,29,5
7,0,2,30,6
7,0,2,31,6
7,0,3,0,9
7,0,3,1,9
7,0,3,2,7
7,0,3,3,7
7,0,3,4,7
7,0,3,5,7
7,0,3,6,5
7,0,3,7,5
7,0,3,8,8
7,0,3,9,5
7,0,3,10,4
7,0,3,11,8
7,0,3,12,7
7,0,3,13,4
7,0,3,14,5
7,0,3,15,5
7,0,3,16,5
7,0,3,17,6
7,0,3,18,7
7,0,3,19,4
7,0,3,20,5
7,0,3,21,5
7,0,3,22,4
7,0,3,23,4
7,0,3,24,4
7,0,3,25,6
7,0,3,26,8
7,0,3,27,5
7,0,3,28,6
7,0,3,29,6
7,0,3,30,6
7,0,3,31,7
7,0,4,0,7
7,0,4,1,8
7,0,4,2,5
7,0,4,3,5
7,0,4,4,6
7,0,4,5,7
7,0,4,6,7
7,0,4,7,8
7,0,4,8,9
7,0,4,9,10
7,0,4,10,9
7,0,4,11,8
7,0,4,12,7
7,0,4,13,6
7,0,4,14,6
7,0,4,15,6
7,0,4,16,4
7,0,4,17,6
7,0,4,18,5
7,0,4,19,5
7,0,4,20,5
7,0,4,21,7
7,0,4,22,5
7,0,4,23,5
7,0,4,24,5
7,0,4,25,3
7,0,4,26,4
7,0,4,27,4
7,0,4,28,4
7,0,4,29,3
7,0,4,30,6
7,0,4,31,7
7,0,5,0,8
7,0,5,1,6
7,0,5,2,6
7,0,5,3,6
7,0,5,4,6
7,0,5,5,7
7,0,5,6,7
7,0,5,7,6
7,0,5,8,6
7,0,5,9,6
7,0,5,10,5
7,0,5,11,4
7,0,5,12,5
7,0,5,13,4
7,0,5,14,5
7,0,5,15,8
7,0,5,16,4
7,0,5,17,5
7,0,5,18,6
7,0,5,19,5
7,0,5,20,7
7,0,5,21,6
7,0,5,22,5
7,0,5,23,4
7,0,5,24,5
7,0,5,25,6
7,0,5,26,6
7,0,5,27,7
7,0,5,28,5
7,0,5,29,8
7,0,5,30,9
7,0,5,31,6
7,0,6,0,7
7,0,6,1,6
7,0,6,2,9
7,0,6,3,7
7,0,6,4,6
7,0,6,5,7
7,0,6,6,4
7,0,6,7,6
7,0,6,8,7
7,0,6,9,7
7,0,6,10,6
7,0,6,11,9
7,0,6,12,10
7,0,6,13,9
7,0,6,14,6
7,0,6,15,4
7,0,6,16,5
7,0,6,17,8
7,0,6,18,5
7,0,6,19,2
7,0,6,20,5
7,0,6,21,5
7,0,6,22,4
7,0,6,23,4
7,0,6,24,4
7,0,6,25,5
7,0,6,26,4
7,0,6,27,5
7,0,6,28,6
7,0,6,29,6
7,0,6,30,6
7,0,6,31,6
7,0,7,0,7
7,0,7,1,7
7,0,7,2,7
7,0,7,3,7
7,0,7,4,6
7,0,7,5,5
7,0,7,6,6
7,0,7,7,6
7,0,7,8,8
7,0,7,9,7
7,0,7,10,5
7,0,7,11,5
7,0,7,12,4
7,0,7,13,5
7,0,7,14,3
7,0,7,15,2
7,0,7,16,4
7,0,7,17,6
7,0,7,18,7
7,0,7,19,4
7,0,7,20,4
7,0,7,21,7
7,0,7,22,7
7,0,7,23,7
7,0,7,24,7
7,0,7,25,6
7,0,7,26,5
7,0,7,27,8
7,0,7,28,8
7,0,7,29,8
7,0,7,30,8
7,0,7,31,7
8,0,0,0,7
8,0,0,1,7
8,0,0,2,5
8,0,0,3,3
8,0,0,4,3
8,0,0,5,4
8,0,0,6,7
8,0,0,7,5
8,0,0,8,6
8,0,0,9,5
8,0,0,10,8
8,0,0,11,11
8,0,0,12,8
8,0,0,13,7
8,0,0,14,8
8,0,0,15,9
8,0,0,16,7
8,0,0,17,5
8,0,0,18,5
8,0,0,19,4
8,0,0,20,4
8,0,0,21,4
8,0,0,22,5
8,0,0,23,6
8,0,0,24,4
8,0,0,25,5
8,0,0,26,5
8,0,0,27,6
8,0,0,28,4
8,0,0,29,5
8,0,0,30,5
8,0,0,31,7
8,0,1,0,5
8,0,1,1,6
8,0,1,2,5
8,0,1,3,5
8,0,1,4,6
8,0,1,5,5
8,0,1,6,6
8,0,1,7,7
8,0,1,8,6
8,0,1,9,5
8,0,1,10,5
8,0,1,11,5
8,0,1,12,5
8,0,1,13,5
8,0,1,14,5
8,0,1,15,6
8,0,1,16,6
8,0,1,17,6
8,0,1,18,7
8,0,1,19,7
8,0,1,20,6
8,0,1,21,5
8,0,1,22,5
8,0,1,23,6
8,0,1,24,7
8,0,1,25,6
8,0,1,26,6
8,0,1,27,7
8,0,1,28,7
8,0,1,29,6
8,0,1,30,6
8,0,1,31,4
8,0,2,0,4
8,0,2,1,5
8,0,2,2,6
8,0,2,3,6
8,0,2,4,4
8,0,2,5,4
8,0,2,6,6
8,0,2,7,6
8,0,2,8,7
8,0,2,9,7
8,0,2,10,7
8,0,2,11,7
8,0,2,12,5
8,0,2,13,5
8,0,2,14,5
8,0,2,15,5
8,0,2,16,4
8,0,2,17,5
8,0,2,18,5
8,0,2,19,6
8,0,2,20,8
8,0,2,21,8
8,0,2,22,8
8,0,2,23,6
8,0,2,24,5
8,0,2,25,1
8,0,2,26,4
8,0,2,27,4
8,0,2,28,8
8,0,2,29,7
8,0,2,30,4
8,0,2,31,1
8,0,3,0,5
8,0,3,1,5
8,0,3,2,6
8,0,3,3,7
8,0,3,4,7
8,0,3,5,7
8,0,3,6,8
8,0,3,7,7
8,0,3,8,6
8,0,3,9,8
8,0,3,10,5
8,0,3,11,7
8,0,3,12,8
8,0,3,13,8
8,0,3,14,8
8,0,3,15,7
8,0,3,16,7
8,0,3,17,9
8,0,3,18,8
8,0,3,19,7
8,0,3,20,7
8,0,3,21,5
8,0,3,22,4
8,0,3,23,5
8,0,3,24,5
8,0,3,25,4
8,0,3,26,3
8,0,3,27,4
8,0,3,28,4
8,0,3,29,4
8,0,3,30,3
8,0,3,31,4
8,0,4,0,4
8,0,4,1,4
8,0,4,2,7
8,0,4,3,6
8,0,4,4,9
8,0,4,5,5
8,0,4,6,3
8,0,4,7,8
8,0,4,8,6
8,0,4,9,7
8,0,4,10,8
8,0,4,11,6
8,0,4,12,5
8,0,4,13,5
8,0,4,14,8
8,0,4,15,10
8,0,4,16,8
8,0,4,17,6
8,0,4,18,5
8,0,4,19,5
8,0,4,20,6
8,0,4,21,5
8,0,4,22,4
8,0,4,23,5
8,0,4,24,5
8,0,4,25,4
8,0,4,26,4
8,0,4,27,4
8,0,4,28,3
8,0,4,29,4
8,0,4,30,4
8,0,4,31,5
8,0,5,0,5
8,0,5,1,6
8,0,5,2,6
8,0,5,3,6
8,0,5,4,8
8,0,5,5,5
8,0,5,6,6
8,0,5,7,10
8,0,5,8,10
8,0,5,9,10
8,0,5,10,8
8,0,5,11,9
8,0,5,12,8
8,0,5,13,7
8,0,5,14,7
8,0,5,15,4
8,0,5,16,5
8,0,5,17,5
8,0,5,18,5
8,0,5,19,3
8,0,5,20,4
8,0,5,21,4
8,0,5,22,4
8,0,5,23,2
8,0,5,24,1
8,0,5,25,3
8,0,5,26,4
8,0,5,27,5
8,0,5,28,7
8,0,5,29,5
8,0,5,30,7
8,0,5,31,7
8,0,6,0,6
8,0,6,1,7
8,0,6,2,7
8,0,6,3,7
8,0,6,4,4
8,0,6,5,9
8,0,6,6,5
8,0,6,7,7
8,0,6,8,7
8,0,6,9,7
8,0,6,10,8
8,0,6,11,6
8,0,6,12,7
8,0,6,13,5
8,0,6,14,6
8,0,6,15,6
8,0,6,16,3
8,0,6,17,5
8,0,6,18,8
8,0,6,19,5
8,0,6,20,4
8,0,6,21,6
8,0,6,22,6
8,0,6,23,6
8,0,6,24,5
8,0,6,25,4
8,0,6,26,5
8,0,6,27,6
8,0,6,28,6
8,0,6,29,6
8,0,6,30,6
8,0,6,31,6
8,0,7,0,5
8,0,7,1,7
8,0,7,2,6
8,0,7,3,10
8,0,7,4,8
8,0,7,5,4
8,0,7,6,5
8,0,7,7,4
8,0,7,8,5
8,0,7,9,4
8,0,7,10,4
8,0,7,11,6
8,0,7,12,5
8,0,7,13,5
8,0,7,14,5
8,0,7,15,7
8,0,7,16,6
8,0,7,17,9
8,0,7,18,6
8,0,7,19,8
8,0,7,20,6
8,0,7,21,2
8,0,7,22,3
8,0,7,23,7
8,0,7,24,4
8,0,7,25,4
8,0,7,26,6
8,0,7,27,7
8,0,7,28,6
8,0,7,29,7
8,0,7,30,5
8,0,7,31,4
9,0,0,0,6
9,0,0,1,5
9,0,0,2,7
9,0,0,3,6
9,0,0,4,6
9,0,0,5,9
9,0,0,6,10
9,0,0,7,10
9,0,0,8,10
9,0,0,9,6
9,0,0,10,10
9,0,0,11,9
9,0,0,12,5
9,0,0,13,5
9,0,0,14,7
9,0,0,15,7
9,0,0,16,7
9,0,0,17,5
9,0,0,18,5
9,0,0,19,3
9,0,0,20,5
9,0,0,21,4
9,0,0,22,4
9,0,0,23,5
9,0,0,24,5
9,0,0,25,6
9,0,0,26,6
9,0,0,27,3
9,0,0,28,4
9,0,0,29,4
9,0,0,30,3
9,0,0,31,3
9,0,1,0,5
9,0,1,1,4
9,0,1,2,5
9,0,1,3,6
9,0,1,4,7
9,0,1,5,7
9,0,1,6,7
9,0,1,7,5
9,0,1,8,10
9,0,1,9,8
9,0,1,10,6
9,0,1,11,4
9,0,1,12,6
9,0,1,13,8
9,0,1,14,6
9,0,1,15,8
9,0,1,16,8
9,0,1,17,4
9,0,1,18,5
9,0,1,19,6
9,0,1,20,5
9,0,1,21,6
9,0,1,22,4
9,0,1,23,3
9,0,1,24,3
9,0,1,25,6
9,0,1,26,5
9,0,1,27,5
9,0,1,28,7
9,0,1,29,6
9,0,1,30,7
9,0,1,31,7
9,0,2,0,6
9,0,2,1,7
9,0,2,2,8
9,0,2,3,7
9,0,2,4,6
9,0,2,5,6
9,0,2,6,8
9,0,2,7,4
9,0,2,8,5
9,0,2,9,5
9,0,2,10,4
9,0,2,11,6
9,0,2,12,6
9,0,2,13,7
9,0,2,14,7
9,0,2,15,6
9,0,2,16,7
9,0,2,17,6
9,0,2,18,5
9,0,2,19,5
9,0,2,20,5
9,0,2,21,6
9,0,2,22,7
9,0,2,23,7
9,0,2,24,8
9,0,2,25,9
9,0,2,26,5
9,0,2,27,6
9,0,2,28,6
9,0,2,29,5
9,0,2,30,5
9,0,2,31,5
9,0,3,0,4
9,0,3,1,4
9,0,3,2,4
9,0,3,3,4
9,0,3,4,3
9,0,3,5,3
9,0,3,6,5
9,0,3,7,5
9,0,3,8,5
9,0,3,9,6
9,0,3,10,6
9,0,3,11,9
9,0,3,12,9
9,0,3,13,8
9,0,3,14,6
9,0,3,15,7
9,0,3,16,8
9,0,3,17,10
9,0,3,18,7
9,0,3,19,7
9,0,3,20,8
9,0,3,21,6
9,0,3,22,3
9,0,3,23,5
9,0,3,24,7
9,0,3,25,6
9,0,3,26,5
9,0,3,27,4
9,0,3,28,3
9,0,3,29,4
9,0,3,30,8
9,0,3,31,7
9,0,4,0,7
9,0,4,1,8
9,0,4,2,6
9,0,4,3,7
9,0,4,4,6
9,0,4,5,7
9,0,4,6,5
9,0,4,7,6
9,0,4,8,5
9,0,4,9,3
9,0,4,10,5
9,0,4,11,7
9,0,4,12,6
9,0,4,13,5
9,0,4,14,6
9,0,4,15,6
9,0,4,16,5
9,0,4,17,5
9,0,4,18,7
9,0,4,19,6
9,0,4,20,8
9,0,4,21,5
9,0,4,22,5
9,0,4,23,7
9,0,4,24,5
9,0,4,25,4
9,0,4,26,6
9,0,4,27,6
9,0,4,28,5
9,0,4,29,8
9,0,4,30,7
9,0,4,31,5
9,0,5,0,8
9,0,5,1,8
9,0,5,2,7
9,0,5,3,7
9,0,5,4,9
9,0,5,5,8
9,0,5,6,9
9,0,5,7,8
9,0,5,8,8
9,0,5,9,9
9,0,5,10,8
9,0,5,11,9
9,0,5,12,7
9,0,5,13,8
9,0,5,14,7
9,0,5,15,7
9,0,5,16,6
9,0,5,17,7
9,0,5,18,4
9,0,5,19,3
9,0,5,20,1
9,0,5,21,4
9,0,5,22,4
9,0,5,23,2
9,0,5,24,2
9,0,5,25,2
9,0,5,26,3
9,0,5,27,3
9,0,5,28,3
9,0,5,29,4
9,0,5,30,6
9,0,5,31,6
9,0,6,0,5
9,0,6,1,7
9,0,6,2,5
9,0,6,3,5
9,0,6,4,5
9,0,6,5,7
9,0,6,6,4
9,0,6,7,7
9,0,6,8,6
9,0,6,9,4
9,0,6,10,7
9,0,6,11,6
9,0,6,12,9
9,0,6,13,6
9,0,6,14,6
9,0,6,15,3
9,0,6,16,3
9,0,6,17,4
9,0,6,18,3
9,0,6,19,7
9,0,6,20,8
9,0,6,21,5
9,0,6,22,4
9,0,6,23,3
9,0,6,24,4
9,0,6,25,7
9,0,6,26,9
9,0,6,27,8
9,0,6,28,9
9,0,6,29,9
9,0,6,30,8
9,0,6,31,6
9,0,7,0,8
9,0,7,1,5
9,0,7,2,4
9,0,7,3,5
9,0,7,4,4
9,0,7,5,3
9,0,7,6,5
9,0,7,7,4
9,0,7,8,5
9,0,7,9,7
9,0,7,10,8
9,0,7,11,8
9,0,7,12,6
9,0,7,13,5
9,0,7,14,4
9,0,7,15,5
9,0,7,16,4
9,0,7,17,5
9,0,7,18,5
9,0,7,19,6
9,0,7,20,6
9,0,7,21,8
9,0,7,22,8
9,0,7,23,7
9,0,7,24,5
9,0,7,25,6
9,0,7,26,6
9,0,7,27,7
9,0,7,28,5
9,0,7,29,6
9,0,7,30,8
9,0,7,31,9
10,0,0,0,5
10,0,0,1,6
10,0,0,2,7
10,0,0,3,8
10,0,0,4,5
10,0,0,5,7
10,0,0,6,5
10,0,0,7,6
10,0,0,8,4
10,0,0,9,5
10,0,0,10,8
10,0,0,11,7
10,0,0,12,7
10,0,0,13,3
10,0,0,14,5
10,0,0,15,3
10,0,0,16,7
10,0,0,17,5
10,0,0,18,4
10,0,0,19,3
10,0,0,20,2
10,0,0,21,5
10,0,0,22,5
10,0,0,23,4
10,0,0,24,6
10,0,0,25,4
10,0,0,26,8
10,0,0,27,4
10,0,0,28,5
10,0,0,29,5
10,0,0,30,7
10,0,0,31,5
10,0,1,0,8
10,0,1,1,5
10,0,1,2,6
10,0,1,3,7
10,0,1,4,7
10,0,1,5,4
10,0,1,6,7
10,0,1,7,3
10,0,1,8,4
10,0,1,9,7
10,0,1,10,5
10,0,1,11,5
10,0,1,12,5
10,0,1,13,4
10,0,1,14,5
10,0,1,15,2
10,0,1,16,4
10,0,1,17,5
10,0,1,18,6
10,0,1,19,6
10,0,1,20,4
10,0,1,21,5
10,0,1,22,7
10,0,1,23,8
10,0,1,24,4
10,0,1,25,4
10,0,1,26,7
10,0,1,27,7
10,0,1,28,6
10,0,1,29,6
10,0,1,30,6
10,0,1,31,5
10,0,2,0,9
10,0,2,1,8
10,0,2,2,7
10,0,2,3,8
10,0,2,4,5
10,0,2,5,6
10,0,2,6,6
10,0,2,7,6
10,0,2,8,4
10,0,2,9,5
10,0,2,10,4
10,0,2,11,3
10,0,2,12,3
10,0,2,13,2
10,0,2,14,2
10,0,2,15,5
10,0,2,16,5
10,0,2,17,4
10,0,2,18,4
10,0,2,19,5
10,0,2,20,4
10,0,2,21,7
10,0,2,22,7
10,0,2,23,9
10,0,2,24,8
10,0,2,25,7
10,0,2,26,6
10,0,2,27,7
10,0,2,28,6
10,0,2,29,6
10,0,2,30,8
10,0,2,31,7
10,0,3,0,7
10,0,3,1,6
10,0,3,2,8
10,0,3,3,8
10,0,3,4,6
10,0,3,5,6
10,0,3,6,7
10,0,3,7,7
10,0,3,8,6
10,0,3,9,6
10,0,3,10,8
10,0,3,11,5
10,0,3,12,6
10,0,3,13,5
10,0,3,14,4
10,0,3,15,5
10,0,3,16,7
10,0,3,17,6
10,0,3,18,5
10,0,3,19,4
10,0,3,20,3
10,0,3,21,5
10,0,3,22,3
10,0,3,23,4
10,0,3,24,5
10,0,3,25,7
10,0,3,26,6
10,0,3,27,6
10,0,3,28,7
10,0,3,29,8
10,0,3,30,4
10,0,3,31,5
10,0,4,0,7
10,0,4,1,5
10,0,4,2,5
10,0,4,3,6
10,0,4,4,6
10,0,4,5,7
10,0,4,6,6
10,0,4,7,5
10,0,4,8,5
10,0,4,9,6
10,0,4,10,4
10,0,4,11,5
10,0,4,12,4
10,0,4,13,6
10,0,4,14,4
10,0,4,15,6
10,0,4,16,4
10,0,4,17,6
10,0,4,18,5
10,0,4,19,4
10,0,4,20,6
10,0,4,21,5
10,0,4,22,7
10,0,4,23,6
10,0,4,24,6
10,0,4,25,8
10,0,4,26,6
10,0,4,27,8
10,0,4,28,5
10,0,4,29,7
10,0,4,30,7
10,0,4,31,5
10,0,5,0,5
10,0,5,1,3
10,0,5,2,4
10,0,5,3,4
10,0,5,4,8
10,0,5,5,11
10,0,5,6,7
10,0,5,7,7
10,0,5,8,8
10,0,5,9,9
10,0,5,10,8
10,0,5,11,8
10,0,5,12,11
10,0,5,13,8
10,0,5,14,10
10,0,5,15,7
10,0,5,16,6
10,0,5,17,5
10,0,5,18,5
10,0,5,19,4
10,0,5,20,6
10,0,5,21,5
10,0,5,22,4
10,0,5,23,4
10,0,5,24,4
10,0,5,25,3
10,0,5,26,4
10,0,5,27,3
10,0,5,28,3
10,0,5,29,4
10,0,5,30,3
10,0,5,31,4
10,0,6,0,5
10,0,6,1,7
10,0,6,2,7
10,0,6,3,6
10,0,6,4,6
10,0,6,5,8
10,0,6,6,8
10,0,6,7,8
10,0,6,8,7
10,0,6,9,9
10,0,6,10,8
10,0,6,11,7
10,0,6,12,7
10,0,6,13,8
10,0,6,14,7
10,0,6,15,7
10,0,6,16,7
10,0,6,17,5
10,0,6,18,5
10,0,6,19,5
10,0,6,20,3
10,0,6,21,5
10,0,6,22,4
10,0,6,23,3
10,0,6,24,4
10,0,6,25,4
10,0,6,26,3
10,0,6,27,5
10,0,6,28,6
10,0,6,29,3
10,0,6,30,4
10,0,6,31,5
10,0,7,0,5
10,0,7,1,6
10,0,7,2,5
10,0,7,3,4
10,0,7,4,3
10,0,7,5,6
10,0,7,6,8
10,0,7,7,6
10,0,7,8,6
10,0,7,9,6
10,0,7,10,5
10,0,7,11,6
10,0,7,12,6
10,0,7,13,6
10,0,7,14,4
10,0,7,15,4
10,0,7,16,6
10,0,7,17,6
10,0,7,18,4
10,0,7,19,5
10,0,7,20,6
10,0,7,21,5
10,0,7,22,4
10,0,7,23,4
10,0,7,24,6
10,0,7,25,9
10,0,7,26,7
10,0,7,27,6
10,0,7,28,5
10,0,7,29,4
10,0,7,30,5
10,0,7,31,8
11,0,0,0,6
11,0,0,1,5
11,0,0,2,5
11,0,0,3,7
11,0,0,4,6
11,0,0,5,5
11,0,0,6,4
11,0,0,7,6
11,0,0,8,5
11,0,0,9,5
11,0,0,10,7
11,0,0,11,5
11,0,0,12,6
11,0,0,13,5
11,0,0,14,7
11,0,0,15,5
11,0,0,16,7
11,0,0,17,6
11,0,0,18,6
11,0,0,19,6
11,0,0,20,9
11,0,0,21,7
11,0,0,22,7
11,0,0,23,7
11,0,0,24,4
11,0,0,25,7
11,0,0,26,9
11,0,0,27,7
11,0,0,28,3
11,0,0,29,4
11,0,0,30,7
11,0,0,31,6
11,0,1,0,6
11,0,1,1,6
11,0,1,2,7
11,0,1,3,6
11,0,1,4,7
11,0,1,5,6
11,0,1,6,4
11,0,1,7,5
11,0,1,8,5
11,0,1,9,8
11,0,1,10,3
11,0,1,11,5
11,0,1,12,9
11,0,1,13,10
11,0,1,14,5
11,0,1,15,4
11,0,1,16,8
11,0,1,17,9
11,0,1,18,6
11,0,1,19,4
11,0,1,20,5
11,0,1,21,6
11,0,1,22,4
11,0,1,23,6
11,0,1,24,6
11,0,1,25,5
11,0,1,26,5
11,0,1,27,6
11,0,1,28,5
11,0,1,29,3
11,0,1,30,3
11,0,1,31,4
11,0,2,0,7
11,0,2,1,4
11,0,2,2,5
11,0,2,3,6
11,0,2,4,7
11,0,2,5,8
11,0,2,6,8
11,0,2,7,8
11,0,2,8,7
11,0,2,9,8
11,0,2,10,5
11,0,2,11,6
11,0,2,12,6
11,0,2,13,8
11,0,2,14,7
11,0,2,15,7
11,0,2,16,6
11,0,2,17,7
11,0,2,18,5
11,0,2,19,7
11,0,2,20,4
11,0,2,21,5
11,0,2,22,6
11,0,2,23,7
11,0,2,24,5
11,0,2,25,4
11,0,2,26,3
11,0,2,27,4
11,0,2,28,5
11,0,2,29,3
11,0,2,30,3
11,0,2,31,5
11,0,3,0,5
11,0,3,1,6
11,0,3,2,6
11,0,3,3,6
11,0,3,4,8
11,0,3,5,6
11,0,3,6,5
11,0,3,7,7
11,0,3,8,6
11,0,3,9,6
11,0,3,10,7
11,0,3,11,6
11,0,3,12,6
11,0,3,13,4
11,0,3,14,6
11,0,3,15,8
11,0,3,16,6
11,0,3,17,5
11,0,3,18,6
11,0,3,19,5
11,0,3,20,6
11,0,3,21,7
11,0,3,22,6
11,0,3,23,5
11,0,3,24,3
11,0,3,25,5
11,0,3,26,7
11,0,3,27,6
11,0,3,28,6
11,0,3,29,2
11,0,3,30,2
11,0,3,31,4
11,0,4,0,5
11,0,4,1,7
11,0,4,2,7
11,0,4,3,6
11,0,4,4,5
11,0,4,5,8
11,0,4,6,5
11,0,4,7,5
11,0,4,8,6
11,0,4,9,4
11,0,4,10,5
11,0,4,11,5
11,0,4,12,6
11,0,4,13,6
11,0,4,14,4
11,0,4,15,3
11,0,4,16,5
11,0,4,17,6
11,0,4,18,6
11,0,4,19,5
11,0,4,20,2
11,0,4,21,5
11,0,4,22,3
11,0,4,23,7
11,0,4,24,9
11,0,4,25,5
11,0,4,26,5
11,0,4,27,8
11,0,4,28,6
11,0,4,29,6
11,0,4,30,6
11,0,4,31,4
11,0,5,0,7
11,0,5,1,4
11,0,5,2,5
11,0,5,3,7
11,0,5,4,6
11,0,5,5,6
11,0,5,6,7
11,0,5,7,5
11,0,5,8,3
11,0,5,9,5
11,0,5,10,5
11,0,5,11,8
11,0,5,12,7
11,0,5,13,8
11,0,5,14,7
11,0,5,15,5
11,0,5,16,5
11,0,5,17,4
11,0,5,18,7
11,0,5,19,7
11,0,5,20,3
11,0,5,21,6
11,0,5,22,5
11,0,5,23,3
11,0,5,24,5
11,0,5,25,7
11,0,5,26,5
11,0,5,27,4
11,0,5,28,8
11,0,5,29,6
11,0,5,30,5
11,0,5,31,6
11,0,6,0,4
11,0,6,1,6
11,0,6,2,5
11,0,6,3,9
11,0,6,4,7
11,0,6,5,6
11,0,6,6,7
11,0,6,7,6
11,0,6,8,6
11,0,6,9,6
11,0,6,10,7
11,0,6,11,6
11,0,6,12,7
11,0,6,13,5
11,0,6,14,4
11,0,6,15,5
11,0,6,16,5
11,0,6,17,5
11,0,6,18,5
11,0,6,19,5
11,0,6,20,4
11,0,6,21,5
11,0,6,22,6
11,0,6,23,6
11,0,6,24,5
11,0,6,25,6
11,0,6,26,4
11,0,6,27,7
11,0,6,28,6
11,0,6,29,5
11,0,6,30,8
11,0,6,31,7
11,0,7,0,5
11,0,7,1,5
11,0,7,2,5
11,0,7,3,7
11,0,7,4,4
11,0,7,5,5
11,0,7,6,4
11,0,7,7,5
11,0,7,8,5
11,0,7,9,5
11,0,7,10,6
11,0,7,11,7
11,0,7,12,8
11,0,7,13,7
11,0,7,14,5
11,0,7,15,7
11,0,7,16,7
11,0,7,17,5
11,0,7,18,7
11,0,7,19,5
11,0,7,20,4
11,0,7,21,5
11,0,7,22,6
11,0,7,23,4
11,0,7,24,4
11,0,7,25,8
11,0,7,26,8
11,0,7,27,8
11,0,7,28,6
11,0,7,29,5
11,0,7,30,6
11,0,7,31,6
12,0,0,0,7
12,0,0,1,7
12,0,0,2,7
12,0,0,3,6
12,0,0,4,3
12,0,0,5,6
12,0,0,6,4
12,0,0,7,6
12,0,0,8,6
12,0,0,9,8
12,0,0,10,8
12,0,0,11,5
12,0,0,12,6
12,0,0,13,6
12,0,0,14,5
12,0,0,15,7
12,0,0,16,6
12,0,0,17,6
12,0,0,18,6
12,0,0,19,4
12,0,0,20,6
12,0,0,21,7
12,0,0,22,5
12,0,0,23,6
12,0,0,24,6
12,0,0,25,6
12,0,0,26,6
12,0,0,27,6
12,0,0,28,5
12,0,0,29,5
12,0,0,30,6
12,0,0,31,7
12,0,1,0,4
12,0,1,1,5
12,0,1,2,6
12,0,1,3,6
12,0,1,4,7
12,0,1,5,6
12,0,1,6,6
12,0,1,7,7
12,0,1,8,7
12,0,1,9,7
12,0,1,10,7
12,0,1,11,7
12,0,1,12,4
12,0,1,13,5
12,0,1,14,7
12,0,1,15,7
12,0,1,16,6
12,0,1,17,4
12,0,1,18,5
12,0,1,19,4
12,0,1,20,6
12,0,1,21,7
12,0,1,22,6
12,0,1,23,7
12,0,1,24,7
12,0,1,25,6
12,0,1,26,6
12,0,1,27,4
12,0,1,28,4
12,0,1,29,4
12,0,1,30,6
12,0,1,31,4
12,0,2,0,6
12,0,2,1,7
12,0,2,2,8
12,0,2,3,7
12,0,2,4,7
12,0,2,5,7
12,0,2,6,7
12,0,2,7,7
12,0,2,8,6
12,0,2,9,3
12,0,2,10,4
12,0,2,11,4
12,0,2,12,4
12,0,2,13,7
12,0,2,14,4
12,0,2,15,3
12,0,2,16,5
12,0,2,17,6
12,0,2,18,6
12,0,2,19,3
12,0,2,20,4
12,0,2,21,5
12,0,2,22,7
12,0,2,23,6
12,0,2,24,7
12,0,2,25,9
12,0,2,26,6
12,0,2,27,6
12,0,2,28,6
12,0,2,29,7
12,0,2,30,7
12,0,2,31,7
12,0,3,0,6
12,0,3,1,8
12,0,3,2,8
12,0,3,3,7
12,0,3,4,6
12,0,3,5,6
12,0,3,6,7
12,0,3,7,7
12,0,3,8,8
12,0,3,9,5
12,0,3,10,6
12,0,3,11,9
12,0,3,12,6
12,0,3,13,8
12,0,3,14,7
12,0,3,15,6
12,0,3,16,7
12,0,3,17,6
12,0,3,18,5
12,0,3,19,5
12,0,3,20,4
12,0,3,21,5
12,0,3,22,4
12,0,3,23,4
12,0,3,24,4
12,0,3,25,6
12,0,3,26,5
12,0,3,27,2
12,0,3,28,3
12,0,3,29,6
12,0,3,30,6
12,0,3,31,5
12,0,4,0,8
12,0,4,1,9
12,0,4,2,10
12,0,4,3,9
12,0,4,4,7
12,0,4,5,6
12,0,4,6,8
12,0,4,7,4
12,0,4,8,5
12,0,4,9,4
12,0,4,10,3
12,0,4,11,3
12,0,4,12,5
12,0,4,13,3
12,0,4,14,5
12,0,4,15,6
12,0,4,16,5
12,0,4,17,5
12,0,4,18,4
12,0,4,19,6
12,0,4,20,6
12,0,4,21,6
12,0,4,22,5
12,0,4,23,7
12,0,4,24,7
12,0,4,25,7
12,0,4,26,7
12,0,4,27,7
12,0,4,28,5
12,0,4,29,5
12,0,4,30,5
12,0,4,31,7
12,0,5,0,6
12,0,5,1,5
12,0,5,2,7
12,0,5,3,7
12,0,5,4,5
12,0,5,5,5
12,0,5,6,4
12,0,5,7,3
12,0,5,8,6
12,0,5,9,4
12,0,5,10,3
12,0,5,11,5
12,0,5,12,6
12,0,5,13,6
12,0,5,14,6
12,0,5,15,6
12,0,5,16,7
12,0,5,17,7
12,0,5,18,7
12,0,5,19,7
12,0,5,20,6
12,0,5,21,6
12,0,5,22,6
12,0,5,23,5
12,0,5,24,5
12,0,5,25,7
12,0,5,26,7
12,0,5,27,7
12,0,5,28,6
12,0,5,29,4
12,0,5,30,7
12,0,5,31,9
12,0,6,0,4
12,0,6,1,6
12,0,6,2,5
12,0,6,3,6
12,0,6,4,6
12,0,6,5,7
12,0,6,6,8
12,0,6,7,6
12,0,6,8,6
12,0,6,9,5
12,0,6,10,4
12,0,6,11,5
12,0,6,12,7
12,0,6,13,9
12,0,6,14,7
12,0,6,15,8
12,0,6,16,7
12,0,6,17,5
12,0,6,18,5
12,0,6,19,7
12,0,6,20,7
12,0,6,21,5
12,0,6,22,4
12,0,6,23,6
12,0,6,24,4
12,0,6,25,6
12,0,6,26,7
12,0,6,27,5
12,0,6,28,4
12,0,6,29,6
12,0,6,30,5
12,0,6,31,4
12,0,7,0,5
12,0,7,1,3
12,0,7,2,6
12,0,7,3,5
12,0,7,4,5
12,0,7,5,4
12,0,7,6,6
12,0,7,7,6
12,0,7,8,4
12,0,7,9,6
12,0,7,10,7
12,0,7,11,6
12,0,7,12,5
12,0,7,13,5
12,0,7,14,5
12,0,7,15,6
12,0,7,16,5
12,0,7,17,7
12,0,7,18,7
12,0,7,19,6
12,0,7,20,6
12,0,7,21,6
12,0,7,22,8
12,0,7,23,7
12,0,7,24,8
12,0,7,25,6
12,0,7,26,7
12,0,7,27,7
12,0,7,28,6
12,0,7,29,7
12,0,7,30,6
12,0,7,31,6
13,0,0,0,4
13,0,0,1,6
13,0,0,2,7
13,0,0,3,7
13,0,0,4,5
13,0,0,5,6
13,0,0,6,9
13,0,0,7,6
13,0,0,8,7
13,0,0,9,6
13,0,0,10,5
13,0,0,11,7
13,0,0,12,8
13,0,0,13,7
13,0,0,14,7
13,0,0,15,5
13,0,0,16,5
13,0,0,17,7
13,0,0,18,4
13,0,0,19,5
13,0,0,20,4
13,0,0,21,4
13,0,0,22,4
13,0,0,23,4
13,0,0,24,6
13,0,0,25,5
13,0,0,26,4
13,0,0,27,3
13,0,0,28,3
13,0,0,29,4
13,0,0,30,4
13,0,0,31,6
13,0,1,0,7
13,0,1,1,7
13,0,1,2,6
13,0,1,3,4
13,0,1,4,5
13,0,1,5,3
13,0,1,6,6
13,0,1,7,6
13,0,1,8,6
13,0,1,9,6
13,0,1,10,5
13,0,1,11,6
13,0,1,12,5
13,0,1,13,5
13,0,1,14,5
13,0,1,15,5
13,0,1,16,4
13,0,1,17,4
13,0,1,18,5
13,0,1,19,4
13,0,1,20,6
13,0,1,21,5
13,0,1,22,4
13,0,1,23,6
13,0,1,24,9
13,0,1,25,9
13,0,1,26,7
13,0,1,27,6
13,0,1,28,7
13,0,1,29,8
13,0,1,30,4
13,0,1,31,7
13,0,2,0,4
13,0,2,1,5
13,0,2,2,5
13,0,2,3,7
13,0,2,4,5
13,0,2,5,6
13,0,2,6,8
13,0,2,7,5
13,0,2,8,3
13,0,2,9,3
13,0,2,10,6
13,0,2,11,5
13,0,2,12,4
13,0,2,13,4
13,0,2,14,3
13,0,2,15,6
13,0,2,16,3
13,0,2,17,2
13,0,2,18,6
13,0,2,19,6
13,0,2,20,6
13,0,2,21,10
13,0,2,22,8
13,0,2,23,6
13,0,2,24,7
13,0,2,25,6
13,0,2,26,5
13,0,2,27,7
13,0,2,28,7
13,0,2,29,7
13,0,2,30,10
13,0,2,31,7
13,0,3,0,4
13,0,3,1,6
13,0,3,2,5
13,0,3,3,5
13,0,3,4,6
13,0,3,5,5
13,0,3,6,5
13,0,3,7,7
13,0,3,8,6
13,0,3,9,4
13,0,3,10,7
13,0,3,11,7
13,0,3,12,6
13,0,3,13,6
13,0,3,14,5
13,0,3,15,4
13,0,3,16,6
13,0,3,17,5
13,0,3,18,5
13,0,3,19,7
13,0,3,20,7
13,0,3,21,6
13,0,3,22,5
13,0,3,23,6
13,0,3,24,5
13,0,3,25,6
13,0,3,26,6
13,0,3,27,7
13,0,3,28,6
13,0,3,29,6
13,0,3,30,5
13,0,3,31,4
13,0,4,0,9
13,0,4,1,9
13,0,4,2,11
13,0,4,3,5
13,0,4,4,4
13,0,4,5,4
13,0,4,6,3
13,0,4,7,6
13,0,4,8,5
13,0,4,9,3
13,0,4,10,3
13,0,4,11,7
13,0,4,12,4
13,0,4,13,4
13,0,4,14,3
13,0,4,15,6
13,0,4,16,6
13,0,4,17,3
13,0,4,18,4
13,0,4,19,3
13,0,4,20,2
13,0,4,21,8
13,0,4,22,9
13,0,4,23,6
13,0,4,24,6
13,0,4,25,6
13,0,4,26,8
13,0,4,27,10
13,0,4,28,8
13,0,4,29,7
13,0,4,30,4
13,0,4,31,7
13,0,5,0,5
13,0,5,1,7
13,0,5,2,8
13,0,5,3,5
13,0,5,4,6
13,0,5,5,5
13,0,5,6,6
13,0,5,7,7
13,0,5,8,6
13,0,5,9,9
13,0,5,10,7
13,0,5,11,6
13,0,5,12,6
13,0,5,13,7
13,0,5,14,4
13,0,5,15,6
13,0,5,16,8
13,0,5,17,5
13,0,5,18,7
13,0,5,19,8
13,0,5,20,6
13,0,5,21,5
13,0,5,22,5
13,0,5,23,6
13,0,5,24,4
13,0,5,25,5
13,0,5,26,4
13,0,5,27,4
13,0,5,28,3
13,0,5,29,6
13,0,5,30,5
13,0,5,31,5
13,0,6,0,5
13,0,6,1,5
13,0,6,2,4
13,0,6,3,4
13,0,6,4,6
13,0,6,5,4
13,0,6,6,5
13,0,6,7,6
13,0,6,8,6
13,0,6,9,7
13,0,6,10,7
13,0,6,11,6
13,0,6,12,6
13,0,6,13,4
13,0,6,14,5
13,0,6,15,5
13,0,6,16,5
13,0,6,17,6
13,0,6,18,5
13,0,6,19,6
13,0,6,20,7
13,0,6,21,6
13,0,6,22,7
13,0,6,23,5
13,0,6,24,2
13,0,6,25,4
13,0,6,26,5
13,0,6,27,4
13,0,6,28,5
13,0,6,29,4
13,0,6,30,7
13,0,6,31,6
13,0,7,0,6
13,0,7,1,5
13,0,7,2,8
13,0,7,3,9
13,0,7,4,7
13,0,7,5,8
13,0,7,6,5
13,0,7,7,5
13,0,7,8,4
13,0,7,9,5
13,0,7,10,8
13,0,7,11,6
13,0,7,12,5
13,0,7,13,5
13,0,7,14,6
13,0,7,15,5
13,0,7,16,7
13,0,7,17,5
13,0,7,18,5
13,0,7,19,5
13,0,7,20,5
13,0,7,21,5
13,0,7,22,5
13,0,7,23,3
13,0,7,24,6
13,0,7,25,6
13,0,7,26,8
13,0,7,27,7
13,0,7,28,4
13,0,7,29,5
13,0,7,30,5
13,0,7,31,6
14,0,0,0,7
14,0,0,1,6
14,0,0,2,7
14,0,0,3,7
14,0,0,4,4
14,0,0,5,5
14,0,0,6,6
14,0,0,7,8
14,0,0,8,7
14,0,0,9,9
14,0,0,10,9
14,0,0,11,5
14,0,0,12,5
14,0,0,13,5
14,0,0,14,5
14,0,0,15,4
14,0,0,16,4
14,0,0,17,6
14,0,0,18,6
14,0,0,19,4
14,0,0,20,4
14,0,0,21,4
14,0,0,22,4
14,0,0,23,5
14,0,0,24,7
14,0,0,25,8
14,0,0,26,4
14,0,0,27,4
14,0,0,28,4
14,0,0,29,4
14,0,0,30,5
14,0,0,31,6
14,0,1,0,5
14,0,1,1,6
14,0,1,2,6
14,0,1,3,6
14,0,1,4,6
14,0,1,5,7
14,0,1,6,7
14,0,1,7,6
14,0,1,8,6
14,0,1,9,7
14,0,1,10,7
14,0,1,11,7
14,0,1,12,4
14,0,1,13,5
14,0,1,14,6
14,0,1,15,6
14,0,1,16,4
14,0,1,17,4
14,0,1,18,5
14,0,1,19,5
14,0,1,20,4
14,0,1,21,5
14,0,1,22,5
14,0,1,23,7
14,0,1,24,7
14,0,1,25,6
14,0,1,26,5
14,0,1,27,7
14,0,1,28,6
14,0,1,29,5
14,0,1,30,6
14,0,1,31,5
14,0,2,0,7
14,0,2,1,6
14,0,2,2,5
14,0,2,3,4
14,0,2,4,4
14,0,2,5,4
14,0,2,6,6
14,0,2,7,8
14,0,2,8,10
14,0,2,9,7
14,0,2,10,7
14,0,2,11,8
14,0,2,12,6
14,0,2,13,6
14,0,2,14,9
14,0,2,15,9
14,0,2,16,7
14,0,2,17,6
14,0,2,18,5
14,0,2,19,6
14,0,2,20,6
14,0,2,21,4
14,0,2,22,5
14,0,2,23,5
14,0,2,24,5
14,0,2,25,6
14,0,2,26,2
14,0,2,27,3
14,0,2,28,4
14,0,2,29,4
14,0,2,30,4
14,0,2,31,6
14,0,3,0,7
14,0,3,1,5
14,0,3,2,6
14,0,3,3,4
14,0,3,4,7
14,0,3,5,7
14,0,3,6,8
14,0,3,7,7
14,0,3,8,6
14,0,3,9,5
14,0,3,10,5
14,0,3,11,3
14,0,3,12,5
14,0,3,13,5
14,0,3,14,4
14,0,3,15,3
14,0,3,16,5
14,0,3,17,5
14,0,3,18,5
14,0,3,19,5
14,0,3,20,6
14,0,3,21,7
14,0,3,22,6
14,0,3,23,5
14,0,3,24,8
14,0,3,25,7
14,0,3,26,7
14,0,3,27,6
14,0,3,28,6
14,0,3,29,7
14,0,3,30,5
14,0,3,31,6
14,0,4,0,4
14,0,4,1,6
14,0,4,2,6
14,0,4,3,7
14,0,4,4,8
14,0,4,5,7
14,0,4,6,5
14,0,4,7,5
14,0,4,8,7
14,0,4,9,5
14,0,4,10,4
14,0,4,11,4
14,0,4,12,5
14,0,4,13,4
14,0,4,14,7
14,0,4,15,6
14,0,4,16,3
14,0,4,17,4
14,0,4,18,1
14,0,4,19,3
14,0,4,20,7
14,0,4,21,8
14,0,4,22,6
14,0,4,23,6
14,0,4,24,6
14,0,4,25,6
14,0,4,26,6
14,0,4,27,6
14,0,4,28,8
14,0,4,29,6
14,0,4,30,6
14,0,4,31,8
14,0,5,0,5
14,0,5,1,4
14,0,5,2,6
14,0,5,3,9
14,0,5,4,7
14,0,5,5,8
14,0,5,6,4
14,0,5,7,4
14,0,5,8,4
14,0,5,9,7
14,0,5,10,4
14,0,5,11,4
14,0,5,12,6
14,0,5,13,8
14,0,5,14,8
14,0,5,15,5
14,0,5,16,6
14,0,5,17,4
14,0,5,18,5
14,0,5,19,4
14,0,5,20,4
14,0,5,21,5
14,0,5,22,6
14,0,5,23,6
14,0,5,24,4
14,0,5,25,6
14,0,5,26,6
14,0,5,27,8
14,0,5,28,8
14,0,5,29,9
14,0,5,30,5
14,0,5,31,5
14,0,6,0,5
14,0,6,1,4
14,0,6,2,5
14,0,6,3,5
14,0,6,4,6
14,0,6,5,6
14,0,6,6,6
14,0,6,7,6
14,0,6,8,7
14,0,6,9,10
14,0,6,10,9
14,0,6,11,6
14,0,6,12,7
14,0,6,13,7
14,0,6,14,7
14,0,6,15,9
14,0,6,16,7
14,0,6,17,8
14,0,6,18,7
14,0,6,19,6
14,0,6,20,5
14,0,6,21,5
14,0,6,22,6
14,0,6,23,7
14,0,6,24,6
14,0,6,25,5
14,0,6,26,5
14,0,6,27,3
14,0,6,28,4
14,0,6,29,6
14,0,6,30,3
14,0,6,31,3
14,0,7,0,7
14,0,7,1,6
14,0,7,2,8
14,0,7,3,5
14,0,7,4,6
14,0,7,5,6
14,0,7,6,7
14,0,7,7,7
14,0,7,8,5
14,0,7,9,3
14,0,7,10,8
14,0,7,11,2
14,0,7,12,2
14,0,7,13,3
14,0,7,14,3
14,0,7,15,4
14,0,7,16,6
14,0,7,17,5
14,0,7,18,4
14,0,7,19,5
14,0,7,20,6
14,0,7,21,5
14,0,7,22,6
14,0,7,23,2
14,0,7,24,4
14,0,7,25,9
14,0,7,26,7
14,0,7,27,7
14,0,7,28,10
14,0,7,29,8
14,0,7,30,8
14,0,7,31,5
15,0,0,0,5
15,0,0,1,5
15,0,0,2,5
15,0,0,3,6
15,0,0,4,8
15,0,0,5,7
15,0,0,6,4
15,0,0,7,6
15,0,0,8,8
15,0,0,9,7
15,0,0,10,8
15,0,0,11,5
15,0,0,12,4
15,0,0,13,4
15,0,0,14,6
15,0,0,15,8
15,0,0,16,6
15,0,0,17,6
15,0,0,18,2
15,0,0,19,7
15,0,0,20,5
15,0,0,21,3
15,0,0,22,7
15,0,0,23,8
15,0,0,24,7
15,0,0,25,5
15,0,0,26,4
15,0,0,27,5
15,0,0,28,4
15,0,0,29,4
15,0,0,30,5
15,0,0,31,4
15,0,1,0,5
15,0,1,1,4
15,0,1,2,6
15,0,1,3,7
15,0,1,4,6
15,0,1,5,7
15,0,1,6,4
15,0,1,7,6
15,0,1,8,9
15,0,1,9,7
15,0,1,10,2
15,0,1,11,3
15,0,1,12,5
15,0,1,13,6
15,0,1,14,5
15,0,1,15,6
15,0,1,16,6
15,0,1,17,6
15,0,1,18,4
15,0,1,19,5
15,0,1,20,6
15,0,1,21,4
15,0,1,22,6
15,0,1,23,6
15,0,1,24,7
15,0,1,25,4
15,0,1,26,7
15,0,1,27,7
15,0,1,28,7
15,0,1,29,6
15,0,1,30,6
15,0,1,31,7
15,0,2,0,5
15,0,2,1,4
15,0,2,2,6
15,0,2,3,4
15,0,2,4,4
15,0,2,5,4
15,0,2,6,4
15,0,2,7,2
15,0,2,8,4
15,0,2,9,6
15,0,2,10,5
15,0,2,11,5
15,0,2,12,4
15,0,2,13,5
15,0,2,14,6
15,0,2,15,6
15,0,2,16,6
15,0,2,17,8
15,0,2,18,5
15,0,2,19,8
15,0,2,20,8
15,0,2,21,8
15,0,2,22,8
15,0,2,23,7
15,0,2,24,6
15,0,2,25,7
15,0,2,26,7
15,0,2,27,6
15,0,2,28,6
15,0,2,29,8
15,0,2,30,6
15,0,2,31,6
15,0,3,0,5
15,0,3,1,5
15,0,3,2,6
15,0,3,3,6
15,0,3,4,7
15,0,3,5,5
15,0,3,6,7
15,0,3,7,6
15,0,3,8,6
15,0,3,9,7
15,0,3,10,7
15,0,3,11,8
15,0,3,12,7
15,0,3,13,6
15,0,3,14,6
15,0,3,15,6
15,0,3,16,5
15,0,3,17,4
15,0,3,18,5
15,0,3,19,7
15,0,3,20,5
15,0,3,21,6
15,0,3,22,6
15,0,3,23,5
15,0,3,24,7
15,0,3,25,5
15,0,3,26,7
15,0,3,27,6
15,0,3,28,6
15,0,3,29,7
15,0,3,30,6
15,0,3,31,4
15,0,4,0,6
15,0,4,1,4
15,0,4,2,5
15,0,4,3,5
15,0,4,4,5
15,0,4,5,9
15,0,4,6,6
15,0,4,7,9
15,0,4,8,5
15,0,4,9,7
15,0,4,10,6
15,0,4,11,6
15,0,4,12,7
15,0,4,13,6
15,0,4,14,7
15,0,4,15,6
15,0,4,16,4
15,0,4,17,6
15,0,4,18,7
15,0,4,19,5
15,0,4,20,4
15,0,4,21,5
15,0,4,22,7
15,0,4,23,7
15,0,4,24,5
15,0,4,25,4
15,0,4,26,4
15,0,4,27,8
15,0,4,28,6
15,0,4,29,6
15,0,4,30,5
15,0,4,31,6
15,0,5,0,7
15,0,5,1,5
15,0,5,2,7
15,0,5,3,7
15,0,5,4,5
15,0,5,5,6
15,0,5,6,5
15,0,5,7,5
15,0,5,8,5
15,0,5,9,6
15,0,5,10,7
15,0,5,11,4
15,0,5,12,7
15,0,5,13,6
15,0,5,14,7
15,0,5,15,6
15,0,5,16,5
15,0,5,17,3
15,0,5,18,5
15,0,5,19,6
15,0,5,20,5
15,0,5,21,6
15,0,5,22,6
15,0,5,23,6
15,0,5,24,8
15,0,5,25,6
15,0,5,26,6
15,0,5,27,7
15,0,5,28,6
15,0,5,29,6
15,0,5,30,5
15,0,5,31,6
15,0,6,0,7
15,0,6,1,6
15,0,6,2,5
15,0,6,3,4
15,0,6,4,8
15,0,6,5,7
15,0,6,6,6
15,0,6,7,7
15,0,6,8,8
15,0,6,9,7
15,0,6,10,7
15,0,6,11,8
15,0,6,12,5
15,0,6,13,8
15,0,6,14,5
15,0,6,15,5
15,0,6,16,5
15,0,6,17,6
15,0,6,18,6
15,0,6,19,6
15,0,6,20,3
15,0,6,21,4
15,0,6,22,3
15,0,6,23,3
15,0,6,24,4
15,0,6,25,6
15,0,6,26,5
15,0,6,27,5
15,0,6,28,4
15,0,6,29,5
15,0,6,30,6
15,0,6,31,7
15,0,7,0,5
15,0,7,1,4
15,0,7,2,5
15,0,7,3,7
15,0,7,4,6
15,0,7,5,7
15,0,7,6,8
15,0,7,7,6
15,0,7,8,4
15,0,7,9,3
15,0,7,10,5
15,0,7,11,5
15,0,7,12,7
15,0,7,13,5
15,0,7,14,5
15,0,7,15,5
15,0,7,16,6
15,0,7,17,7
15,0,7,18,7
15,0,7,19,4
15,0,7,20,5
15,0,7,21,6
15,0,7,22,4
15,0,7,23,4
15,0,7,24,7
15,0,7,25,4
15,0,7,26,3
15,0,7,27,6
15,0,7,28,9
15,0,7,29,7
15,0,7,30,7
15,0,7,31,3
16,0,0,0,5
16,0,0,1,5
16,0,0,2,4
16,0,0,3,3
16,0,0,4,6
16,0,0,5,6
16,0,0,6,6
16,0,0,7,8
16,0,0,8,8
16,0,0,9,8
16,0,0,10,7
16,0,0,11,4
16,0,0,12,5
16,0,0,13,7
16,0,0,14,5
16,0,0,15,9
16,0,0,16,4
16,0,0,17,4
16,0,0,18,5
16,0,0,19,5
16,0,0,20,6
16,0,0,21,5
16,0,0,22,6
16,0,0,23,5
16,0,0,24,6
16,0,0,25,7
16,0,0,26,4
16,0,0,27,5
16,0,0,28,9
16,0,0,29,6
16,0,0,30,6
16,0,0,31,7
16,0,1,0,8
16,0,1,1,8
16,0,1,2,6
16,0,1,3,5
16,0,1,4,5
16,0,1,5,5
16,0,1,6,5
16,0,1,7,5
16,0,1,8,5
16,0,1,9,7
16,0,1,10,7
16,0,1,11,6
16,0,1,12,5
16,0,1,13,4
16,0,1,14,7
16,0,1,15,7
16,0,1,16,5
16,0,1,17,5
16,0,1,18,6
16,0,1,19,6
16,0,1,20,6
16,0,1,21,5
16,0,1,22,4
16,0,1,23,6
16,0,1,24,7
16,0,1,25,5
16,0,1,26,6
16,0,1,27,7
16,0,1,28,6
16,0,1,29,7
16,0,1,30,8
16,0,1,31,5
16,0,2,0,5
16,0,2,1,6
16,0,2,2,4
16,0,2,3,6
16,0,2,4,8
16,0,2,5,6
16,0,2,6,7
16,0,2,7,6
16,0,2,8,6
16,0,2,9,4
16,0,2,10,5
16,0,2,11,7
16,0,2,12,8
16,0,2,13,6
16,0,2,14,8
16,0,2,15,8
16,0,2,16,5
16,0,2,17,7
16,0,2,18,7
16,0,2,19,5
16,0,2,20,5
16,0,2,21,5
16,0,2,22,7
16,0,2,23,6
16,0,2,24,5
16,0,2,25,5
16,0,2,26,7
16,0,2,27,3
16,0,2,28,3
16,0,2,29,6
16,0,2,30,7
16,0,2,31,7
16,0,3,0,5
16,0,3,1,6
16,0,3,2,6
16,0,3,3,7
16,0,3,4,8
16,0,3,5,9
16,0,3,6,8
16,0,3,7,6
16,0,3,8,5
16,0,3,9,5
16,0,3,10,6
16,0,3,11,4
16,0,3,12,4
16,0,3,13,3
16,0,3,14,6
16,0,3,15,6
16,0,3,16,6
16,0,3,17,5
16,0,3,18,4
16,0,3,19,7
16,0,3,20,6
16,0,3,21,6
16,0,3,22,8
16,0,3,23,6
16,0,3,24,6
16,0,3,25,8
16,0,3,26,7
16,0,3,27,5
16,0,3,28,4
16,0,3,29,5
16,0,3,30,5
16,0,3,31,7
16,0,4,0,8
16,0,4,1,7
16,0,4,2,6
16,0,4,3,6
16,0,4,4,7
16,0,4,5,5
16,0,4,6,6
16,0,4,7,5
16,0,4,8,5
16,0,4,9,6
16,0,4,10,6
16,0,4,11,6
16,0,4,12,5
16,0,4,13,6
16,0,4,14,5
16,0,4,15,5
16,0,4,16,5
16,0,4,17,5
16,0,4,18,6
16,0,4,19,7
16,0,4,20,5
16,0,4,21,6
16,0,4,22,6
16,0,4,23,6
16,0,4,24,7
16,0,4,25,7
16,0,4,26,7
16,0,4,27,6
16,0,4,28,5
16,0,4,29,5
16,0,4,30,5
16,0,4,31,6
16,0,5,0,4
16,0,5,1,4
16,0,5,2,6
16,0,5,3,6
16,0,5,4,7
16,0,5,5,5
16,0,5,6,6
16,0,5,7,8
16,0,5,8,4
16,0,5,9,6
16,0,5,10,7
16,0,5,11,3
16,0,5,12,5
16,0,5,13,9
16,0,5,14,7
16,0,5,15,6
16,0,5,16,7
16,0,5,17,7
16,0,5,18,6
16,0,5,19,6
16,0,5,20,7
16,0,5,21,7
16,0,5,22,4
16,0,5,23,7
16,0,5,24,4
16,0,5,25,3
16,0,5,26,4
16,0,5,27,4
16,0,5,28,4
16,0,5,29,6
16,0,5,30,6
16,0,5,31,4
16,0,6,0,9
16,0,6,1,5
16,0,6,2,9
16,0,6,3,8
16,0,6,4,8
16,0,6,5,7
16,0,6,6,6
16,0,6,7,7
16,0,6,8,6
16,0,6,9,8
16,0,6,10,7
16,0,6,11,7
16,0,6,12,6
16,0,6,13,9
16,0,6,14,8
16,0,6,15,5
16,0,6,16,5
16,0,6,17,5
16,0,6,18,4
16,0,6,19,3
16,0,6,20,2
16,0,6,21,3
16,0,6,22,5
16,0,6,23,5
16,0,6,24,3
16,0,6,25,3
16,0,6,26,4
16,0,6,27,5
16,0,6,28,6
16,0,6,29,8
16,0,6,30,7
16,0,6,31,7
16,0,7,0,3
16,0,7,1,3
16,0,7,2,6
16,0,7,3,5
16,0,7,4,5
16,0,7,5,7
16,0,7,6,8
16,0,7,7,7
16,0,7,8,6
16,0,7,9,8
16,0,7,10,5
16,0,7,11,7
16,0,7,12,5
16,0,7,13,5
16,0,7,14,7
16,0,7,15,5
16,0,7,16,5
16,0,7,17,6
16,0,7,18,7
16,0,7,19,6
16,0,7,20,6
16,0,7,21,6
16,0,7,22,7
16,0,7,23,6
16,0,7,24,6
16,0,7,25,5
16,0,7,26,6
16,0,7,27,7
16,0,7,28,7
16,0,7,29,6
16,0,7,30,6
16,0,7,31,3
17,0,0,0,7
17,0,0,1,8
17,0,0,2,6
17,0,0,3,5
17,0,0,4,6
17,0,0,5,5
17,0,0,6,4
17,0,0,7,7
17,0,0,8,7
17,0,0,9,6
17,0,0,10,6
17,0,0,11,8
17,0,0,12,7
17,0,0,13,3
17,0,0,14,4
17,0,0,15,3
17,0,0,16,4
17,0,0,17,6
17,0,0,18,5
17,0,0,19,7
17,0,0,20,5
17,0,0,21,3
17,0,0,22,4
17,0,0,23,5
17,0,0,24,5
17,0,0,25,6
17,0,0,26,10
17,0,0,27,9
17,0,0,28,7
17,0,0,29,7
17,0,0,30,7
17,0,0,31,7
17,0,1,0,6
17,0,1,1,6
17,0,1,2,3
17,0,1,3,6
17,0,1,4,3
17,0,1,5,4
17,0,1,6,5
17,0,1,7,5
17,0,1,8,4
17,0,1,9,7
17,0,1,10,6
17,0,1,11,7
17,0,1,12,5
17,0,1,13,6
17,0,1,14,5
17,0,1,15,6
17,0,1,16,6
17,0,1,17,6
17,0,1,18,6
17,0,1,19,5
17,0,1,20,6
17,0,1,21,7
17,0,1,22,6
17,0,1,23,8
17,0,1,24,6
17,0,1,25,5
17,0,1,26,6
17,0,1,27,7
17,0,1,28,7
17,0,1,29,6
17,0,1,30,5
17,0,1,31,5
17,0,2,0,6
17,0,2,1,4
17,0,2,2,6
17,0,2,3,6
17,0,2,4,5
17,0,2,5,8
17,0,2,6,8
17,0,2,7,8
17,0,2,8,6
17,0,2,9,3
17,0,2,10,7
17,0,2,11,8
17,0,2,12,9
17,0,2,13,7
17,0,2,14,6
17,0,2,15,4
17,0,2,16,7
17,0,2,17,7
17,0,2,18,7
17,0,2,19,7
17,0,2,20,6
17,0,2,21,6
17,0,2,22,7
17,0,2,23,5
17,0,2,24,4
17,0,2,25,6
17,0,2,26,7
17,0,2,27,5
17,0,2,28,4
17,0,2,29,5
17,0,2,30,5
17,0,2,31,4
17,0,3,0,6
17,0,3,1,5
17,0,3,2,5
17,0,3,3,3
17,0,3,4,5
17,0,3,5,6
17,0,3,6,4
17,0,3,7,4
17,0,3,8,5
17,0,3,9,6
17,0,3,10,4
17,0,3,11,5
17,0,3,12,6
17,0,3,13,6
17,0,3,14,10
17,0,3,15,6
17,0,3,16,7
17,0,3,17,8
17,0,3,18,7
17,0,3,19,6
17,0,3,20,6
17,0,3,21,8
17,0,3,22,7
17,0,3,23,6
17,0,3,24,5
17,0,3,25,6
17,0,3,26,6
17,0,3,27,6
17,0,3,28,5
17,0,3,29,5
17,0,3,30,5
17,0,3,31,6
17,0,4,0,8
17,0,4,1,8
17,0,4,2,7
17,0,4,3,6
17,0,4,4,6
17,0,4,5,6
17,0,4,6,8
17,0,4,7,6
17,0,4,8,5
17,0,4,9,5
17,0,4,10,7
17,0,4,11,9
17,0,4,12,7
17,0,4,13,8
17,0,4,14,7
17,0,4,15,7
17,0,4,16,5
17,0,4,17,5
17,0,4,18,4
17,0,4,19,6
17,0,4,20,4
17,0,4,21,5
17,0,4,22,5
17,0,4,23,4
17,0,4,24,5
17,0,4,25,5
17,0,4,26,5
17,0,4,27,4
17,0,4,28,5
17,0,4,29,5
17,0,4,30,5
17,0,4,31,7
17,0,5,0,7
17,0,5,1,6
17,0,5,2,5
17,0,5,3,4
17,0,5,4,3
17,0,5,5,5
17,0,5,6,7
17,0,5,7,7
17,0,5,8,10
17,0,5,9,9
17,0,5,10,5
17,0,5,11,5
17,0,5,12,8
17,0,5,13,7
17,0,5,14,5
17,0,5,15,5
17,0,5,16,7
17,0,5,17,6
17,0,5,18,7
17,0,5,19,4
17,0,5,20,4
17,0,5,21,5
17,0,5,22,3
17,0,5,23,5
17,0,5,24,5
17,0,5,25,7
17,0,5,26,5
17,0,5,27,6
17,0,5,28,5
17,0,5,29,6
17,0,5,30,5
17,0,5,31,6
17,0,6,0,5
17,0,6,1,6
17,0,6,2,8
17,0,6,3,5
17,0,6,4,4
17,0,6,5,5
17,0,6,6,5
17,0,6,7,3
17,0,6,8,6
17,0,6,9,5
17,0,6,10,6
17,0,6,11,6
17,0,6,12,6
17,0,6,13,6
17,0,6,14,6
17,0,6,15,4
17,0,6,16,6
17,0,6,17,5
17,0,6,18,5
17,0,6,19,5
17,0,6,20,5
17,0,6,21,6
17,0,6,22,3
17,0,6,23,3
17,0,6,24,6
17,0,6,25,9
17,0,6,26,7
17,0,6,27,6
17,0,6,28,6
17,0,6,29,5
17,0,6,30,5
17,0,6,31,7
17,0,7,0,8
17,0,7,1,8
17,0,7,2,6
17,0,7,3,7
17,0,7,4,5
17,0,7,5,5
17,0,7,6,6
17,0,7,7,5
17,0,7,8,6
17,0,7,9,6
17,0,7,10,7
17,0,7,11,6
17,0,7,12,6
17,0,7,13,6
17,0,7,14,5
17,0,7,15,5
17,0,7,16,5
17,0,7,17,5
17,0,7,18,5
17,0,7,19,6
17,0,7,20,6
17,0,7,21,5
17,0,7,22,4
17,0,7,23,7
17,0,7,24,4
17,0,7,25,5
17,0,7,26,6
17,0,7,27,7
17,0,7,28,7
17,0,7,29,6
17,0,7,30,8
17,0,7,31,5
18,0,0,0,7
18,0,0,1,6
18,0,0,2,7
18,0,0,3,7
18,0,0,4,7
18,0,0,5,8
18,0,0,6,8
18,0,0,7,7
18,0,0,8,4
18,0,0,9,6
18,0,0,10,8
18,0,0,11,8
18,0,0,12,9
18,0,0,13,6
18,0,0,14,6
18,0,0,15,6
18,0,0,16,3
18,0,0,17,5
18,0,0,18,4
18,0,0,19,4
18,0,0,20,3
18,0,0,21,5
18,0,0,22,5
18,0,0,23,3
18,0,0,24,3
18,0,0,25,5
18,0,0,26,6
18,0,0,27,5
18,0,0,28,6
18,0,0,29,7
18,0,0,30,5
18,0,0,31,8
18,0,1,0,5
18,0,1,1,5
18,0,1,2,5
18,0,1,3,6
18,0,1,4,5
18,0,1,5,5
18,0,1,6,4
18,0,1,7,4
18,0,1,8,8
18,0,1,9,6
18,0,1,10,5
18,0,1,11,6
18,0,1,12,7
18,0,1,13,7
18,0,1,14,4
18,0,1,15,3
18,0,1,16,3
18,0,1,17,6
18,0,1,18,4
18,0,1,19,4
18,0,1,20,8
18,0,1,21,8
18,0,1,22,6
18,0,1,23,6
18,0,1,24,7
18,0,1,25,10
18,0,1,26,9
18,0,1,27,6
18,0,1,28,5
18,0,1,29,4
18,0,1,30,7
18,0,1,31,8
18,0,2,0,7
18,0,2,1,6
18,0,2,2,5
18,0,2,3,5
18,0,2,4,7
18,0,2,5,3
18,0,2,6,3
18,0,2,7,7
18,0,2,8,8
18,0,2,9,7
18,0,2,10,6
18,0,2,11,6
18,0,2,12,8
18,0,2,13,8
18,0,2,14,7
18,0,2,15,4
18,0,2,16,5
18,0,2,17,7
18,0,2,18,6
18,0,2,19,6
18,0,2,20,4
18,0,2,21,4
18,0,2,22,3
18,0,2,23,5
18,0,2,24,4
18,0,2,25,6
18,0,2,26,8
18,0,2,27,9
18,0,2,28,5
18,0,2,29,6
18,0,2,30,7
18,0,2,31,5
18,0,3,0,4
18,0,3,1,6
18,0,3,2,6
18,0,3,3,9
18,0,3,4,9
18,0,3,5,6
18,0,3,6,5
18,0,3,7,6
18,0,3,8,9
18,0,3,9,10
18,0,3,10,8
18,0,3,11,6
18,0,3,12,5
18,0,3,13,9
18,0,3,14,7
18,0,3,15,6
18,0,3,16,7
18,0,3,17,6
18,0,3,18,5
18,0,3,19,4
18,0,3,20,6
18,0,3,21,7
18,0,3,22,7
18,0,3,23,5
18,0,3,24,6
18,0,3,25,5
18,0,3,26,5
18,0,3,27,5
18,0,3,28,3
18,0,3,29,2
18,0,3,30,2
18,0,3,31,3
18,0,4,0,7
18,0,4,1,6
18,0,4,2,6
18,0,4,3,5
18,0,4,4,5
18,0,4,5,6
18,0,4,6,6
18,0,4,7,6
18,0,4,8,7
18,0,4,9,6
18,0,4,10,6
18,0,4,11,7
18,0,4,12,7
18,0,4,13,7
18,0,4,14,5
18,0,4,15,5
18,0,4,16,5
18,0,4,17,8
18,0,4,18,8
18,0,4,19,6
18,0,4,20,7
18,0,4,21,7
18,0,4,22,7
18,0,4,23,7
18,0,4,24,4
18,0,4,25,6
18,0,4,26,5
18,0,4,27,5
18,0,4,28,4
18,0,4,29,5
18,0,4,30,5
18,0,4,31,6
18,0,5,0,4
18,0,5,1,6
18,0,5,2,7
18,0,5,3,7
18,0,5,4,4
18,0,5,5,7
18,0,5,6,6
18,0,5,7,6
18,0,5,8,5
18,0,5,9,7
18,0,5,10,6
18,0,5,11,7
18,0,5,12,7
18,0,5,13,8
18,0,5,14,8
18,0,5,15,8
18,0,5,16,3
18,0,5,17,3
18,0,5,18,6
18,0,5,19,4
18,0,5,20,6
18,0,5,21,4
18,0,5,22,6
18,0,5,23,6
18,0,5,24,5
18,0,5,25,5
18,0,5,26,8
18,0,5,27,5
18,0,5,28,4
18,0,5,29,6
18,0,5,30,6
18,0,5,31,6
18,0,6,0,8
18,0,6,1,5
18,0,6,2,6
18,0,6,3,5
18,0,6,4,4
18,0,6,5,4
18,0,6,6,6
18,0,6,7,6
18,0,6,8,10
18,0,6,9,9
18,0,6,10,8
18,0,6,11,6
18,0,6,12,3
18,0,6,13,6
18,0,6,14,5
18,0,6,15,6
18,0,6,16,6
18,0,6,17,5
18,0,6,18,6
18,0,6,19,6
18,0,6,20,5
18,0,6,21,4
18,0,6,22,8
18,0,6,23,8
18,0,6,24,7
18,0,6,25,7
18,0,6,26,5
18,0,6,27,3
18,0,6,28,3
18,0,6,29,6
18,0,6,30,6
18,0,6,31,10
18,0,7,0,6
18,0,7,1,6
18,0,7,2,7
18,0,7,3,5
18,0,7,4,6
18,0,7,5,5
18,0,7,6,5
18,0,7,7,4
18,0,7,8,5
18,0,7,9,6
18,0,7,10,6
18,0,7,11,7
18,0,7,12,7
18,0,7,13,6
18,0,7,14,5
18,0,7,15,7
18,0,7,16,8
18,0,7,17,6
18,0,7,18,6
18,0,7,19,6
18,0,7,20,8
18,0,7,21,6
18,0,7,22,6
18,0,7,23,7
18,0,7,24,5
18,0,7,25,6
18,0,7,26,4
18,0,7,27,4
18,0,7,28,3
18,0,7,29,4
18,0,7,30,6
18,0,7,31,5
19,0,0,0,5
19,0,0,1,7
19,0,0,2,6
19,0,0,3,5
19,0,0,4,5
19,0,0,5,5
19,0,0,6,4
19,0,0,7,7
19,0,0,8,7
19,0,0,9,6
19,0,0,10,5
19,0,0,11,3
19,0,0,12,5
19,0,0,13,6
19,0,0,14,5
19,0,0,15,4
19,0,0,16,5
19,0,0,17,7
19,0,0,18,7
19,0,0,19,6
19,0,0,20,5
19,0,0,21,4
19,0,0,22,7
19,0,0,23,5
19,0,0,24,5
19,0,0,25,4
19,0,0,26,4
19,0,0,27,5
19,0,0,28,8
19,0,0,29,6
19,0,0,30,8
19,0,0,31,5
19,0,1,0,4
19,0,1,1,6
19,0,1,2,4
19,0,1,3,5
19,0,1,4,6
19,0,1,5,8
19,0,1,6,6
19,0,1,7,6
19,0,1,8,4
19,0,1,9,4
19,0,1,10,6
19,0,1,11,6
19,0,1,12,4
19,0,1,13,4
19,0,1,14,5
19,0,1,15,4
19,0,1,16,4
19,0,1,17,5
19,0,1,18,4
19,0,1,19,5
19,0,1,20,7
19,0,1,21,7
19,0,1,22,8
19,0,1,23,7
19,0,1,24,7
19,0,1,25,7
19,0,1,26,7
19,0,1,27,7
19,0,1,28,6
19,0,1,29,6
19,0,1,30,7
19,0,1,31,5
19,0,2,0,5
19,0,2,1,6
19,0,2,2,6
19,0,2,3,7
19,0,2,4,6
19,0,2,5,4
19,0,2,6,5
19,0,2,7,7
19,0,2,8,6
19,0,2,9,6
19,0,2,10,4
19,0,2,11,4
19,0,2,12,3
19,0,2,13,6
19,0,2,14,5
19,0,2,15,5
19,0,2,16,7
19,0,2,17,6
19,0,2,18,7
19,0,2,19,4
19,0,2,20,5
19,0,2,21,8
19,0,2,22,8
19,0,2,23,7
19,0,2,24,6
19,0,2,25,5
19,0,2,26,6
19,0,2,27,6
19,0,2,28,5
19,0,2,29,6
19,0,2,30,6
19,0,2,31,6
19,0,3,0,5
19,0,3,1,5
19,0,3,2,5
19,0,3,3,3
19,0,3,4,7
19,0,3,5,6
19,0,3,6,8
19,0,3,7,8
19,0,3,8,7
19,0,3,9,10
19,0,3,10,7
19,0,3,11,6
19,0,3,12,6
19,0,3,13,4
19,0,3,14,6
19,0,3,15,8
19,0,3,16,5
19,0,3,17,5
19,0,3,18,4
19,0,3,19,6
19,0,3,20,6
19,0,3,21,5
19,0,3,22,4
19,0,3,23,3
19,0,3,24,3
19,0,3,25,4
19,0,3,26,7
19,0,3,27,4
19,0,3,28,7
19,0,3,29,5
19,0,3,30,3
19,0,3,31,5
19,0,4,0,3
19,0,4,1,4
19,0,4,2,3
19,0,4,3,3
19,0,4,4,5
19,0,4,5,6
19,0,4,6,7
19,0,4,7,7
19,0,4,8,5
19,0,4,9,7
19,0,4,10,7
19,0,4,11,9
19,0,4,12,5
19,0,4,13,7
19,0,4,14,10
19,0,4,15,9
19,0,4,16,10
19,0,4,17,6
19,0,4,18,8
19,0,4,19,9
19,0,4,20,7
19,0,4,21,9
19,0,4,22,6
19,0,4,23,5
19,0,4,24,4
19,0,4,25,4
19,0,4,26,5
19,0,4,27,4
19,0,4,28,4
19,0,4,29,4
19,0,4,30,4
19,0,4,31,4
19,0,5,0,9
19,0,5,1,7
19,0,5,2,8
19,0,5,3,9
19,0,5,4,7
19,0,5,5,5
19,0,5,6,5
19,0,5,7,6
19,0,5,8,4
19,0,5,9,4
19,0,5,10,6
19,0,5,11,4
19,0,5,12,3
19,0,5,13,3
19,0,5,14,3
19,0,5,15,5
19,0,5,16,4
19,0,5,17,7
19,0,5,18,7
19,0,5,19,2
19,0,5,20,4
19,0,5,21,6
19,0,5,22,4
19,0,5,23,6
19,0,5,24,8
19,0,5,25,8
19,0,5,26,7
19,0,5,27,8
19,0,5,28,8
19,0,5,29,8
19,0,5,30,8
19,0,5,31,9
19,0,6,0,8
19,0,6,1,7
19,0,6,2,6
19,0,6,3,5
19,0,6,4,6
19,0,6,5,5
19,0,6,6,6
19,0,6,7,5
19,0,6,8,6
19,0,6,9,5
19,0,6,10,8
19,0,6,11,7
19,0,6,12,6
19,0,6,13,5
19,0,6,14,5
19,0,6,15,5
19,0,6,16,7
19,0,6,17,5
19,0,6,18,7
19,0,6,19,8
19,0,6,20,2
19,0,6,21,2
19,0,6,22,5
19,0,6,23,6
19,0,6,24,6
19,0,6,25,5
19,0,6,26,4
19,0,6,27,7
19,0,6,28,5
19,0,6,29,5
19,0,6,30,7
19,0,6,31,11
19,0,7,0,4
19,0,7,1,6
19,0,7,2,7
19,0,7,3,7
19,0,7,4,7
19,0,7,5,4
19,0,7,6,5
19,0,7,7,7
19,0,7,8,6
19,0,7,9,7
19,0,7,10,9
19,0,7,11,7
19,0,7,12,5
19,0,7,13,7
19,0,7,14,7
19,0,7,15,6
19,0,7,16,4
19,0,7,17,5
19,0,7,18,5
19,0,7,19,7
19,0,7,20,7
19,0,7,21,6
19,0,7,22,5
19,0,7,23,6
19,0,7,24,8
19,0,7,25,6
19,0,7,26,6
19,0,7,27,4
19,0,7,28,5
19,0,7,29,5
19,0,7,30,4
19,0,7,31,5
20,0,0,0,6
20,0,0,1,4
20,0,0,2,5
20,0,0,3,6
20,0,0,4,5
20,0,0,5,4
20,0,0,6,4
20,0,0,7,5
20,0,0,8,6
20,0,0,9,4
20,0,0,10,5
20,0,0,11,5
20,0,0,12,7
20,0,0,13,9
20,0,0,14,6
20,0,0,15,5
20,0,0,16,7
20,0,0,17,8
20,0,0,18,7
20,0,0,19,5
20,0,0,20,6
20,0,0,21,6
20,0,0,22,6
20,0,0,23,7
20,0,0,24,6
20,0,0,25,6
20,0,0,26,8
20,0,0,27,9
20,0,0,28,8
20,0,0,29,6
20,0,0,30,5
20,0,0,31,6
20,0,1,0,5
20,0,1,1,8
20,0,1,2,7
20,0,1,3,6
20,0,1,4,6
20,0,1,5,6
20,0,1,6,6
20,0,1,7,3
20,0,1,8,4
20,0,1,9,3
20,0,1,10,4
20,0,1,11,5
20,0,1,12,6
20,0,1,13,7
20,0,1,14,7
20,0,1,15,5
20,0,1,16,6
20,0,1,17,3
20,0,1,18,5
20,0,1,19,7
20,0,1,20,7
20,0,1,21,6
20,0,1,22,6
20,0,1,23,6
20,0,1,24,5
20,0,1,25,5
20,0,1,26,5
20,0,1,27,8
20,0,1,28,7
20,0,1,29,4
20,0,1,30,8
20,0,1,31,7
20,0,2,0,7
20,0,2,1,6
20,0,2,2,7
20,0,2,3,9
20,0,2,4,6
20,0,2,5,5
20,0,2,6,6
20,0,2,7,6
20,0,2,8,7
20,0,2,9,8
20,0,2,10,4
20,0,2,11,6
20,0,2,12,5
20,0,2,13,6
20,0,2,14,6
20,0,2,15,3
20,0,2,16,3
20,0,2,17,4
20,0,2,18,5
20,0,2,19,4
20,0,2,20,4
20,0,2,21,3
20,0,2,22,3
20,0,2,23,6
20,0,2,24,10
20,0,2,25,6
20,0,2,26,5
20,0,2,27,6
20,0,2,28,7
20,0,2,29,5
20,0,2,30,5
20,0,2,31,6
20,0,3,0,7
20,0,3,1,6
20,0,3,2,5
20,0,3,3,4
20,0,3,4,3
20,0,3,5,5
20,0,3,6,6
20,0,3,7,4
20,0,3,8,9
20,0,3,9,5
20,0,3,10,4
20,0,3,11,3
20,0,3,12,6
20,0,3,13,7
20,0,3,14,6
20,0,3,15,5
20,0,3,16,5
20,0,3,17,4
20,0,3,18,5
20,0,3,19,4
20,0,3,20,5
20,0,3,21,5
20,0,3,22,6
20,0,3,23,8
20,0,3,24,6
20,0,3,25,5
20,0,3,26,5
20,0,3,27,7
20,0,3,28,7
20,0,3,29,7
20,0,3,30,7
20,0,3,31,6
20,0,4,0,7
20,0,4,1,8
20,0,4,2,7
20,0,4,3,7
20,0,4,4,7
20,0,4,5,7
20,0,4,6,8
20,0,4,7,5
20,0,4,8,4
20,0,4,9,5
20,0,4,10,5
20,0,4,11,5
20,0,4,12,5
20,0,4,13,3
20,0,4,14,4
20,0,4,15,5
20,0,4,16,5
20,0,4,17,5
20,0,4,18,4
20,0,4,19,6
20,0,4,20,6
20,0,4,21,4
20,0,4,22,4
20,0,4,23,3
20,0,4,24,7
20,0,4,25,7
20,0,4,26,6
20,0,4,27,6
20,0,4,28,6
20,0,4,29,6
20,0,4,30,6
20,0,4,31,6
20,0,5,0,7
20,0,5,1,9
20,0,5,2,4
20,0,5,3,6
20,0,5,4,4
20,0,5,5,2
20,0,5,6,3
20,0,5,7,5
20,0,5,8,6
20,0,5,9,4
20,0,5,10,8
20,0,5,11,11
20,0,5,12,7
20,0,5,13,8
20,0,5,14,6
20,0,5,15,8
20,0,5,16,8
20,0,5,17,9
20,0,5,18,6
20,0,5,19,4
20,0,5,20,5
20,0,5,21,4
20,0,5,22,5
20,0,5,23,8
20,0,5,24,9
20,0,5,25,5
20,0,5,26,5
20,0,5,27,4
20,0,5,28,4
20,0,5,29,5
20,0,5,30,6
20,0,5,31,5
20,0,6,0,7
20,0,6,1,4
20,0,6,2,4
20,0,6,3,7
20,0,6,4,6
20,0,6,5,10
20,0,6,6,10
20,0,6,7,7
20,0,6,8,8
20,0,6,9,5
20,0,6,10,5
20,0,6,11,5
20,0,6,12,7
20,0,6,13,6
20,0,6,14,7
20,0,6,15,2
20,0,6,16,4
20,0,6,17,2
20,0,6,18,4
20,0,6,19,7
20,0,6,20,3
20,0,6,21,3
20,0,6,22,4
20,0,6,23,4
20,0,6,24,5
20,0,6,25,5
20,0,6,26,6
20,0,6,27,7
20,0,6,28,8
20,0,6,29,5
20,0,6,30,4
20,0,6,31,5
20,0,7,0,4
20,0,7,1,7
20,0,7,2,5
20,0,7,3,5
20,0,7,4,6
20,0,7,5,8
20,0,7,6,6
20,0,7,7,3
20,0,7,8,4
20,0,7,9,5
20,0,7,10,6
20,0,7,11,7
20,0,7,12,6
20,0,7,13,6
20,0,7,14,5
20,0,7,15,5
20,0,7,16,7
20,0,7,17,8
20,0,7,18,6
20,0,7,19,5
20,0,7,20,4
20,0,7,21,3
20,0,7,22,5
20,0,7,23,7
20,0,7,24,5
20,0,7,25,6
20,0,7,26,7
20,0,7,27,7
20,0,7,28,5
20,0,7,29,5
20,0,7,30,4
20,0,7,31,3
21,0,0,0,6
21,0,0,1,6
21,0,0,2,6
21,0,0,3,8
21,0,0,4,7
21,0,0,5,6
21,0,0,6,5
21,0,0,7,4
21,0,0,8,4
21,0,0,9,8
21,0,0,10,9
21,0,0,11,8
21,0,0,12,10
21,0,0,13,8
21,0,0,14,8
21,0,0,15,6
21,0,0,16,4
21,0,0,17,5
21,0,0,18,3
21,0,0,19,4
21,0,0,20,6
21,0,0,21,6
21,0,0,22,6
21,0,0,23,6
21,0,0,24,6
21,0,0,25,5
21,0,0,26,4
21,0,0,27,3
21,0,0,28,3
21,0,0,29,4
21,0,0,30,5
21,0,0,31,5
21,0,1,0,9
21,0,1,1,8
21,0,1,2,6
21,0,1,3,5
21,0,1,4,6
21,0,1,5,5
21,0,1,6,3
21,0,1,7,5
21,0,1,8,6
21,0,1,9,5
21,0,1,10,8
21,0,1,11,7
21,0,1,12,5
21,0,1,13,6
21,0,1,14,7
21,0,1,15,8
21,0,1,16,4
21,0,1,17,4
21,0,1,18,6
21,0,1,19,7
21,0,1,20,4
21,0,1,21,4
21,0,1,22,6
21,0,1,23,6
21,0,1,24,7
21,0,1,25,3
21,0,1,26,1
21,0,1,27,6
21,0,1,28,8
21,0,1,29,8
21,0,1,30,6
21,0,1,31,6
21,0,2,0,4
21,0,2,1,3
21,0,2,2,7
21,0,2,3,5
21,0,2,4,3
21,0,2,5,6
21,0,2,6,8
21,0,2,7,7
21,0,2,8,9
21,0,2,9,6
21,0,2,10,7
21,0,2,11,5
21,0,2,12,7
21,0,2,13,7
21,0,2,14,5
21,0,2,15,7
21,0,2,16,6
21,0,2,17,9
21,0,2,18,5
21,0,2,19,5
21,0,2,20,4
21,0,2,21,4
21,0,2,22,5
21,0,2,23,5
21,0,2,24,5
21,0,2,25,7
21,0,2,26,7
21,0,2,27,6
21,0,2,28,6
21,0,2,29,4
21,0,2,30,6
21,0,2,31,7
21,0,3,0,5
21,0,3,1,7
21,0,3,2,5
21,0,3,3,3
21,0,3,4,4
21,0,3,5,5
21,0,3,6,6
21,0,3,7,7
21,0,3,8,6
21,0,3,9,8
21,0,3,10,9
21,0,3,11,8
21,0,3,12,5
21,0,3,13,7
21,0,3,14,6
21,0,3,15,6
21,0,3,16,7
21,0,3,17,8
21,0,3,18,10
21,0,3,19,6
21,0,3,20,5
21,0,3,21,6
21,0,3,22,6
21,0,3,23,5
21,0,3,24,5
21,0,3,25,6
21,0,3,26,4
21,0,3,27,5
21,0,3,28,6
21,0,3,29,6
21,0,3,30,5
21,0,3,31,4
21,0,4,0,6
21,0,4,1,4
21,0,4,2,5
21,0,4,3,3
21,0,4,4,2
21,0,4,5,2
21,0,4,6,4
21,0,4,7,7
21,0,4,8,6
21,0,4,9,6
21,0,4,10,6
21,0,4,11,6
21,0,4,12,6
21,0,4,13,7
21,0,4,14,5
21,0,4,15,5
21,0,4,16,7
21,0,4,17,8
21,0,4,18,9
21,0,4,19,7
21,0,4,20,6
21,0,4,21,8
21,0,4,22,9
21,0,4,23,8
21,0,4,24,8
21,0,4,25,8
21,0,4,26,6
21,0,4,27,5
21,0,4,28,6
21,0,4,29,4
21,0,4,30,5
21,0,4,31,5
21,0,5,0,4
21,0,5,1,6
21,0,5,2,6
21,0,5,3,6
21,0,5,4,7
21,0,5,5,6
21,0,5,6,2
21,0,5,7,6
21,0,5,8,9
21,0,5,9,9
21,0,5,10,6
21,0,5,11,7
21,0,5,12,8
21,0,5,13,7
21,0,5,14,7
21,0,5,15,8
21,0,5,16,8
21,0,5,17,6
21,0,5,18,6
21,0,5,19,6
21,0,5,20,7
21,0,5,21,6
21,0,5,22,4
21,0,5,23,6
21,0,5,24,5
21,0,5,25,5
21,0,5,26,6
21,0,5,27,4
21,0,5,28,5
21,0,5,29,6
21,0,5,30,7
21,0,5,31,5
21,0,6,0,5
21,0,6,1,6
21,0,6,2,5
21,0,6,3,5
21,0,6,4,6
21,0,6,5,6
21,0,6,6,7
21,0,6,7,5
21,0,6,8,6
21,0,6,9,5
21,0,6,10,4
21,0,6,11,6
21,0,6,12,6
21,0,6,13,6
21,0,6,14,4
21,0,6,15,6
21,0,6,16,5
21,0,6,17,5
21,0,6,18,5
21,0,6,19,5
21,0,6,20,6
21,0,6,21,5
21,0,6,22,5
21,0,6,23,7
21,0,6,24,7
21,0,6,25,7
21,0,6,26,7
21,0,6,27,6
21,0,6,28,8
21,0,6,29,6
21,0,6,30,6
21,0,6,31,5
21,0,7,0,6
21,0,7,1,6
21,0,7,2,3
21,0,7,3,4
21,0,7,4,7
21,0,7,5,7
21,0,7,6,8
21,0,7,7,7
21,0,7,8,6
21,0,7,9,7
21,0,7,10,5
21,0,7,11,7
21,0,7,12,6
21,0,7,13,6
21,0,7,14,7
21,0,7,15,8
21,0,7,16,8
21,0,7,17,6
21,0,7,18,5
21,0,7,19,5
21,0,7,20,7
21,0,7,21,8
21,0,7,22,6
21,0,7,23,6
21,0,7,24,5
21,0,7,25,7
21,0,7,26,7
21,0,7,27,4
21,0,7,28,4
21,0,7,29,4
21,0,7,30,5
21,0,7,31,4
22,0,0,0,7
22,0,0,1,6
22,0,0,2,8
22,0,0,3,6
22,0,0,4,7
22,0,0,5,4
22,0,0,6,3
22,0,0,7,6
22,0,0,8,5
22,0,0,9,4
22,0,0,10,6
22,0,0,11,6
22,0,0,12,6
22,0,0,13,5
22,0,0,14,6
22,0,0,15,8
22,0,0,16,4
22,0,0,17,5
22,0,0,18,6
22,0,0,19,5
22,0,0,20,4
22,0,0,21,6
22,0,0,22,7
22,0,0,23,7
22,0,0,24,6
22,0,0,25,7
22,0,0,26,5
22,0,0,27,4
22,0,0,28,6
22,0,0,29,5
22,0,0,30,5
22,0,0,31,8
22,0,1,0,8
22,0,1,1,5
22,0,1,2,7
22,0,1,3,7
22,0,1,4,8
22,0,1,5,8
22,0,1,6,6
22,0,1,7,6
22,0,1,8,6
22,0,1,9,8
22,0,1,10,7
22,0,1,11,8
22,0,1,12,10
22,0,1,13,8
22,0,1,14,6
22,0,1,15,5
22,0,1,16,4
22,0,1,17,2
22,0,1,18,4
22,0,1,19,4
22,0,1,20,6
22,0,1,21,5
22,0,1,22,4
22,0,1,23,3
22,0,1,24,4
22,0,1,25,4
22,0,1,26,6
22,0,1,27,5
22,0,1,28,6
22,0,1,29,3
22,0,1,30,5
22,0,1,31,6
22,0,2,0,5
22,0,2,1,6
22,0,2,2,5
22,0,2,3,5
22,0,2,4,6
22,0,2,5,6
22,0,2,6,7
22,0,2,7,6
22,0,2,8,5
22,0,2,9,7
22,0,2,10,5
22,0,2,11,7
22,0,2,12,7
22,0,2,13,7
22,0,2,14,5
22,0,2,15,7
22,0,2,16,5
22,0,2,17,4
22,0,2,18,7
22,0,2,19,5
22,0,2,20,5
22,0,2,21,6
22,0,2,22,4
22,0,2,23,5
22,0,2,24,6
22,0,2,25,4
22,0,2,26,4
22,0,2,27,6
22,0,2,28,6
22,0,2,29,6
22,0,2,30,7
22,0,2,31,5
22,0,3,0,9
22,0,3,1,7
22,0,3,2,6
22,0,3,3,5
22,0,3,4,5
22,0,3,5,4
22,0,3,6,3
22,0,3,7,6
22,0,3,8,5
22,0,3,9,6
22,0,3,10,4
22,0,3,11,4
22,0,3,12,4
22,0,3,13,5
22,0,3,14,4
22,0,3,15,4
22,0,3,16,4
22,0,3,17,5
22,0,3,18,7
22,0,3,19,6
22,0,3,20,7
22,0,3,21,7
22,0,3,22,6
22,0,3,23,7
22,0,3,24,7
22,0,3,25,3
22,0,3,26,6
22,0,3,27,5
22,0,3,28,8
22,0,3,29,8
22,0,3,30,5
22,0,3,31,7
22,0,4,0,5
22,0,4,1,2
22,0,4,2,3
22,0,4,3,5
22,0,4,4,4
22,0,4,5,3
22,0,4,6,4
22,0,4,7,6
22,0,4,8,7
22,0,4,9,6
22,0,4,10,6
22,0,4,11,5
22,0,4,12,5
22,0,4,13,6
22,0,4,14,5
22,0,4,15,4
22,0,4,16,5
22,0,4,17,5
22,0,4,18,5
22,0,4,19,3
22,0,4,20,5
22,0,4,21,5
22,0,4,22,6
22,0,4,23,9
22,0,4,24,9
22,0,4,25,8
22,0,4,26,6
22,0,4,27,7
22,0,4,28,8
22,0,4,29,9
22,0,4,30,6
22,0,4,31,5
22,0,5,0,5
22,0,5,1,4
22,0,5,2,6
22,0,5,3,7
22,0,5,4,5
22,0,5,5,5
22,0,5,6,6
22,0,5,7,6
22,0,5,8,7
22,0,5,9,7
22,0,5,10,7
22,0,5,11,9
22,0,5,12,8
22,0,5,13,8
22,0,5,14,7
22,0,5,15,7
22,0,5,16,9
22,0,5,17,6
22,0,5,18,6
22,0,5,19,5
22,0,5,20,6
22,0,5,21,5
22,0,5,22,6
22,0,5,23,5
22,0,5,24,3
22,0,5,25,3
22,0,5,26,7
22,0,5,27,5
22,0,5,28,5
22,0,5,29,3
22,0,5,30,4
22,0,5,31,4
22,0,6,0,5
22,0,6,1,4
22,0,6,2,3
22,0,6,3,6
22,0,6,4,5
22,0,6,5,4
22,0,6,6,6
22,0,6,7,6
22,0,6,8,7
22,0,6,9,9
22,0,6,10,10
22,0,6,11,7
22,0,6,12,8
22,0,6,13,8
22,0,6,14,7
22,0,6,15,6
22,0,6,16,6
22,0,6,17,4
22,0,6,18,4
22,0,6,19,4
22,0,6,20,5
22,0,6,21,5
22,0,6,22,3
22,0,6,23,4
22,0,6,24,2
22,0,6,25,5
22,0,6,26,7
22,0,6,27,5
22,0,6,28,5
22,0,6,29,5
22,0,6,30,7
22,0,6,31,6
22,0,7,0,6
22,0,7,1,6
22,0,7,2,6
22,0,7,3,7
22,0,7,4,6
22,0,7,5,8
22,0,7,6,7
22,0,7,7,4
22,0,7,8,5
22,0,7,9,6
22,0,7,10,7
22,0,7,11,8
22,0,7,12,6
22,0,7,13,5
22,0,7,14,6
22,0,7,15,6
22,0,7,16,6
22,0,7,17,5
22,0,7,18,7
22,0,7,19,5
22,0,7,20,6
22,0,7,21,6
22,0,7,22,5
22,0,7,23,5
22,0,7,24,6
22,0,7,25,4
22,0,7,26,4
22,0,7,27,4
22,0,7,28,2
22,0,7,29,3
22,0,7,30,5
22,0,7,31,5
23,0,0,0,8
23,0,0,1,7
23,0,0,2,5
23,0,0,3,7
23,0,0,4,5
23,0,0,5,5
23,0,0,6,5
23,0,0,7,5
23,0,0,8,5
23,0,0,9,5
23,0,0,10,5
23,0,0,11,5
23,0,0,12,5
23,0,0,13,5
23,0,0,14,5
23,0,0,15,4
23,0,0,16,4
23,0,0,17,5
23,0,0,18,6
23,0,0,19,5
23,0,0,20,5
23,0,0,21,4
23,0,0,22,4
23,0,0,23,6
23,0,0,24,6
23,0,0,25,4
23,0,0,26,6
23,0,0,27,6
23,0,0,28,8
23,0,0,29,10
23,0,0,30,10
23,0,0,31,8
23,0,1,0,8
23,0,1,1,6
23,0,1,2,7
23,0,1,3,4
23,0,1,4,3
23,0,1,5,5
23,0,1,6,5
23,0,1,7,4
23,0,1,8,4
23,0,1,9,5
23,0,1,10,7
23,0,1,11,7
23,0,1,12,6
23,0,1,13,6
23,0,1,14,7
23,0,1,15,8
23,0,1,16,7
23,0,1,17,5
23,0,1,18,7
23,0,1,19,5
23,0,1,20,4
23,0,1,21,6
23,0,1,22,7
23,0,1,23,4
23,0,1,24,5
23,0,1,25,7
23,0,1,26,6
23,0,1,27,5
23,0,1,28,5
23,0,1,29,6
23,0,1,30,7
23,0,1,31,6
23,0,2,0,6
23,0,2,1,4
23,0,2,2,4
23,0,2,3,4
23,0,2,4,7
23,0,2,5,7
23,0,2,6,5
23,0,2,7,7
23,0,2,8,5
23,0,2,9,5
23,0,2,10,6
23,0,2,11,8
23,0,2,12,8
23,0,2,13,6
23,0,2,14,6
23,0,2,15,6
23,0,2,16,7
23,0,2,17,6
23,0,2,18,7
23,0,2,19,6
23,0,2,20,9
23,0,2,21,7
23,0,2,22,4
23,0,2,23,5
23,0,2,24,5
23,0,2,25,6
23,0,2,26,7
23,0,2,27,4
23,0,2,28,6
23,0,2,29,6
23,0,2,30,4
23,0,2,31,6
23,0,3,0,9
23,0,3,1,6
23,0,3,2,7
23,0,3,3,7
23,0,3,4,8
23,0,3,5,7
23,0,3,6,6
23,0,3,7,5
23,0,3,8,4
23,0,3,9,4
23,0,3,10,4
23,0,3,11,4
23,0,3,12,5
23,0,3,13,4
23,0,3,14,4
23,0,3,15,5
23,0,3,16,5
23,0,3,17,3
23,0,3,18,5
23,0,3,19,5
23,0,3,20,4
23,0,3,21,5
23,0,3,22,5
23,0,3,23,4
23,0,3,24,4
23,0,3,25,7
23,0,3,26,6
23,0,3,27,6
23,0,3,28,7
23,0,3,29,7
23,0,3,30,7
23,0,3,31,7
23,0,4,0,6
23,0,4,1,4
23,0,4,2,7
23,0,4,3,5
23,0,4,4,7
23,0,4,5,7
23,0,4,6,7
23,0,4,7,5
23,0,4,8,7
23,0,4,9,7
23,0,4,10,5
23,0,4,11,5
23,0,4,12,4
23,0,4,13,5
23,0,4,14,5
23,0,4,15,6
23,0,4,16,7
23,0,4,17,5
23,0,4,18,5
23,0,4,19,6
23,0,4,20,6
23,0,4,21,5
23,0,4,22,5
23,0,4,23,7
23,0,4,24,8
23,0,4,25,5
23,0,4,26,6
23,0,4,27,8
23,0,4,28,7
23,0,4,29,5
23,0,4,30,4
23,0,4,31,5
23,0,5,0,6
23,0,5,1,6
23,0,5,2,5
23,0,5,3,6
23,0,5,4,9
23,0,5,5,7
23,0,5,6,6
23,0,5,7,6
23,0,5,8,5
23,0,5,9,5
23,0,5,10,4
23,0,5,11,5
23,0,5,12,6
23,0,5,13,5
23,0,5,14,5
23,0,5,15,5
23,0,5,16,6
23,0,5,17,5
23,0,5,18,6
23,0,5,19,6
23,0,5,20,5
23,0,5,21,6
23,0,5,22,5
23,0,5,23,7
23,0,5,24,7
23,0,5,25,6
23,0,5,26,5
23,0,5,27,6
23,0,5,28,7
23,0,5,29,5
23,0,5,30,6
23,0,5,31,5
23,0,6,0,8
23,0,6,1,7
23,0,6,2,6
23,0,6,3,5
23,0,6,4,6
23,0,6,5,6
23,0,6,6,6
23,0,6,7,6
23,0,6,8,5
23,0,6,9,6
23,0,6,10,6
23,0,6,11,6
23,0,6,12,7
23,0,6,13,5
23,0,6,14,5
23,0,6,15,5
23,0,6,16,7
23,0,6,17,7
23,0,6,18,5
23,0,6,19,4
23,0,6,20,4
23,0,6,21,7
23,0,6,22,7
23,0,6,23,6
23,0,6,24,4
23,0,6,25,4
23,0,6,26,4
23,0,6,27,6
23,0,6,28,7
23,0,6,29,6
23,0,6,30,4
23,0,6,31,7
23,0,7,0,5
23,0,7,1,3
23,0,7,2,5
23,0,7,3,2
23,0,7,4,5
23,0,7,5,6
23,0,7,6,8
23,0,7,7,6
23,0,7,8,6
23,0,7,9,6
23,0,7,10,8
23,0,7,11,7
23,0,7,12,6
23,0,7,13,5
23,0,7,14,7
23,0,7,15,6
23,0,7,16,5
23,0,7,17,3
23,0,7,18,3
23,0,7,19,7
23,0,7,20,7
23,0,7,21,6
23,0,7,22,5
23,0,7,23,7
23,0,7,24,7
23,0,7,25,7
23,0,7,26,6
23,0,7,27,5
23,0,7,28,7
23,0,7,29,6
23,0,7,30,6
23,0,7,31,6
24,0,0,0,5
24,0,0,1,7
24,0,0,2,9
24,0,0,3,8
24,0,0,4,5
24,0,0,5,6
24,0,0,6,6
24,0,0,7,6
24,0,0,8,8
24,0,0,9,7
24,0,0,10,7
24,0,0,11,7
24,0,0,12,4
24,0,0,13,5
24,0,0,14,5
24,0,0,15,4
24,0,0,16,5
24,0,0,17,3
24,0,0,18,5
24,0,0,19,5
24,0,0,20,7
24,0,0,21,6
24,0,0,22,6
24,0,0,23,6
24,0,0,24,6
24,0,0,25,7
24,0,0,26,6
24,0,0,27,7
24,0,0,28,8
24,0,0,29,6
24,0,0,30,5
24,0,0,31,5
24,0,1,0,3
24,0,1,1,4
24,0,1,2,5
24,0,1,3,6
24,0,1,4,5
24,0,1,5,4
24,0,1,6,5
24,0,1,7,7
24,0,1,8,6
24,0,1,9,4
24,0,1,10,6
24,0,1,11,7
24,0,1,12,7
24,0,1,13,10
24,0,1,14,10
24,0,1,15,9
24,0,1,16,6
24,0,1,17,8
24,0,1,18,8
24,0,1,19,8
24,0,1,20,7
24,0,1,21,3
24,0,1,22,5
24,0,1,23,6
24,0,1,24,4
24,0,1,25,5
24,0,1,26,5
24,0,1,27,3
24,0,1,28,3
24,0,1,29,3
24,0,1,30,5
24,0,1,31,4
24,0,2,0,5
24,0,2,1,6
24,0,2,2,6
24,0,2,3,8
24,0,2,4,9
24,0,2,5,9
24,0,2,6,6
24,0,2,7,6
24,0,2,8,7
24,0,2,9,9
24,0,2,10,11
24,0,2,11,10
24,0,2,12,8
24,0,2,13,5
24,0,2,14,8
24,0,2,15,6
24,0,2,16,6
24,0,2,17,8
24,0,2,18,6
24,0,2,19,7
24,0,2,20,4
24,0,2,21,4
24,0,2,22,5
24,0,2,23,4
24,0,2,24,4
24,0,2,25,3
24,0,2,26,4
24,0,2,27,2
24,0,2,28,2
24,0,2,29,2
24,0,2,30,4
24,0,2,31,5
24,0,3,0,8
24,0,3,1,8
24,0,3,2,6
24,0,3,3,7
24,0,3,4,9
24,0,3,5,9
24,0,3,6,8
24,0,3,7,9
24,0,3,8,8
24,0,3,9,7
24,0,3,10,8
24,0,3,11,5
24,0,3,12,5
24,0,3,13,4
24,0,3,14,5
24,0,3,15,6
24,0,3,16,7
24,0,3,17,5
24,0,3,18,3
24,0,3,19,3
24,0,3,20,5
24,0,3,21,5
24,0,3,22,3
24,0,3,23,4
24,0,3,24,3
24,0,3,25,3
24,0,3,26,3
24,0,3,27,6
24,0,3,28,6
24,0,3,29,7
24,0,3,30,7
24,0,3,31,7
24,0,4,0,7
24,0,4,1,7
24,0,4,2,7
24,0,4,3,6
24,0,4,4,6
24,0,4,5,6
24,0,4,6,8
24,0,4,7,8
24,0,4,8,5
24,0,4,9,2
24,0,4,10,6
24,0,4,11,8
24,0,4,12,5
24,0,4,13,5
24,0,4,14,7
24,0,4,15,7
24,0,4,16,7
24,0,4,17,7
24,0,4,18,5
24,0,4,19,5
24,0,4,20,3
24,0,4,21,5
24,0,4,22,5
24,0,4,23,5
24,0,4,24,6
24,0,4,25,5
24,0,4,26,5
24,0,4,27,6
24,0,4,28,6
24,0,4,29,4
24,0,4,30,5
24,0,4,31,5
24,0,5,0,4
24,0,5,1,7
24,0,5,2,5
24,0,5,3,7
24,0,5,4,4
24,0,5,5,5
24,0,5,6,5
24,0,5,7,7
24,0,5,8,7
24,0,5,9,8
24,0,5,10,7
24,0,5,11,4
24,0,5,12,6
24,0,5,13,5
24,0,5,14,5
24,0,5,15,6
24,0,5,16,7
24,0,5,17,7
24,0,5,18,7
24,0,5,19,7
24,0,5,20,6
24,0,5,21,6
24,0,5,22,6
24,0,5,23,5
24,0,5,24,4
24,0,5,25,5
24,0,5,26,6
24,0,5,27,5
24,0,5,28,5
24,0,5,29,7
24,0,5,30,5
24,0,5,31,4
24,0,6,0,3
24,0,6,1,6
24,0,6,2,7
24,0,6,3,5
24,0,6,4,5
24,0,6,5,5
24,0,6,6,7
24,0,6,7,7
24,0,6,8,5
24,0,6,9,6
24,0,6,10,9
24,0,6,11,7
24,0,6,12,5
24,0,6,13,5
24,0,6,14,4
24,0,6,15,6
24,0,6,16,4
24,0,6,17,6
24,0,6,18,6
24,0,6,19,6
24,0,6,20,3
24,0,6,21,5
24,0,6,22,6
24,0,6,23,3
24,0,6,24,5
24,0,6,25,6
24,0,6,26,8
24,0,6,27,4
24,0,6,28,5
24,0,6,29,6
24,0,6,30,6
24,0,6,31,5
24,0,7,0,3
24,0,7,1,6
24,0,7,2,10
24,0,7,3,7
24,0,7,4,6
24,0,7,5,6
24,0,7,6,8
24,0,7,7,7
24,0,7,8,7
24,0,7,9,3
24,0,7,10,4
24,0,7,11,6
24,0,7,12,4
24,0,7,13,3
24,0,7,14,3
24,0,7,15,6
24,0,7,16,5
24,0,7,17,7
24,0,7,18,5
24,0,7,19,3
24,0,7,20,3
24,0,7,21,7
24,0,7,22,6
24,0,7,23,5
24,0,7,24,6
24,0,7,25,5
24,0,7,26,6
24,0,7,27,8
24,0,7,28,8
24,0,7,29,6
24,0,7,30,9
24,0,7,31,8
25,0,0,0,7
25,0,0,1,8
25,0,0,2,5
25,0,0,3,6
25,0,0,4,8
25,0,0,5,5
25,0,0,6,6
25,0,0,7,4
25,0,0,8,6
25,0,0,9,6
25,0,0,10,7
25,0,0,11,7
25,0,0,12,8
25,0,0,13,6
25,0,0,14,7
25,0,0,15,5
25,0,0,16,5
25,0,0,17,7
25,0,0,18,5
25,0,0,19,4
25,0,0,20,5
25,0,0,21,4
25,0,0,22,5
25,0,0,23,5
25,0,0,24,7
25,0,0,25,5
25,0,0,26,4
25,0,0,27,5
25,0,0,28,3
25,0,0,29,6
25,0,0,30,8
25,0,0,31,7
25,0,1,0,7
25,0,1,1,6
25,0,1,2,4
25,0,1,3,7
25,0,1,4,6
25,0,1,5,5
25,0,1,6,4
25,0,1,7,6
25,0,1,8,6
25,0,1,9,7
25,0,1,10,5
25,0,1,11,9
25,0,1,12,8
25,0,1,13,4
25,0,1,14,6
25,0,1,15,7
25,0,1,16,8
25,0,1,17,4
25,0,1,18,4
25,0,1,19,8
25,0,1,20,4
25,0,1,21,5
25,0,1,22,7
25,0,1,23,6
25,0,1,24,5
25,0,1,25,7
25,0,1,26,3
25,0,1,27,3
25,0,1,28,4
25,0,1,29,4
25,0,1,30,4
25,0,1,31,5
25,0,2,0,4
25,0,2,1,7
25,0,2,2,6
25,0,2,3,5
25,0,2,4,3
25,0,2,5,5
25,0,2,6,5
25,0,2,7,5
25,0,2,8,6
25,0,2,9,9
25,0,2,10,8
25,0,2,11,6
25,0,2,12,7
25,0,2,13,8
25,0,2,14,4
25,0,2,15,5
25,0,2,16,5
25,0,2,17,4
25,0,2,18,7
25,0,2,19,7
25,0,2,20,7
25,0,2,21,8
25,0,2,22,7
25,0,2,23,9
25,0,2,24,8
25,0,2,25,6
25,0,2,26,5
25,0,2,27,5
25,0,2,28,6
25,0,2,29,7
25,0,2,30,5
25,0,2,31,3
25,0,3,0,5
25,0,3,1,3
25,0,3,2,5
25,0,3,3,5
25,0,3,4,5
25,0,3,5,7
25,0,3,6,7
25,0,3,7,7
25,0,3,8,7
25,0,3,9,6
25,0,3,10,6
25,0,3,11,5
25,0,3,12,8
25,0,3,13,6
25,0,3,14,8
25,0,3,15,7
25,0,3,16,9
25,0,3,17,7
25,0,3,18,6
25,0,3,19,6
25,0,3,20,7
25,0,3,21,3
25,0,3,22,4
25,0,3,23,4
25,0,3,24,5
25,0,3,25,5
25,0,3,26,5
25,0,3,27,5
25,0,3,28,6
25,0,3,29,5
25,0,3,30,7
25,0,3,31,5
25,0,4,0,6
25,0,4,1,6
25,0,4,2,7
25,0,4,3,6
25,0,4,4,7
25,0,4,5,5
25,0,4,6,5
25,0,4,7,4
25,0,4,8,4
25,0,4,9,5
25,0,4,10,6
25,0,4,11,7
25,0,4,12,7
25,0,4,13,7
25,0,4,14,6
25,0,4,15,5
25,0,4,16,6
25,0,4,17,5
25,0,4,18,8
25,0,4,19,6
25,0,4,20,6
25,0,4,21,5
25,0,4,22,6
25,0,4,23,6
25,0,4,24,5
25,0,4,25,5
25,0,4,26,5
25,0,4,27,7
25,0,4,28,8
25,0,4,29,5
25,0,4,30,5
25,0,4,31,5
25,0,5,0,6
25,0,5,1,7
25,0,5,2,5
25,0,5,3,5
25,0,5,4,6
25,0,5,5,6
25,0,5,6,8
25,0,5,7,8
25,0,5,8,6
25,0,5,9,5
25,0,5,10,5
25,0,5,11,9
25,0,5,12,12
25,0,5,13,8
25,0,5,14,10
25,0,5,15,11
25,0,5,16,6
25,0,5,17,6
25,0,5,18,7
25,0,5,19,6
25,0,5,20,6
25,0,5,21,6
25,0,5,22,5
25,0,5,23,2
25,0,5,24,5
25,0,5,25,2
25,0,5,26,3
25,0,5,27,2
25,0,5,28,2
25,0,5,29,2
25,0,5,30,5
25,0,5,31,4
25,0,6,0,4
25,0,6,1,6
25,0,6,2,9
25,0,6,3,8
25,0,6,4,6
25,0,6,5,7
25,0,6,6,5
25,0,6,7,5
25,0,6,8,6
25,0,6,9,7
25,0,6,10,5
25,0,6,11,6
25,0,6,12,5
25,0,6,13,6
25,0,6,14,6
25,0,6,15,7
25,0,6,16,4
25,0,6,17,5
25,0,6,18,4
25,0,6,19,3
25,0,6,20,4
25,0,6,21,4
25,0,6,22,7
25,0,6,23,7
25,0,6,24,6
25,0,6,25,6
25,0,6,26,6
25,0,6,27,6
25,0,6,28,6
25,0,6,29,6
25,0,6,30,8
25,0,6,31,5
25,0,7,0,10
25,0,7,1,6
25,0,7,2,6
25,0,7,3,4
25,0,7,4,2
25,0,7,5,5
25,0,7,6,5
25,0,7,7,7
25,0,7,8,5
25,0,7,9,6
25,0,7,10,6
25,0,7,11,5
25,0,7,12,7
25,0,7,13,5
25,0,7,14,3
25,0,7,15,4
25,0,7,16,7
25,0,7,17,7
25,0,7,18,5
25,0,7,19,5
25,0,7,20,8
25,0,7,21,5
25,0,7,22,4
25,0,7,23,3
25,0,7,24,3
25,0,7,25,5
25,0,7,26,6
25,0,7,27,7
25,0,7,28,8
25,0,7,29,6
25,0,7,30,5
25,0,7,31,7
26,0,0,0,8
26,0,0,1,6
26,0,0,2,7
26,0,0,3,6
26,0,0,4,4
26,0,0,5,2
26,0,0,6,4
26,0,0,7,8
26,0,0,8,6
26,0,0,9,6
26,0,0,10,5
26,0,0,11,6
26,0,0,12,5
26,0,0,13,3
26,0,0,14,7
26,0,0,15,7
26,0,0,16,3
26,0,0,17,2
26,0,0,18,4
26,0,0,19,6
26,0,0,20,9
26,0,0,21,6
26,0,0,22,4
26,0,0,23,4
26,0,0,24,6
26,0,0,25,7
26,0,0,26,10
26,0,0,27,8
26,0,0,28,5
26,0,0,29,4
26,0,0,30,8
26,0,0,31,8
26,0,1,0,6
26,0,1,1,5
26,0,1,2,5
26,0,1,3,7
26,0,1,4,4
26,0,1,5,5
26,0,1,6,5
26,0,1,7,3
26,0,1,8,5
26,0,1,9,7
26,0,1,10,7
26,0,1,11,7
26,0,1,12,8
26,0,1,13,7
26,0,1,14,7
26,0,1,15,6
26,0,1,16,7
26,0,1,17,5
26,0,1,18,4
26,0,1,19,6
26,0,1,20,6
26,0,1,21,6
26,0,1,22,7
26,0,1,23,7
26,0,1,24,5
26,0,1,25,7
26,0,1,26,7
26,0,1,27,3
26,0,1,28,5
26,0,1,29,4
26,0,1,30,4
26,0,1,31,6
26,0,2,0,7
26,0,2,1,7
26,0,2,2,7
26,0,2,3,8
26,0,2,4,6
26,0,2,5,5
26,0,2,6,5
26,0,2,7,4
26,0,2,8,4
26,0,2,9,6
26,0,2,10,2
26,0,2,11,3
26,0,2,12,4
26,0,2,13,5
26,0,2,14,6
26,0,2,15,6
26,0,2,16,5
26,0,2,17,6
26,0,2,18,7
26,0,2,19,7
26,0,2,20,4
26,0,2,21,5
26,0,2,22,5
26,0,2,23,4
26,0,2,24,6
26,0,2,25,10
26,0,2,26,9
26,0,2,27,6
26,0,2,28,5
26,0,2,29,4
26,0,2,30,5
26,0,2,31,4
26,0,3,0,6
26,0,3,1,5
26,0,3,2,4
26,0,3,3,6
26,0,3,4,6
26,0,3,5,7
26,0,3,6,9
26,0,3,7,7
26,0,3,8,7
26,0,3,9,5
26,0,3,10,3
26,0,3,11,6
26,0,3,12,4
26,0,3,13,5
26,0,3,14,4
26,0,3,15,3
26,0,3,16,3
26,0,3,17,5
26,0,3,18,7
26,0,3,19,5
26,0,3,20,4
26,0,3,21,7
26,0,3,22,4
26,0,3,23,3
26,0,3,24,4
26,0,3,25,8
26,0,3,26,7
26,0,3,27,7
26,0,3,28,8
26,0,3,29,5
26,0,3,30,7
26,0,3,31,4
26,0,4,0,7
26,0,4,1,7
26,0,4,2,7
26,0,4,3,7
26,0,4,4,7
26,0,4,5,6
26,0,4,6,8
26,0,4,7,8
26,0,4,8,6
26,0,4,9,8
26,0,4,10,5
26,0,4,11,6
26,0,4,12,7
26,0,4,13,4
26,0,4,14,4
26,0,4,15,2
26,0,4,16,4
26,0,4,17,4
26,0,4,18,3
26,0,4,19,4
26,0,4,20,3
26,0,4,21,4
26,0,4,22,5
26,0,4,23,5
26,0,4,24,4
26,0,4,25,8
26,0,4,26,7
26,0,4,27,6
26,0,4,28,6
26,0,4,29,7
26,0,4,30,8
26,0,4,31,7
26,0,5,0,8
26,0,5,1,8
26,0,5,2,8
26,0,5,3,8
26,0,5,4,8
26,0,5,5,10
26,0,5,6,9
26,0,5,7,7
26,0,5,8,8
26,0,5,9,6
26,0,5,10,6
26,0,5,11,6
26,0,5,12,4
26,0,5,13,4
26,0,5,14,5
26,0,5,15,3
26,0,5,16,3
26,0,5,17,2
26,0,5,18,5
26,0,5,19,3
26,0,5,20,2
26,0,5,21,4
26,0,5,22,5
26,0,5,23,4
26,0,5,24,6
26,0,5,25,5
26,0,5,26,3
26,0,5,27,3
26,0,5,28,7
26,0,5,29,7
26,0,5,30,9
26,0,5,31,8
26,0,6,0,8
26,0,6,1,6
26,0,6,2,4
26,0,6,3,5
26,0,6,4,6
26,0,6,5,5
26,0,6,6,5
26,0,6,7,5
26,0,6,8,7
26,0,6,9,8
26,0,6,10,6
26,0,6,11,9
26,0,6,12,6
26,0,6,13,5
26,0,6,14,5
26,0,6,15,6
26,0,6,16,6
26,0,6,17,5
26,0,6,18,5
26,0,6,19,5
26,0,6,20,6
26,0,6,21,6
26,0,6,22,5
26,0,6,23,5
26,0,6,24,5
26,0,6,25,4
26,0,6,26,6
26,0,6,27,7
26,0,6,28,5
26,0,6,29,6
26,0,6,30,6
26,0,6,31,7
26,0,7,0,4
26,0,7,1,5
26,0,7,2,7
26,0,7,3,6
26,0,7,4,4
26,0,7,5,8
26,0,7,6,8
26,0,7,7,8
26,0,7,8,7
26,0,7,9,7
26,0,7,10,7
26,0,7,11,6
26,0,7,12,4
26,0,7,13,5
26,0,7,14,6
26,0,7,15,7
26,0,7,16,8
26,0,7,17,6
26,0,7,18,6
26,0,7,19,5
26,0,7,20,4
26,0,7,21,5
26,0,7,22,6
26,0,7,23,6
26,0,7,24,5
26,0,7,25,5
26,0,7,26,5
26,0,7,27,3
26,0,7,28,4
26,0,7,29,5
26,0,7,30,5
26,0,7,31,5
27,0,0,0,5
27,0,0,1,4
27,0,0,2,5
27,0,0,3,8
27,0,0,4,4
27,0,0,5,4
27,0,0,6,6
27,0,0,7,8
27,0,0,8,7
27,0,0,9,8
27,0,0,10,11
27,0,0,11,10
27,0,0,12,6
27,0,0,13,5
27,0,0,14,5
27,0,0,15,8
27,0,0,16,6
27,0,0,17,5
27,0,0,18,7
27,0,0,19,5
27,0,0,20,6
27,0,0,21,8
27,0,0,22,5
27,0,0,23,6
27,0,0,24,6
27,0,0,25,5
27,0,0,26,3
27,0,0,27,4
27,0,0,28,4
27,0,0,29,4
27,0,0,30,5
27,0,0,31,4
27,0,1,0,5
27,0,1,1,6
27,0,1,2,6
27,0,1,3,7
27,0,1,4,7
27,0,1,5,5
27,0,1,6,6
27,0,1,7,6
27,0,1,8,3
27,0,1,9,4
27,0,1,10,2
27,0,1,11,8
27,0,1,12,6
27,0,1,13,5
27,0,1,14,7
27,0,1,15,4
27,0,1,16,4
27,0,1,17,4
27,0,1,18,5
27,0,1,19,2
27,0,1,20,4
27,0,1,21,7
27,0,1,22,6
27,0,1,23,6
27,0,1,24,4
27,0,1,25,4
27,0,1,26,8
27,0,1,27,6
27,0,1,28,6
27,0,1,29,5
27,0,1,30,5
27,0,1,31,6
27,0,2,0,5
27,0,2,1,5
27,0,2,2,6
27,0,2,3,5
27,0,2,4,6
27,0,2,5,5
27,0,2,6,4
27,0,2,7,4
27,0,2,8,5
27,0,2,9,5
27,0,2,10,9
27,0,2,11,8
27,0,2,12,6
27,0,2,13,8
27,0,2,14,7
27,0,2,15,7
27,0,2,16,7
27,0,2,17,7
27,0,2,18,8
27,0,2,19,7
27,0,2,20,7
27,0,2,21,4
27,0,2,22,4
27,0,2,23,5
27,0,2,24,7
27,0,2,25,4
27,0,2,26,3
27,0,2,27,5
27,0,2,28,7
27,0,2,29,6
27,0,2,30,6
27,0,2,31,3
27,0,3,0,7
27,0,3,1,4
27,0,3,2,6
27,0,3,3,4
27,0,3,4,4
27,0,3,5,5
27,0,3,6,5
27,0,3,7,6
27,0,3,8,6
27,0,3,9,6
27,0,3,10,6
27,0,3,11,7
27,0,3,12,8
27,0,3,13,10
27,0,3,14,9
27,0,3,15,9
27,0,3,16,5
27,0,3,17,6
27,0,3,18,5
27,0,3,19,7
27,0,3,20,6
27,0,3,21,5
27,0,3,22,5
27,0,3,23,5
27,0,3,24,5
27,0,3,25,5
27,0,3,26,5
27,0,3,27,4
27,0,3,28,5
27,0,3,29,6
27,0,3,30,6
27,0,3,31,5
27,0,4,0,5
27,0,4,1,5
27,0,4,2,6
27,0,4,3,5
27,0,4,4,6
27,0,4,5,6
27,0,4,6,5
27,0,4,7,4
27,0,4,8,4
27,0,4,9,6
27,0,4,10,4
27,0,4,11,4
27,0,4,12,8
27,0,4,13,9
27,0,4,14,6
27,0,4,15,6
27,0,4,16,3
27,0,4,17,6
27,0,4,18,6
27,0,4,19,4
27,0,4,20,4
27,0,4,21,5
27,0,4,22,5
27,0,4,23,5
27,0,4,24,7
27,0,4,25,6
27,0,4,26,6
27,0,4,27,8
27,0,4,28,6
27,0,4,29,5
27,0,4,30,5
27,0,4,31,6
27,0,5,0,10
27,0,5,1,4
27,0,5,2,3
27,0,5,3,5
27,0,5,4,7
27,0,5,5,6
27,0,5,6,7
27,0,5,7,8
27,0,5,8,5
27,0,5,9,4
27,0,5,10,6
27,0,5,11,6
27,0,5,12,5
27,0,5,13,4
27,0,5,14,3
27,0,5,15,3
27,0,5,16,7
27,0,5,17,6
27,0,5,18,4
27,0,5,19,6
27,0,5,20,3
27,0,5,21,5
27,0,5,22,4
27,0,5,23,7
27,0,5,24,5
27,0,5,25,3
27,0,5,26,8
27,0,5,27,7
27,0,5,28,5
27,0,5,29,5
27,0,5,30,6
27,0,5,31,8
27,0,6,0,5
27,0,6,1,5
27,0,6,2,4
27,0,6,3,5
27,0,6,4,6
27,0,6,5,4
27,0,6,6,5
27,0,6,7,7
27,0,6,8,6
27,0,6,9,4
27,0,6,10,5
27,0,6,11,6
27,0,6,12,10
27,0,6,13,9
27,0,6,14,4
27,0,6,15,3
27,0,6,16,6
27,0,6,17,6
27,0,6,18,5
27,0,6,19,6
27,0,6,20,7
27,0,6,21,6
27,0,6,22,5
27,0,6,23,6
27,0,6,24,6
27,0,6,25,4
27,0,6,26,7
27,0,6,27,7
27,0,6,28,4
27,0,6,29,3
27,0,6,30,6
27,0,6,31,5
27,0,7,0,8
27,0,7,1,8
27,0,7,2,7
27,0,7,3,8
27,0,7,4,8
27,0,7,5,6
27,0,7,6,7
27,0,7,7,4
27,0,7,8,4
27,0,7,9,6
27,0,7,10,7
27,0,7,11,7
27,0,7,12,6
27,0,7,13,7
27,0,7,14,7
27,0,7,15,8
27,0,7,16,7
27,0,7,17,6
27,0,7,18,5
27,0,7,19,6
27,0,7,20,5
27,0,7,21,6
27,0,7,22,5
27,0,7,23,4
27,0,7,24,4
27,0,7,25,5
27,0,7,26,2
27,0,7,27,4
27,0,7,28,3
27,0,7,29,5
27,0,7,30,4
27,0,7,31,7
28,0,0,0,4
28,0,0,1,3
28,0,0,2,5
28,0,0,3,5
28,0,0,4,6
28,0,0,5,5
28,0,0,6,5
28,0,0,7,7
28,0,0,8,6
28,0,0,9,7
28,0,0,10,8
28,0,0,11,7
28,0,0,12,7
28,0,0,13,8
28,0,0,14,8
28,0,0,15,4
28,0,0,16,7
28,0,0,17,7
28,0,0,18,7
28,0,0,19,8
28,0,0,20,7
28,0,0,21,7
28,0,0,22,7
28,0,0,23,7
28,0,0,24,6
28,0,0,25,5
28,0,0,26,5
28,0,0,27,5
28,0,0,28,5
28,0,0,29,3
28,0,0,30,4
28,0,0,31,5
28,0,1,0,8
28,0,1,1,8
28,0,1,2,9
28,0,1,3,11
28,0,1,4,9
28,0,1,5,6
28,0,1,6,7
28,0,1,7,6
28,0,1,8,6
28,0,1,9,6
28,0,1,10,6
28,0,1,11,4
28,0,1,12,8
28,0,1,13,4
28,0,1,14,1
28,0,1,15,2
28,0,1,16,3
28,0,1,17,2
28,0,1,18,1
28,0,1,19,5
28,0,1,20,5
28,0,1,21,3
28,0,1,22,6
28,0,1,23,6
28,0,1,24,8
28,0,1,25,5
28,0,1,26,6
28,0,1,27,7
28,0,1,28,8
28,0,1,29,7
28,0,1,30,5
28,0,1,31,7
28,0,2,0,6
28,0,2,1,6
28,0,2,2,5
28,0,2,3,6
28,0,2,4,6
28,0,2,5,6
28,0,2,6,8
28,0,2,7,6
28,0,2,8,8
28,0,2,9,9
28,0,2,10,7
28,0,2,11,4
28,0,2,12,4
28,0,2,13,6
28,0,2,14,4
28,0,2,15,4
28,0,2,16,4
28,0,2,17,3
28,0,2,18,3
28,0,2,19,4
28,0,2,20,7
28,0,2,21,7
28,0,2,22,4
28,0,2,23,4
28,0,2,24,7
28,0,2,25,6
28,0,2,26,6
28,0,2,27,6
28,0,2,28,7
28,0,2,29,6
28,0,2,30,5
28,0,2,31,6
28,0,3,0,6
28,0,3,1,5
28,0,3,2,3
28,0,3,3,6
28,0,3,4,5
28,0,3,5,6
28,0,3,6,7
28,0,3,7,7
28,0,3,8,5
28,0,3,9,5
28,0,3,10,6
28,0,3,11,7
28,0,3,12,9
28,0,3,13,7
28,0,3,14,5
28,0,3,15,6
28,0,3,16,4
28,0,3,17,6
28,0,3,18,5
28,0,3,19,6
28,0,3,20,5
28,0,3,21,6
28,0,3,22,6
28,0,3,23,6
28,0,3,24,6
28,0,3,25,7
28,0,3,26,5
28,0,3,27,5
28,0,3,28,7
28,0,3,29,8
28,0,3,30,7
28,0,3,31,9
28,0,4,0,5
28,0,4,1,7
28,0,4,2,5
28,0,4,3,6
28,0,4,4,7
28,0,4,5,7
28,0,4,6,6
28,0,4,7,5
28,0,4,8,7
28,0,4,9,9
28,0,4,10,6
28,0,4,11,6
28,0,4,12,5
28,0,4,13,9
28,0,4,14,6
28,0,4,15,6
28,0,4,16,6
28,0,4,17,6
28,0,4,18,5
28,0,4,19,5
28,0,4,20,5
28,0,4,21,5
28,0,4,22,3
28,0,4,23,4
28,0,4,24,6
28,0,4,25,6
28,0,4,26,5
28,0,4,27,7
28,0,4,28,6
28,0,4,29,4
28,0,4,30,5
28,0,4,31,5
28,0,5,0,3
28,0,5,1,6
28,0,5,2,7
28,0,5,3,3
28,0,5,4,4
28,0,5,5,4
28,0,5,6,3
28,0,5,7,3
28,0,5,8,6
28,0,5,9,5
28,0,5,10,4
28,0,5,11,5
28,0,5,12,7
28,0,5,13,8
28,0,5,14,8
28,0,5,15,7
28,0,5,16,8
28,0,5,17,9
28,0,5,18,8
28,0,5,19,5
28,0,5,20,7
28,0,5,21,7
28,0,5,22,4
28,0,5,23,6
28,0,5,24,7
28,0,5,25,9
28,0,5,26,8
28,0,5,27,4
28,0,5,28,5
28,0,5,29,5
28,0,5,30,5
28,0,5,31,4
28,0,6,0,9
28,0,6,1,10
28,0,6,2,8
28,0,6,3,6
28,0,6,4,5
28,0,6,5,7
28,0,6,6,5
28,0,6,7,3
28,0,6,8,4
28,0,6,9,4
28,0,6,10,4
28,0,6,11,3
28,0,6,12,5
28,0,6,13,8
28,0,6,14,6
28,0,6,15,5
28,0,6,16,6
28,0,6,17,8
28,0,6,18,7
28,0,6,19,4
28,0,6,20,5
28,0,6,21,5
28,0,6,22,3
28,0,6,23,5
28,0,6,24,6
28,0,6,25,6
28,0,6,26,4
28,0,6,27,3
28,0,6,28,7
28,0,6,29,5
28,0,6,30,6
28,0,6,31,6
28,0,7,0,5
28,0,7,1,8
28,0,7,2,5
28,0,7,3,7
28,0,7,4,9
28,0,7,5,8
28,0,7,6,6
28,0,7,7,5
28,0,7,8,6
28,0,7,9,5
28,0,7,10,6
28,0,7,11,7
28,0,7,12,6
28,0,7,13,7
28,0,7,14,4
28,0,7,15,5
28,0,7,16,4
28,0,7,17,5
28,0,7,18,5
28,0,7,19,4
28,0,7,20,6
28,0,7,21,5
28,0,7,22,5
28,0,7,23,5
28,0,7,24,4
28,0,7,25,5
28,0,7,26,6
28,0,7,27,8
28,0,7,28,6
28,0,7,29,4
28,0,7,30,4
28,0,7,31,4
29,0,0,0,6
29,0,0,1,5
29,0,0,2,8
29,0,0,3,7
29,0,0,4,8
29,0,0,5,7
29,0,0,6,6
29,0,0,7,5
29,0,0,8,6
29,0,0,9,7
29,0,0,10,9
29,0,0,11,7
29,0,0,12,4
29,0,0,13,6
29,0,0,14,6
29,0,0,15,4
29,0,0,16,4
29,0,0,17,5
29,0,0,18,5
29,0,0,19,6
29,0,0,20,6
29,0,0,21,4
29,0,0,22,5
29,0,0,23,4
29,0,0,24,4
29,0,0,25,6
29,0,0,26,6
29,0,0,27,7
29,0,0,28,8
29,0,0,29,8
29,0,0,30,6
29,0,0,31,8
29,0,1,0,6
29,0,1,1,6
29,0,1,2,6
29,0,1,3,6
29,0,1,4,7
29,0,1,5,6
29,0,1,6,6
29,0,1,7,7
29,0,1,8,7
29,0,1,9,7
29,0,1,10,7
29,0,1,11,6
29,0,1,12,7
29,0,1,13,8
29,0,1,14,7
29,0,1,15,7
29,0,1,16,8
29,0,1,17,9
29,0,1,18,6
29,0,1,19,6
29,0,1,20,7
29,0,1,21,5
29,0,1,22,4
29,0,1,23,4
29,0,1,24,5
29,0,1,25,4
29,0,1,26,4
29,0,1,27,6
29,0,1,28,6
29,0,1,29,5
29,0,1,30,5
29,0,1,31,4
29,0,2,0,7
29,0,2,1,5
29,0,2,2,5
29,0,2,3,6
29,0,2,4,4
29,0,2,5,5
29,0,2,6,6
29,0,2,7,9
29,0,2,8,7
29,0,2,9,7
29,0,2,10,7
29,0,2,11,7
29,0,2,12,7
29,0,2,13,7
29,0,2,14,6
29,0,2,15,8
29,0,2,16,4
29,0,2,17,6
29,0,2,18,7
29,0,2,19,6
29,0,2,20,5
29,0,2,21,5
29,0,2,22,5
29,0,2,23,4
29,0,2,24,3
29,0,2,25,5
29,0,2,26,5
29,0,2,27,4
29,0,2,28,4
29,0,2,29,7
29,0,2,30,7
29,0,2,31,6
29,0,3,0,6
29,0,3,1,6
29,0,3,2,6
29,0,3,3,6
29,0,3,4,5
29,0,3,5,5
29,0,3,6,5
29,0,3,7,5
29,0,3,8,4
29,0,3,9,6
29,0,3,10,6
29,0,3,11,5
29,0,3,12,8
29,0,3,13,7
29,0,3,14,9
29,0,3,15,8
29,0,3,16,5
29,0,3,17,3
29,0,3,18,4
29,0,3,19,4
29,0,3,20,6
29,0,3,21,8
29,0,3,22,8
29,0,3,23,9
29,0,3,24,6
29,0,3,25,4
29,0,3,26,6
29,0,3,27,9
29,0,3,28,6
29,0,3,29,7
29,0,3,30,6
29,0,3,31,6
29,0,4,0,5
29,0,4,1,4
29,0,4,2,7
29,0,4,3,7
29,0,4,4,6
29,0,4,5,7
29,0,4,6,7
29,0,4,7,5
29,0,4,8,3
29,0,4,9,4
29,0,4,10,4
29,0,4,11,6
29,0,4,12,5
29,0,4,13,7
29,0,4,14,8
29,0,4,15,6
29,0,4,16,6
29,0,4,17,5
29,0,4,18,4
29,0,4,19,5
29,0,4,20,5
29,0,4,21,7
29,0,4,22,9
29,0,4,23,5
29,0,4,24,3
29,0,4,25,7
29,0,4,26,5
29,0,4,27,7
29,0,4,28,7
29,0,4,29,4
29,0,4,30,7
29,0,4,31,4
29,0,5,0,6
29,0,5,1,4
29,0,5,2,4
29,0,5,3,5
29,0,5,4,6
29,0,5,5,7
29,0,5,6,6
29,0,5,7,5
29,0,5,8,8
29,0,5,9,7
29,0,5,10,5
29,0,5,11,5
29,0,5,12,6
29,0,5,13,6
29,0,5,14,4
29,0,5,15,8
29,0,5,16,7
29,0,5,17,4
29,0,5,18,9
29,0,5,19,6
29,0,5,20,4
29,0,5,21,3
29,0,5,22,6
29,0,5,23,5
29,0,5,24,6
29,0,5,25,8
29,0,5,26,5
29,0,5,27,8
29,0,5,28,7
29,0,5,29,7
29,0,5,30,7
29,0,5,31,8
29,0,6,0,7
29,0,6,1,4
29,0,6,2,7
29,0,6,3,6
29,0,6,4,5
29,0,6,5,7
29,0,6,6,4
29,0,6,7,4
29,0,6,8,3
29,0,6,9,3
29,0,6,10,4
29,0,6,11,7
29,0,6,12,6
29,0,6,13,6
29,0,6,14,6
29,0,6,15,7
29,0,6,16,8
29,0,6,17,5
29,0,6,18,6
29,0,6,19,6
29,0,6,20,5
29,0,6,21,6
29,0,6,22,5
29,0,6,23,5
29,0,6,24,4
29,0,6,25,6
29,0,6,26,9
29,0,6,27,9
29,0,6,28,6
29,0,6,29,6
29,0,6,30,8
29,0,6,31,7
29,0,7,0,7
29,0,7,1,8
29,0,7,2,7
29,0,7,3,7
29,0,7,4,5
29,0,7,5,5
29,0,7,6,5
29,0,7,7,6
29,0,7,8,6
29,0,7,9,7
29,0,7,10,6
29,0,7,11,5
29,0,7,12,4
29,0,7,13,6
29,0,7,14,6
29,0,7,15,6
29,0,7,16,5
29,0,7,17,5
29,0,7,18,5
29,0,7,19,5
29,0,7,20,7
29,0,7,21,8
29,0,7,22,7
29,0,7,23,4
29,0,7,24,5
29,0,7,25,3
29,0,7,26,5
29,0,7,27,7
29,0,7,28,6
29,0,7,29,6
29,0,7,30,7
29,0,7,31,8
30,0,0,0,7
30,0,0,1,7
30,0,0,2,7
30,0,0,3,6
30,0,0,4,7
30,0,0,5,8
30,0,0,6,4
30,0,0,7,7
30,0,0,8,6
30,0,0,9,5
30,0,0,10,6
30,0,0,11,2
30,0,0,12,6
30,0,0,13,9
30,0,0,14,6
30,0,0,15,4
30,0,0,16,4
30,0,0,17,5
30,0,0,18,5
30,0,0,19,5
30,0,0,20,6
30,0,0,21,4
30,0,0,22,4
30,0,0,23,7
30,0,0,24,4
30,0,0,25,6
30,0,0,26,4
30,0,0,27,5
30,0,0,28,7
30,0,0,29,7
30,0,0,30,7
30,0,0,31,6
30,0,1,0,6
30,0,1,1,6
30,0,1,2,6
30,0,1,3,5
30,0,1,4,6
30,0,1,5,8
30,0,1,6,7
30,0,1,7,6
30,0,1,8,5
30,0,1,9,3
30,0,1,10,5
30,0,1,11,7
30,0,1,12,6
30,0,1,13,7
30,0,1,14,7
30,0,1,15,4
30,0,1,16,4
30,0,1,17,7
30,0,1,18,6
30,0,1,19,5
30,0,1,20,7
30,0,1,21,6
30,0,1,22,5
30,0,1,23,4
30,0,1,24,7
30,0,1,25,7
30,0,1,26,6
30,0,1,27,5
30,0,1,28,5
30,0,1,29,6
30,0,1,30,6
30,0,1,31,7
30,0,2,0,4
30,0,2,1,7
30,0,2,2,7
30,0,2,3,5
30,0,2,4,6
30,0,2,5,5
30,0,2,6,8
30,0,2,7,7
30,0,2,8,6
30,0,2,9,6
30,0,2,10,4
30,0,2,11,6
30,0,2,12,5
30,0,2,13,6
30,0,2,14,6
30,0,2,15,5
30,0,2,16,7
30,0,2,17,7
30,0,2,18,6
30,0,2,19,5
30,0,2,20,4
30,0,2,21,4
30,0,2,22,3
30,0,2,23,4
30,0,2,24,7
30,0,2,25,6
30,0,2,26,7
30,0,2,27,7
30,0,2,28,6
30,0,2,29,4
30,0,2,30,6
30,0,2,31,4
30,0,3,0,9
30,0,3,1,7
30,0,3,2,8
30,0,3,3,5
30,0,3,4,7
30,0,3,5,5
30,0,3,6,8
30,0,3,7,10
30,0,3,8,7
30,0,3,9,5
30,0,3,10,4
30,0,3,11,5
30,0,3,12,6
30,0,3,13,7
30,0,3,14,8
30,0,3,15,6
30,0,3,16,7
30,0,3,17,3
30,0,3,18,5
30,0,3,19,4
30,0,3,20,4
30,0,3,21,2
30,0,3,22,2
30,0,3,23,4
30,0,3,24,3
30,0,3,25,3
30,0,3,26,5
30,0,3,27,3
30,0,3,28,4
30,0,3,29,7
30,0,3,30,6
30,0,3,31,5
30,0,4,0,7
30,0,4,1,7
30,0,4,2,6
30,0,4,3,8
30,0,4,4,8
30,0,4,5,6
30,0,4,6,8
30,0,4,7,7
30,0,4,8,5
30,0,4,9,6
30,0,4,10,4
30,0,4,11,5
30,0,4,12,8
30,0,4,13,6
30,0,4,14,7
30,0,4,15,6
30,0,4,16,6
30,0,4,17,5
30,0,4,18,6
30,0,4,19,2
30,0,4,20,5
30,0,4,21,6
30,0,4,22,7
30,0,4,23,6
30,0,4,24,6
30,0,4,25,5
30,0,4,26,5
30,0,4,27,4
30,0,4,28,5
30,0,4,29,3
30,0,4,30,6
30,0,4,31,7
30,0,5,0,5
30,0,5,1,4
30,0,5,2,3
30,0,5,3,3
30,0,5,4,5
30,0,5,5,7
30,0,5,6,8
30,0,5,7,6
30,0,5,8,7
30,0,5,9,9
30,0,5,10,9
30,0,5,11,7
30,0,5,12,7
30,0,5,13,6
30,0,5,14,6
30,0,5,15,5
30,0,5,16,6
30,0,5,17,6
30,0,5,18,6
30,0,5,19,6
30,0,5,20,6
30,0,5,21,7
30,0,5,22,6
30,0,5,23,5
30,0,5,24,6
30,0,5,25,4
30,0,5,26,6
30,0,5,27,5
30,0,5,28,4
30,0,5,29,3
30,0,5,30,6
30,0,5,31,5
30,0,6,0,6
30,0,6,1,9
30,0,6,2,7
30,0,6,3,6
30,0,6,4,6
30,0,6,5,5
30,0,6,6,4
30,0,6,7,5
30,0,6,8,6
30,0,6,9,7
30,0,6,10,7
30,0,6,11,8
30,0,6,12,9
30,0,6,13,8
30,0,6,14,6
30,0,6,15,8
30,0,6,16,6
30,0,6,17,5
30,0,6,18,4
30,0,6,19,6
30,0,6,20,5
30,0,6,21,5
30,0,6,22,6
30,0,6,23,4
30,0,6,24,5
30,0,6,25,6
30,0,6,26,5
30,0,6,27,6
30,0,6,28,5
30,0,6,29,6
30,0,6,30,6
30,0,6,31,6
30,0,7,0,7
30,0,7,1,5
30,0,7,2,6
30,0,7,3,5
30,0,7,4,3
30,0,7,5,5
30,0,7,6,5
30,0,7,7,6
30,0,7,8,7
30,0,7,9,7
30,0,7,10,3
30,0,7,11,5
30,0,7,12,8
30,0,7,13,6
30,0,7,14,3
30,0,7,15,5
30,0,7,16,7
30,0,7,17,5
30,0,7,18,3
30,0,7,19,5
30,0,7,20,2
30,0,7,21,4
30,0,7,22,4
30,0,7,23,6
30,0,7,24,6
30,0,7,25,8
30,0,7,26,5
30,0,7,27,8
30,0,7,28,8
30,0,7,29,8
30,0,7,30,5
30,0,7,31,6
31,0,0,0,5
31,0,0,1,5
31,0,0,2,5
31,0,0,3,6
31,0,0,4,7
31,0,0,5,7
31,0,0,6,7
31,0,0,7,7
31,0,0,8,7
31,0,0,9,7
31,0,0,10,8
31,0,0,11,8
31,0,0,12,7
31,0,0,13,6
31,0,0,14,5
31,0,0,15,6
31,0,0,16,4
31,0,0,17,4
31,0,0,18,5
31,0,0,19,6
31,0,0,20,5
31,0,0,21,4
31,0,0,22,7
31,0,0,23,5
31,0,0,24,6
31,0,0,25,6
31,0,0,26,5
31,0,0,27,5
31,0,0,28,6
31,0,0,29,4
31,0,0,30,4
31,0,0,31,6
31,0,1,0,7
31,0,1,1,8
31,0,1,2,5
31,0,1,3,6
31,0,1,4,6
31,0,1,5,9
31,0,1,6,8
31,0,1,7,5
31,0,1,8,6
31,0,1,9,9
31,0,1,10,9
31,0,1,11,6
31,0,1,12,7
31,0,1,13,9
31,0,1,14,4
31,0,1,15,4
31,0,1,16,4
31,0,1,17,3
31,0,1,18,4
31,0,1,19,5
31,0,1,20,2
31,0,1,21,3
31,0,1,22,4
31,0,1,23,6
31,0,1,24,6
31,0,1,25,4
31,0,1,26,5
31,0,1,27,5
31,0,1,28,4
31,0,1,29,3
31,0,1,30,6
31,0,1,31,6
31,0,2,0,5
31,0,2,1,7
31,0,2,2,7
31,0,2,3,6
31,0,2,4,4
31,0,2,5,4
31,0,2,6,4
31,0,2,7,5
31,0,2,8,5
31,0,2,9,5
31,0,2,10,8
31,0,2,11,7
31,0,2,12,4
31,0,2,13,4
31,0,2,14,4
31,0,2,15,4
31,0,2,16,6
31,0,2,17,5
31,0,2,18,8
31,0,2,19,7
31,0,2,20,8
31,0,2,21,5
31,0,2,22,6
31,0,2,23,5
31,0,2,24,5
31,0,2,25,7
31,0,2,26,8
31,0,2,27,8
31,0,2,28,7
31,0,2,29,5
31,0,2,30,6
31,0,2,31,6
31,0,3,0,3
31,0,3,1,4
31,0,3,2,4
31,0,3,3,6
31,0,3,4,6
31,0,3,5,5
31,0,3,6,6
31,0,3,7,8
31,0,3,8,5
31,0,3,9,6
31,0,3,10,7
31,0,3,11,9
31,0,3,12,8
31,0,3,13,8
31,0,3,14,9
31,0,3,15,6
31,0,3,16,7
31,0,3,17,8
31,0,3,18,7
31,0,3,19,7
31,0,3,20,6
31,0,3,21,5
31,0,3,22,5
31,0,3,23,5
31,0,3,24,5
31,0,3,25,5
31,0,3,26,5
31,0,3,27,3
31,0,3,28,3
31,0,3,29,2
31,0,3,30,2
31,0,3,31,4
31,0,4,0,8
31,0,4,1,7
31,0,4,2,6
31,0,4,3,4
31,0,4,4,3
31,0,4,5,3
31,0,4,6,5
31,0,4,7,8
31,0,4,8,7
31,0,4,9,7
31,0,4,10,5
31,0,4,11,6
31,0,4,12,7
31,0,4,13,8
31,0,4,14,7
31,0,4,15,11
31,0,4,16,4
31,0,4,17,3
31,0,4,18,3
31,0,4,19,4
31,0,4,20,5
31,0,4,21,5
31,0,4,22,6
31,0,4,23,6
31,0,4,24,3
31,0,4,25,4
31,0,4,26,6
31,0,4,27,6
31,0,4,28,5
31,0,4,29,6
31,0,4,30,6
31,0,4,31,6
31,0,5,0,5
31,0,5,1,3
31,0,5,2,4
31,0,5,3,6
31,0,5,4,5
31,0,5,5,6
31,0,5,6,7
31,0,5,7,5
31,0,5,8,6
31,0,5,9,7
31,0,5,10,8
31,0,5,11,10
31,0,5,12,9
31,0,5,13,6
31,0,5,14,7
31,0,5,15,7
31,0,5,16,4
31,0,5,17,5
31,0,5,18,6
31,0,5,19,5
31,0,5,20,5
31,0,5,21,5
31,0,5,22,4
31,0,5,23,5
31,0,5,24,4
31,0,5,25,5
31,0,5,26,7
31,0,5,27,5
31,0,5,28,6
31,0,5,29,6
31,0,5,30,8
31,0,5,31,6
31,0,6,0,5
31,0,6,1,6
31,0,6,2,6
31,0,6,3,7
31,0,6,4,6
31,0,6,5,6
31,0,6,6,6
31,0,6,7,6
31,0,6,8,7
31,0,6,9,9
31,0,6,10,9
31,0,6,11,6
31,0,6,12,7
31,0,6,13,6
31,0,6,14,6
31,0,6,15,5
31,0,6,16,4
31,0,6,17,5
31,0,6,18,4
31,0,6,19,5
31,0,6,20,6
31,0,6,21,5
31,0,6,22,7
31,0,6,23,6
31,0,6,24,5
31,0,6,25,4
31,0,6,26,4
31,0,6,27,5
31,0,6,28,4
31,0,6,29,5
31,0,6,30,6
31,0,6,31,6
31,0,7,0,5
31,0,7,1,6
31,0,7,2,6
31,0,7,3,6
31,0,7,4,7
31,0,7,5,6
31,0,7,6,6
31,0,7,7,5
31,0,7,8,6
31,0,7,9,7
31,0,7,10,7
31,0,7,11,6
31,0,7,12,4
31,0,7,13,6
31,0,7,14,4
31,0,7,15,5
31,0,7,16,7
31,0,7,17,5
31,0,7,18,4
31,0,7,19,8
31,0,7,20,8
31,0,7,21,6
31,0,7,22,7
31,0,7,23,5
31,0,7,24,6
31,0,7,25,5
31,0,7,26,4
31,0,7,27,6
31,0,7,28,5
31,0,7,29,6
31,0,7,30,7
31,0,7,31,8
