plane_index,reads_count
0,3
1,1
2,0
3,0
4,0
5,0
6,0
7,1
8,1
9,0
10,1
11,2
12,1
13,1
14,1
15,1
16,0
17,0
18,0
19,0
20,1
21,2
22,2
23,1
24,2
25,2
26,1
27,2
28,1
29,1
30,1
31,1
32,1
33,1
34,1
35,3
36,3
37,1
38,1
39,1
40,1
41,3
42,2
43,1
44,1
45,1
46,2
47,2
48,1
49,2
50,1
51,0
52,0
53,2
54,2
55,0
56,3
57,2
58,0
59,0
60,0
61,0
62,0
63,0
64,0
65,0
66,1
67,2
68,1
69,1
70,1
71,1
72,1
73,1
74,1
75,1
76,0
77,1
78,2
79,2
80,1
81,1
82,1
83,0
84,0
85,1
86,0
87,0
88,2
89,2
90,3
91,2
92,0
93,1
94,2
95,1
96,0
97,0
98,0
99,1
100,0
101,0
102,0
103,1
104,0
105,0
106,1
107,1
108,2
109,2
110,3
111,1
112,0
113,0
114,1
115,2
116,0
117,0
118,1
119,2
120,1
121,0
122,1
123,1
124,5
125,5
126,0
127,0
128,1
129,1
130,2
131,2
132,0
133,0
134,0
135,0
136,0
137,1
138,2
139,3
140,2
141,0
142,0
143,2
144,3
145,1
146,1
147,1
148,1
149,3
150,1
151,1
152,1
153,0
154,0
155,2
156,0
157,0
158,0
159,0
160,2
161,3
162,2
163,2
164,3
165,4
166,6
167,5
168,3
169,2
170,1
171,2
172,2
173,0
174,0
175,0
176,1
177,2
178,2
179,1
180,1
181,0
182,0
183,0
184,0
185,0
186,0
187,0
188,0
189,0
190,0
191,2
192,1
193,1
194,2
195,2
196,2
197,2
198,1
199,1
200,1
201,0
202,1
203,1
204,2
205,2
206,0
207,0
208,1
209,1
210,2
211,2
212,2
213,1
214,1
215,1
216,1
217,1
218,0
219,1
220,1
221,0
222,1
223,2
224,1
225,2
226,1
227,1
228,3
229,1
230,0
231,2
232,1
233,1
234,1
235,0
236,0
237,0
238,0
239,1
240,0
241,0
242,1
243,1
244,3
245,3
246,1
247,2
248,3
249,1
250,0
251,0
252,1
253,1
254,1
255,0
256,0
257,0
258,2
259,1
260,0
261,1
262,1
263,0
264,2
265,2
266,1
267,1
268,1
269,1
270,2
271,1
272,0
273,2
274,0
275,0
276,1
277,0
278,0
279,0
280,0
281,1
282,2
283,2
284,1
285,2
286,0
287,0
288,1
289,3
290,3
291,3
292,1
293,1
294,0
295,0
296,2
297,1
298,2
299,0
300,0
301,1
302,1
303,0
304,0
305,0
306,2
307,1
308,0
309,0
310,0
311,0
312,1
313,1
314,1
315,2
316,1
317,2
318,0
319,0
320,2
321,2
322,0
323,0
324,0
325,1
326,1
327,0
328,0
329,1
330,0
331,2
332,3
333,2
334,1
335,0
336,2
337,2
338,1
339,2
340,1
341,1
342,1
343,0
344,0
345,0
346,0
347,0
348,0
349,1
350,2
351,1
352,1
353,2
354,0
355,0
356,1
357,1
358,2
359,1
360,2
361,2
362,1
363,1
364,1
365,0
366,0
367,0
368,0
369,0
370,1
371,2
372,0
373,0
374,1
375,2
376,0
377,0
378,0
379,2
380,3
381,1
382,1
383,1
384,0
385,1
386,2
387,2
388,1
389,1
390,0
391,1
392,2
393,2
394,1
395,2
396,1
397,0
398,1
399,0
400,1
401,1
402,0
403,1
404,1
405,0
406,1
407,1
408,1
409,1
410,1
411,1
412,2
413,0
414,0
415,0
416,1
417,1
418,0
419,0
420,0
421,0
422,1
423,1
424,1
425,2
426,2
427,1
428,0
429,1
430,2
431,2
432,1
433,2
434,2
435,2
436,2
437,2
438,1
439,2
440,1
441,1
442,0
443,0
444,1
445,1
446,2
447,2
448,0
449,1
450,2
451,0
452,0
453,0
454,0
455,2
456,2
457,1
458,0
459,1
460,1
461,1
462,2
463,1
464,0
465,1
466,0
467,0
468,0
469,0
470,1
471,2
472,0
473,0
474,3
475,2
476,1
477,2
478,2
479,1
480,2
481,2
482,0
483,1
484,1
485,1
486,2
487,1
488,1
489,1
490,1
491,1
492,1
493,1
494,1
495,1
496,1
497,2
498,1
499,1
500,1
501,0
502,0
503,0
504,1
505,1
506,0
507,0
508,1
509,1
510,1
511,2
512,1
513,0
514,0
515,0
516,0
517,0
518,0
519,0
520,2
521,0
522,0
523,0
524,0
525,0
526,1
527,0
528,0
529,0
530,2
531,2
532,0
533,1
534,2
535,1
536,1
537,1
538,2
539,2
540,1
541,2
542,2
543,2
544,1
545,0
546,2
547,2
548,1
549,0
550,0
551,0
552,0
553,1
554,1
555,1
556,1
557,1
558,1
559,1
560,1
561,2
562,2
563,2
564,1
565,1
566,1
567,1
568,0
569,0
570,1
571,0
572,0
573,0
574,2
575,3
576,1
577,1
578,2
579,2
580,3
581,1
582,0
583,0
584,1
585,1
586,0
587,0
588,0
589,1
590,0
591,1
592,0
593,0
594,0
595,1
596,1
597,0
598,0
599,0
600,0
601,1
602,3
603,3
604,2
605,1
606,1
607,2
608,1
609,1
610,0
611,1
612,2
613,2
614,1
615,3
616,3
617,2
618,3
619,1
620,0
621,0
622,0
623,0
624,0
625,0
626,0
627,1
628,0
629,0
630,1
631,0
632,0
633,1
634,1
635,0
636,1
637,1
638,1
639,0
640,1
641,0
642,0
643,0
644,0
645,0
646,0
647,0
648,0
649,1
650,1
651,2
652,1
653,1
654,2
655,1
656,1
657,1
658,0
659,1
660,1
661,1
662,1
663,2
664,2
665,3
666,2
667,2
668,2
669,1
670,0
671,1
672,4
673,0
674,0
675,0
676,1
677,1
678,0
679,1
680,2
681,1
682,0
683,0
684,0
685,1
686,0
687,1
688,1
689,0
690,0
691,1
692,0
693,1
694,1
695,1
696,1
697,0
698,1
699,1
700,2
701,2
702,1
703,0
704,1
705,0
706,0
707,0
708,1
709,0
710,1
711,0
712,0
713,0
714,1
715,0
716,1
717,1
718,1
719,0
720,1
721,0
722,0
723,0
724,2
725,2
726,2
727,3
728,0
729,1
730,0
731,1
732,1
733,1
734,0
735,1
736,2
737,0
738,0
739,1
740,2
741,1
742,0
743,0
744,1
745,1
746,0
747,0
748,2
749,2
750,0
751,0
752,0
753,1
754,0
755,1
756,2
757,2
758,1
759,1
760,1
761,0
762,1
763,1
764,1
765,1
766,2
767,2
768,1
769,2
770,1
771,0
772,0
773,1
774,2
775,2
776,2
777,2
778,0
779,0
780,0
781,1
782,0
783,0
784,0
785,0
786,0
787,0
788,1
789,1
790,2
791,1
792,1
793,1
794,1
795,1
796,1
797,2
798,1
799,1
800,0
801,0
802,0
803,0
804,0
805,0
806,2
807,1
808,2
809,0
810,1
811,1
812,1
813,1
814,1
815,0
816,0
817,0
818,2
819,0
820,0
821,0
822,3
823,2
824,1
825,2
826,0
827,0
828,0
829,2
830,2
831,1
832,1
833,1
834,1
835,1
836,1
837,0
838,1
839,1
840,0
841,0
842,0
843,1
844,1
845,1
846,2
847,1
848,3
849,1
850,3
851,1
852,1
853,0
854,0
855,1
856,2
857,0
858,0
859,1
860,2
861,0
862,0
863,1
864,0
865,0
866,2
867,1
868,1
869,1
870,0
871,0
872,1
873,1
874,1
875,1
876,1
877,1
878,1
879,1
880,1
881,1
882,1
883,1
884,1
885,1
886,1
887,1
888,1
889,1
890,1
891,1
892,1
893,1
894,2
895,1
896,2
897,2
898,0
899,0
900,1
901,1
902,0
903,0
904,1
905,1
906,0
907,0
908,2
909,1
910,2
911,1
912,1
913,1
914,1
915,0
916,1
917,2
918,2
919,1
920,0
921,1
922,1
923,1
924,0
925,1
926,2
927,1
928,1
929,1
930,1
931,0
932,1
933,1
934,1
935,1
936,1
937,1
938,3
939,2
940,3
941,1
942,2
943,2
944,0
945,0
946,1
947,1
948,0
949,1
950,0
951,0
952,1
953,0
954,0
955,0
956,0
957,0
958,0
959,1
960,1
961,1
962,0
963,0
964,0
965,0
966,0
967,0
968,1
969,1
970,1
971,0
972,0
973,1
974,1
975,1
976,1
977,0
978,0
979,0
980,0
981,0
982,1
983,2
984,2
985,2
986,2
987,3
988,3
989,3
990,0
991,1
992,3
993,3
994,1
995,1
996,1
997,0
998,0
999,1
1000,1
1001,1
1002,0
1003,0
1004,0
1005,0
1006,0
1007,0
1008,0
1009,0
1010,1
1011,1
1012,1
1013,1
1014,2
1015,2
1016,3
1017,2
1018,0
1019,0
1020,2
1021,2
1022,1
1023,0
1024,1
1025,1
1026,0
1027,0
1028,0
1029,1
1030,0
1031,1
1032,1
1033,0
1034,0
1035,0
1036,1
1037,1
1038,1
1039,1
1040,2
1041,2
1042,1
1043,1
1044,1
1045,1
1046,1
1047,2
1048,2
1049,3
1050,0
1051,2
1052,2
1053,0
1054,0
1055,1
1056,0
1057,0
1058,0
1059,0
1060,0
1061,1
1062,1
1063,0
1064,1
1065,1
1066,1
1067,1
1068,3
1069,4
1070,3
1071,2
1072,1
1073,1
1074,2
1075,2
1076,1
1077,1
1078,0
1079,1
1080,1
1081,1
1082,0
1083,0
1084,0
1085,1
1086,1
1087,0
1088,0
1089,0
1090,0
1091,0
1092,1
1093,1
1094,1
1095,0
1096,1
1097,1
1098,1
1099,0
1100,0
1101,0
1102,0
1103,1
1104,1
1105,0
1106,1
1107,1
1108,1
1109,0
1110,1
1111,2
1112,3
1113,2
1114,2
1115,5
1116,2
1117,2
1118,0
1119,0
1120,3
1121,3
1122,1
1123,0
1124,1
1125,0
1126,2
1127,2
1128,0
1129,0
1130,0
1131,1
1132,1
1133,1
1134,2
1135,0
1136,0
1137,1
1138,1
1139,0
1140,0
1141,0
1142,0
1143,0
1144,1
1145,1
1146,2
1147,2
1148,1
1149,1
1150,1
1151,1
1152,1
1153,1
1154,0
1155,0
1156,0
1157,0
1158,2
1159,1
1160,1
1161,1
1162,0
1163,0
1164,0
1165,0
1166,0
1167,1
1168,2
1169,2
1170,2
1171,1
1172,2
1173,1
1174,1
1175,0
1176,1
1177,1
1178,2
1179,2
1180,1
1181,1
1182,0
1183,1
1184,0
1185,0
1186,1
1187,2
1188,1
1189,1
1190,3
1191,1
1192,1
1193,1
1194,1
1195,1
1196,1
1197,2
1198,1
1199,1
1200,0
1201,0
1202,1
1203,1
1204,0
1205,0
1206,0
1207,1
1208,1
1209,1
1210,2
1211,1
1212,1
1213,1
1214,0
1215,0
1216,2
1217,2
1218,0
1219,1
1220,2
1221,0
1222,2
1223,0
1224,2
1225,0
1226,1
1227,0
1228,0
1229,0
1230,0
1231,0
1232,1
1233,1
1234,1
1235,1
1236,2
1237,2
1238,1
1239,1
1240,1
1241,0
1242,0
1243,2
1244,1
1245,1
1246,1
1247,0
1248,1
1249,1
1250,2
1251,1
1252,0
1253,2
1254,1
1255,1
1256,2
1257,2
1258,0
1259,0
1260,1
1261,1
1262,0
1263,0
1264,0
1265,0
1266,1
1267,0
1268,2
1269,2
1270,2
1271,1
1272,0
1273,0
1274,1
1275,1
1276,1
1277,3
1278,2
1279,1
1280,0
1281,0
1282,0
1283,0
1284,0
1285,0
1286,0
1287,0
1288,0
1289,1
1290,0
1291,0
1292,1
1293,2
1294,2
1295,2
1296,3
1297,2
1298,2
1299,0
1300,0
1301,1
1302,2
1303,2
1304,2
1305,1
1306,0
1307,1
1308,1
1309,1
1310,1
1311,1
1312,1
1313,0
1314,0
1315,1
1316,0
1317,0
1318,0
1319,0
1320,0
1321,0
1322,1
1323,0
1324,0
1325,1
1326,1
1327,2
1328,1
1329,2
1330,3
1331,1
1332,3
1333,3
1334,4
1335,1
1336,1
1337,0
1338,0
1339,0
1340,1
1341,1
1342,0
1343,0
1344,0
1345,0
1346,0
1347,1
1348,0
1349,2
1350,1
1351,2
1352,1
1353,1
1354,0
1355,2
1356,1
1357,1
1358,1
1359,1
1360,1
1361,2
1362,3
1363,1
1364,1
1365,0
1366,1
1367,2
1368,1
1369,0
1370,0
1371,0
1372,0
1373,0
1374,0
1375,1
1376,1
1377,2
1378,1
1379,1
1380,0
1381,1
1382,0
1383,1
1384,2
1385,1
1386,0
1387,0
1388,0
1389,1
1390,1
1391,1
1392,1
1393,0
1394,0
1395,0
1396,2
1397,3
1398,3
1399,2
1400,1
1401,1
1402,0
1403,0
1404,1
1405,0
1406,1
1407,1
1408,1
1409,1
1410,1
1411,1
1412,1
1413,1
1414,1
1415,1
1416,1
1417,2
1418,1
1419,1
1420,2
1421,2
1422,0
1423,0
1424,0
1425,1
1426,1
1427,1
1428,0
1429,0
1430,0
1431,0
1432,0
1433,0
1434,1
1435,1
1436,1
1437,2
1438,0
1439,1
1440,1
1441,1
1442,1
1443,1
1444,0
1445,0
1446,1
1447,0
1448,0
1449,0
1450,0
1451,0
1452,0
1453,1
1454,1
1455,1
1456,1
1457,1
1458,1
1459,1
1460,2
1461,2
1462,2
1463,1
1464,1
1465,1
1466,1
1467,1
1468,2
1469,1
1470,1
1471,1
1472,1
1473,1
1474,1
1475,0
1476,0
1477,0
1478,0
1479,1
1480,1
1481,1
1482,1
1483,0
1484,0
1485,0
1486,0
1487,1
1488,1
1489,0
1490,1
1491,2
1492,2
1493,2
1494,2
1495,2
1496,1
1497,2
1498,2
1499,1
1500,1
1501,2
1502,1
1503,1
1504,0
1505,0
1506,0
1507,0
1508,0
1509,0
1510,1
1511,1
1512,1
1513,1
1514,2
1515,1
1516,1
1517,1
1518,1
1519,1
1520,2
1521,1
1522,1
1523,0
1524,1
1525,0
1526,0
1527,3
1528,2
1529,0
1530,1
1531,1
1532,2
1533,1
1534,1
1535,0
1536,1
1537,1
1538,0
1539,0
1540,0
1541,0
1542,1
1543,0
1544,0
1545,2
1546,2
1547,1
1548,1
1549,1
1550,1
1551,1
1552,1
1553,0
1554,0
1555,0
1556,1
1557,1
1558,1
1559,1
1560,2
1561,2
1562,3
1563,1
1564,1
1565,1
1566,0
1567,1
1568,0
1569,1
1570,1
1571,1
1572,0
1573,0
1574,0
1575,0
1576,1
1577,1
1578,1
1579,1
1580,0
1581,1
1582,2
1583,1
1584,1
1585,1
1586,3
1587,2
1588,3
1589,2
1590,2
1591,1
1592,2
1593,1
1594,1
1595,1
1596,1
1597,0
1598,0
1599,0
1600,2
1601,2
1602,1
1603,1
1604,1
1605,1
1606,1
1607,0
1608,0
1609,0
1610,1
1611,2
1612,0
1613,0
1614,0
1615,1
1616,1
1617,1
1618,1
1619,2
1620,1
1621,1
1622,1
1623,1
1624,1
1625,2
1626,1
1627,1
1628,1
1629,1
1630,1
1631,2
1632,2
1633,1
1634,0
1635,1
1636,0
1637,1
1638,1
1639,0
1640,0
1641,2
1642,1
1643,1
1644,1
1645,1
1646,1
1647,2
1648,1
1649,1
1650,1
1651,0
1652,0
1653,0
1654,0
1655,1
1656,1
1657,0
1658,2
1659,1
1660,1
1661,1
1662,1
1663,2
1664,0
1665,0
1666,0
1667,1
1668,1
1669,1
1670,1
1671,1
1672,2
1673,2
1674,2
1675,1
1676,1
1677,1
1678,1
1679,1
1680,0
1681,1
1682,0
1683,1
1684,1
1685,2
1686,2
1687,0
1688,1
1689,1
1690,1
1691,1
1692,0
1693,0
1694,1
1695,1
1696,1
1697,1
1698,1
1699,1
1700,1
1701,0
1702,0
1703,0
1704,0
1705,0
1706,0
1707,1
1708,1
1709,1
1710,1
1711,1
1712,0
1713,1
1714,1
1715,1
1716,1
1717,1
1718,1
1719,2
1720,2
1721,1
1722,1
1723,1
1724,2
1725,1
1726,1
1727,1
1728,2
1729,0
1730,1
1731,0
1732,1
1733,3
1734,2
1735,0
1736,1
1737,1
1738,1
1739,1
1740,1
1741,1
1742,1
1743,2
1744,1
1745,1
1746,1
1747,0
1748,1
1749,1
1750,1
1751,1
1752,0
1753,0
1754,0
1755,0
1756,0
1757,0
1758,1
1759,1
1760,0
1761,0
1762,1
1763,1
1764,0
1765,0
1766,1
1767,0
1768,1
1769,2
1770,2
1771,1
1772,1
1773,3
1774,3
1775,4
1776,3
1777,2
1778,0
1779,0
1780,0
1781,1
1782,0
1783,0
1784,0
1785,1
1786,1
1787,1
1788,0
1789,0
1790,0
1791,0
1792,1
1793,0
1794,0
1795,0
1796,1
1797,2
1798,1
1799,1
1800,2
1801,1
1802,0
1803,0
1804,1
1805,2
1806,1
1807,3
1808,1
1809,0
1810,0
1811,1
1812,4
1813,2
1814,1
1815,0
1816,0
1817,0
1818,1
1819,0
1820,1
1821,0
1822,0
1823,0
1824,1
1825,1
1826,0
1827,0
1828,0
1829,1
1830,4
1831,3
1832,2
1833,1
1834,1
1835,1
1836,1
1837,2
1838,3
1839,3
1840,2
1841,0
1842,0
1843,0
1844,0
1845,0
1846,0
1847,0
1848,2
1849,0
1850,0
1851,0
1852,0
1853,0
1854,0
1855,0
1856,1
1857,0
1858,0
1859,0
1860,0
1861,1
1862,0
1863,0
1864,0
1865,0
1866,0
1867,0
1868,2
1869,3
1870,1
1871,1
1872,1
1873,2
1874,2
1875,1
1876,1
1877,0
1878,1
1879,2
1880,2
1881,2
1882,0
1883,0
1884,1
1885,1
1886,0
1887,1
1888,1
1889,1
1890,1
1891,1
1892,1
1893,1
1894,2
1895,1
1896,1
1897,2
1898,2
1899,1
1900,0
1901,0
1902,1
1903,1
1904,1
1905,1
1906,2
1907,1
1908,1
1909,0
1910,0
1911,1
1912,1
1913,1
1914,1
1915,1
1916,1
1917,0
1918,0
1919,0
1920,0
1921,2
1922,1
1923,0
1924,0
1925,0
1926,0
1927,0
1928,0
1929,0
1930,0
1931,0
1932,0
1933,0
1934,0
1935,0
1936,1
1937,1
1938,1
1939,3
1940,0
1941,1
1942,1
1943,2
1944,2
1945,2
1946,3
1947,4
1948,4
1949,1
1950,0
1951,0
1952,1
1953,1
1954,1
1955,1
1956,1
1957,1
1958,1
1959,2
1960,2
1961,1
1962,1
1963,1
1964,1
1965,1
1966,1
1967,1
1968,1
1969,1
1970,0
1971,2
1972,1
1973,1
1974,1
1975,1
1976,0
1977,0
1978,0
1979,2
1980,2
1981,1
1982,0
1983,0
1984,2
1985,1
1986,2
1987,3
1988,1
1989,0
1990,0
1991,0
1992,2
1993,2
1994,1
1995,0
1996,0
1997,0
1998,1
1999,1
2000,0
2001,1
2002,0
2003,0
2004,0
2005,0
2006,1
2007,0
2008,0
2009,1
2010,2
2011,0
2012,0
2013,2
2014,1
2015,1
2016,2
2017,1
2018,1
2019,0
2020,0
2021,0
2022,0
2023,0
2024,0
2025,0
2026,0
2027,0
2028,1
2029,1
2030,1
2031,0
2032,1
2033,2
2034,1
2035,2
2036,3
2037,3
2038,2
2039,2
2040,4
2041,2
2042,0
2043,0
2044,0
2045,1
2046,1
2047,1
2048,2
2049,1
2050,0
2051,0
2052,1
2053,1
2054,1
2055,1
2056,1
2057,1
2058,0
2059,0
2060,1
2061,1
2062,1
2063,1
2064,0
2065,0
2066,2
2067,2
2068,2
2069,1
2070,1
2071,1
2072,1
2073,2
2074,2
2075,1
2076,1
2077,2
2078,1
2079,1
2080,3
2081,2
2082,1
2083,1
2084,1
2085,3
2086,2
2087,1
2088,1
2089,1
2090,1
2091,1
2092,0
2093,0
2094,0
2095,1
2096,1
2097,1
2098,1
2099,0
2100,0
2101,0
2102,0
2103,0
2104,0
2105,1
2106,2
2107,1
2108,1
2109,1
2110,2
2111,1
2112,0
2113,2
2114,1
2115,0
2116,0
2117,1
2118,1
2119,2
2120,2
2121,2
2122,2
2123,3
2124,0
2125,0
2126,0
2127,0
2128,0
2129,0
2130,0
2131,1
2132,1
2133,0
2134,2
2135,1
2136,0
2137,1
2138,1
2139,1
2140,1
2141,1
2142,1
2143,0
2144,1
2145,3
2146,3
2147,2
2148,0
2149,1
2150,1
2151,1
2152,1
2153,1
2154,0
2155,0
2156,0
2157,0
2158,0
2159,1
2160,0
2161,1
2162,0
2163,0
2164,0
2165,0
2166,0
2167,0
2168,1
2169,1
2170,1
2171,0
2172,2
2173,2
2174,2
2175,1
2176,1
2177,2
2178,1
2179,0
2180,0
2181,0
2182,0
2183,0
2184,0
2185,1
2186,0
2187,1
2188,1
2189,1
2190,1
2191,1
2192,1
2193,2
2194,1
2195,1
2196,1
2197,2
2198,2
2199,2
2200,2
2201,1
2202,1
2203,0
2204,0
2205,0
2206,0
2207,1
2208,0
2209,0
2210,0
2211,0
2212,1
2213,1
2214,2
2215,3
2216,2
2217,2
2218,1
2219,1
2220,1
2221,2
2222,3
2223,1
2224,1
2225,2
2226,1
2227,1
2228,1
2229,0
2230,0
2231,0
2232,0
2233,0
2234,0
2235,1
2236,1
2237,1
2238,0
2239,0
2240,1
2241,2
2242,1
2243,2
2244,1
2245,1
2246,1
2247,1
2248,1
2249,1
2250,1
2251,1
2252,1
2253,1
2254,0
2255,2
2256,1
2257,0
2258,0
2259,0
2260,1
2261,1
2262,1
2263,0
2264,0
2265,1
2266,1
2267,2
2268,2
2269,1
2270,0
2271,1
2272,0
2273,0
2274,0
2275,0
2276,1
2277,1
2278,1
2279,1
2280,1
2281,2
2282,2
2283,1
2284,1
2285,2
2286,1
2287,1
2288,1
2289,1
2290,0
2291,1
2292,1
2293,1
2294,1
2295,0
2296,0
2297,0
2298,0
2299,1
2300,3
2301,1
2302,1
2303,0
2304,0
2305,0
2306,1
2307,1
2308,0
2309,1
2310,1
2311,1
2312,0
2313,0
2314,0
2315,0
2316,0
2317,1
2318,1
2319,1
2320,1
2321,1
2322,2
2323,1
2324,2
2325,1
2326,2
2327,3
2328,1
2329,0
2330,2
2331,0
2332,0
2333,0
2334,2
2335,1
2336,1
2337,1
2338,1
2339,1
2340,1
2341,1
2342,1
2343,2
2344,1
2345,1
2346,1
2347,1
2348,1
2349,1
2350,0
2351,2
2352,1
2353,0
2354,2
2355,1
2356,0
2357,0
2358,0
2359,1
2360,1
2361,0
2362,1
2363,1
2364,1
2365,1
2366,1
2367,1
2368,0
2369,1
2370,1
2371,1
2372,1
2373,0
2374,0
2375,0
2376,0
2377,1
2378,1
2379,1
2380,0
2381,3
2382,2
2383,1
2384,1
2385,1
2386,1
2387,0
2388,0
2389,0
2390,1
2391,2
2392,1
2393,1
2394,0
2395,0
2396,3
2397,3
2398,3
2399,1
2400,1
2401,1
2402,1
2403,1
2404,1
2405,0
2406,0
2407,1
2408,1
2409,2
2410,1
2411,2
2412,1
2413,1
2414,1
2415,1
2416,1
2417,1
2418,2
2419,1
2420,0
2421,0
2422,1
2423,1
2424,0
2425,0
2426,1
2427,1
2428,1
2429,1
2430,1
2431,1
2432,0
2433,0
2434,0
2435,1
2436,1
2437,0
2438,0
2439,0
2440,0
2441,2
2442,1
2443,1
2444,2
2445,2
2446,3
2447,1
2448,2
2449,2
2450,2
2451,3
2452,3
2453,1
2454,0
2455,0
2456,0
2457,0
2458,0
2459,0
2460,0
2461,0
2462,1
2463,0
2464,0
2465,0
2466,1
2467,2
2468,1
2469,1
2470,0
2471,1
2472,1
2473,1
2474,2
2475,2
2476,1
2477,2
2478,1
2479,1
2480,1
2481,0
2482,2
2483,1
2484,1
2485,1
2486,0
2487,2
2488,0
2489,1
2490,1
2491,1
2492,0
2493,0
2494,0
2495,0
2496,1
2497,1
2498,0
2499,0
2500,1
2501,1
2502,0
2503,1
2504,0
2505,1
2506,1
2507,1
2508,2
2509,0
2510,1
2511,0
2512,0
2513,0
2514,0
2515,0
2516,1
2517,3
2518,1
2519,0
2520,2
2521,2
2522,0
2523,2
2524,1
2525,2
2526,1
2527,1
2528,3
2529,4
2530,2
2531,1
2532,0
2533,0
2534,1
2535,1
2536,1
2537,0
2538,0
2539,1
2540,1
2541,1
2542,1
2543,0
2544,1
2545,1
2546,1
2547,1
2548,1
2549,0
2550,0
2551,0
2552,0
2553,1
2554,1
2555,2
2556,1
2557,1
2558,1
2559,1
2560,1
2561,1
2562,1
2563,1
2564,3
2565,2
2566,2
2567,2
2568,0
2569,0
2570,0
2571,0
2572,0
2573,2
2574,1
2575,0
2576,1
2577,0
2578,1
2579,0
2580,0
2581,0
2582,0
2583,1
2584,2
2585,2
2586,1
2587,1
2588,1
2589,0
2590,1
2591,0
2592,0
2593,0
2594,1
2595,0
2596,1
2597,1
2598,1
2599,1
2600,0
2601,1
2602,1
2603,1
2604,0
2605,1
2606,3
2607,2
2608,0
2609,0
2610,2
2611,0
2612,0
2613,2
2614,0
2615,0
2616,0
2617,0
2618,1
2619,2
2620,0
2621,1
2622,2
2623,1
2624,1
2625,1
2626,1
2627,0
2628,1
2629,0
2630,0
2631,1
2632,1
2633,0
2634,0
2635,0
2636,0
2637,0
2638,0
2639,1
2640,2
2641,1
2642,3
2643,0
2644,1
2645,0
2646,4
2647,2
2648,1
2649,2
2650,1
2651,0
2652,1
2653,1
2654,1
2655,1
2656,0
2657,2
2658,2
2659,0
2660,0
2661,0
2662,1
2663,3
2664,1
2665,0
2666,1
2667,2
2668,1
2669,2
2670,3
2671,2
2672,1
2673,1
2674,1
2675,0
2676,1
2677,1
2678,0
2679,0
2680,0
2681,0
2682,0
2683,1
2684,1
2685,0
2686,1
2687,0
2688,3
2689,3
2690,1
2691,3
2692,0
2693,0
2694,1
2695,0
2696,0
2697,1
2698,1
2699,1
2700,1
2701,0
2702,0
2703,0
2704,1
2705,0
2706,0
2707,1
2708,1
2709,1
2710,0
2711,0
2712,0
2713,1
2714,1
2715,0
2716,0
2717,2
2718,1
2719,2
2720,1
2721,1
2722,1
2723,0
2724,0
2725,0
2726,1
2727,0
2728,0
2729,0
2730,0
2731,0
2732,0
2733,0
2734,0
2735,0
2736,0
2737,1
2738,1
2739,0
2740,1
2741,0
2742,0
2743,3
2744,1
2745,2
2746,1
2747,2
2748,2
2749,1
2750,3
2751,3
2752,1
2753,1
2754,0
2755,0
2756,0
2757,0
2758,0
2759,1
2760,0
2761,0
2762,0
2763,1
2764,2
2765,1
2766,1
2767,1
2768,1
2769,2
2770,2
2771,1
2772,1
2773,2
2774,1
2775,1
2776,1
2777,0
2778,0
2779,1
2780,1
2781,1
2782,0
2783,1
2784,0
2785,0
2786,1
2787,0
2788,0
2789,1
2790,0
2791,0
2792,1
2793,2
2794,1
2795,2
2796,1
2797,2
2798,3
2799,3
2800,0
2801,0
2802,1
2803,2
2804,1
2805,0
2806,0
2807,1
2808,1
2809,2
2810,1
2811,0
2812,0
2813,1
2814,0
2815,0
2816,0
2817,0
2818,0
2819,1
2820,1
2821,0
2822,0
2823,1
2824,2
2825,2
2826,1
2827,1
2828,2
2829,2
2830,1
2831,3
2832,3
2833,0
2834,1
2835,1
2836,1
2837,1
2838,1
2839,0
2840,0
2841,1
2842,0
2843,0
2844,0
2845,0
2846,0
2847,0
2848,1
2849,1
2850,3
2851,1
2852,1
2853,2
2854,2
2855,2
2856,2
2857,0
2858,0
2859,0
2860,0
2861,0
2862,1
2863,1
2864,1
2865,0
2866,0
2867,1
2868,0
2869,0
2870,0
2871,0
2872,0
2873,2
2874,1
2875,1
2876,0
2877,0
2878,0
2879,2
2880,0
2881,2
2882,2
2883,1
2884,0
2885,1
2886,0
2887,0
2888,0
2889,0
2890,1
2891,0
2892,0
2893,1
2894,1
2895,1
2896,2
2897,1
2898,1
2899,0
2900,0
2901,0
2902,0
2903,2
2904,3
2905,2
2906,0
2907,0
2908,1
2909,2
2910,1
2911,0
2912,1
2913,0
2914,0
2915,0
2916,0
2917,0
2918,0
2919,0
2920,0
2921,1
2922,2
2923,1
2924,1
2925,2
2926,2
2927,1
2928,1
2929,3
2930,3
2931,1
2932,0
2933,1
2934,0
2935,1
2936,1
2937,1
2938,0
2939,1
2940,1
2941,0
2942,0
2943,0
2944,1
2945,2
2946,2
2947,1
2948,3
2949,1
2950,1
2951,1
2952,1
2953,0
2954,0
2955,1
2956,0
2957,1
2958,0
2959,0
2960,0
2961,0
2962,0
2963,0
2964,0
2965,0
2966,0
2967,1
2968,1
2969,1
2970,2
2971,1
2972,2
2973,2
2974,0
2975,0
2976,0
2977,3
2978,0
2979,0
2980,0
2981,0
2982,1
2983,0
2984,2
2985,2
2986,1
2987,3
2988,2
2989,1
2990,1
2991,0
2992,0
2993,1
2994,1
2995,1
2996,2
2997,1
2998,1
2999,1
3000,1
3001,1
3002,2
3003,2
3004,0
3005,0
3006,0
3007,0
3008,1
3009,1
3010,1
3011,0
3012,0
3013,0
3014,0
3015,0
3016,2
3017,2
3018,2
3019,2
3020,2
3021,1
3022,0
3023,3
3024,2
3025,2
3026,3
3027,2
3028,0
3029,0
3030,0
3031,0
3032,0
3033,0
3034,3
3035,1
3036,0
3037,0
3038,0
3039,0
3040,0
3041,0
3042,0
3043,0
3044,1
3045,2
3046,0
3047,0
3048,0
3049,0
3050,0
3051,0
3052,1
3053,2
3054,1
3055,1
3056,2
3057,1
3058,2
3059,1
3060,1
3061,1
3062,2
3063,2
3064,4
3065,2
3066,1
3067,0
3068,0
3069,0
3070,0
3071,0
3072,1
3073,0
3074,0
3075,0
3076,0
3077,2
3078,1
3079,0
3080,0
3081,0
3082,2
3083,2
3084,1
3085,2
3086,1
3087,2
3088,1
3089,1
3090,0
3091,1
3092,3
3093,1
3094,0
3095,0
3096,1
3097,1
3098,1
3099,0
3100,1
3101,0
3102,0
3103,0
3104,0
3105,0
3106,0
3107,1
3108,0
3109,1
3110,1
3111,1
3112,0
3113,0
3114,0
3115,0
3116,2
3117,3
3118,1
3119,1
3120,1
3121,2
3122,2
3123,1
3124,1
3125,0
3126,1
3127,2
3128,2
3129,2
3130,2
3131,2
3132,1
3133,1
3134,1
3135,0
3136,0
3137,0
3138,1
3139,1
3140,2
3141,2
3142,3
3143,2
3144,2
3145,1
3146,1
3147,3
3148,3
3149,3
3150,0
3151,0
3152,0
3153,0
3154,0
3155,0
3156,0
3157,0
3158,0
3159,1
3160,1
3161,1
3162,0
3163,0
3164,0
3165,1
3166,1
3167,0
3168,0
3169,0
3170,0
3171,1
3172,1
3173,0
3174,0
3175,0
3176,0
3177,1
3178,1
3179,3
3180,2
3181,1
3182,1
3183,0
3184,0
3185,1
3186,1
3187,3
3188,2
3189,0
3190,1
3191,1
3192,1
3193,2
3194,1
3195,0
3196,1
3197,1
3198,1
3199,1
3200,0
3201,1
3202,1
3203,0
3204,1
3205,1
3206,1
3207,0
3208,0
3209,0
3210,0
3211,0
3212,1
3213,2
3214,1
3215,2
3216,1
3217,2
3218,3
3219,0
3220,0
3221,0
3222,2
3223,1
3224,2
3225,2
3226,3
3227,1
3228,1
3229,1
3230,0
3231,0
3232,2
3233,1
3234,1
3235,1
3236,1
3237,0
3238,1
3239,0
3240,0
3241,0
3242,0
3243,0
3244,1
3245,0
3246,0
3247,0
3248,1
3249,1
3250,1
3251,0
3252,0
3253,1
3254,2
3255,2
3256,2
3257,1
3258,1
3259,1
3260,1
3261,2
3262,2
3263,2
3264,2
3265,1
3266,1
3267,1
3268,1
3269,0
3270,0
3271,1
3272,0
3273,0
3274,0
3275,0
3276,0
3277,0
3278,1
3279,1
3280,1
3281,1
3282,1
3283,2
3284,1
3285,1
3286,2
3287,1
3288,2
3289,2
3290,2
3291,0
3292,0
3293,0
3294,1
3295,1
3296,0
3297,1
3298,2
3299,2
3300,1
3301,1
3302,2
3303,1
3304,1
3305,1
3306,1
3307,1
3308,2
3309,2
3310,0
3311,1
3312,0
3313,0
3314,0
3315,0
3316,0
3317,2
3318,1
3319,0
3320,1
3321,1
3322,1
3323,0
3324,0
3325,1
3326,0
3327,1
3328,0
3329,0
3330,0
3331,0
3332,0
3333,1
3334,2
3335,3
3336,2
3337,1
3338,2
3339,1
3340,1
3341,1
3342,3
3343,1
3344,1
3345,1
3346,1
3347,2
3348,1
3349,0
3350,1
3351,0
3352,0
3353,1
3354,1
3355,0
3356,0
3357,0
3358,0
3359,0
3360,1
3361,0
3362,0
3363,1
3364,1
3365,0
3366,0
3367,2
3368,0
3369,0
3370,0
3371,2
3372,3
3373,1
3374,2
3375,2
3376,0
3377,0
3378,0
3379,1
3380,0
3381,1
3382,0
3383,1
3384,1
3385,1
3386,0
3387,0
3388,0
3389,1
3390,1
3391,2
3392,2
3393,0
3394,1
3395,1
3396,0
3397,1
3398,0
3399,0
3400,0
3401,0
3402,1
3403,2
3404,2
3405,0
3406,0
3407,0
3408,0
3409,0
3410,0
3411,1
3412,1
3413,1
3414,1
3415,1
3416,1
3417,1
3418,1
3419,2
3420,1
3421,3
3422,0
3423,0
3424,0
3425,1
3426,1
3427,1
3428,1
3429,1
3430,1
3431,1
3432,1
3433,0
3434,0
3435,0
3436,1
3437,2
3438,1
3439,1
3440,1
3441,0
3442,0
3443,1
3444,2
3445,2
3446,1
3447,2
3448,2
3449,1
3450,1
3451,1
3452,1
3453,1
3454,1
3455,0
3456,2
3457,0
3458,2
3459,2
3460,1
3461,1
3462,0
3463,0
3464,1
3465,1
3466,0
3467,0
3468,0
3469,0
3470,0
3471,1
3472,1
3473,1
3474,1
3475,0
3476,0
3477,1
3478,0
3479,0
3480,0
3481,2
3482,1
3483,3
3484,3
3485,2
3486,2
3487,1
3488,1
3489,1
3490,1
3491,1
3492,1
3493,1
3494,2
3495,2
3496,2
3497,3
3498,0
3499,0
3500,0
3501,0
3502,1
3503,1
3504,2
3505,2
3506,1
3507,0
3508,0
3509,0
3510,0
3511,0
3512,0
3513,0
3514,1
3515,0
3516,0
3517,0
3518,0
3519,1
3520,0
3521,0
3522,0
3523,0
3524,1
3525,3
3526,1
3527,1
3528,2
3529,1
3530,1
3531,1
3532,1
3533,2
3534,2
3535,3
3536,2
3537,0
3538,0
3539,0
3540,0
3541,0
3542,0
3543,0
3544,1
3545,0
3546,2
3547,1
3548,0
3549,1
3550,0
3551,0
3552,0
3553,0
3554,1
3555,0
3556,0
3557,0
3558,0
3559,0
3560,0
3561,0
3562,1
3563,0
3564,0
3565,1
3566,2
3567,1
3568,1
3569,1
3570,1
3571,1
3572,1
3573,2
3574,4
3575,0
3576,1
3577,3
3578,1
3579,1
3580,1
3581,1
3582,0
3583,0
3584,0
3585,2
3586,1
3587,0
3588,1
3589,0
3590,1
3591,1
3592,0
3593,0
3594,0
3595,1
3596,1
3597,1
3598,2
3599,1
3600,1
3601,1
3602,1
3603,1
3604,1
3605,1
3606,1
3607,1
3608,2
3609,2
3610,1
3611,1
3612,1
3613,1
3614,0
3615,0
3616,0
3617,0
3618,0
3619,1
3620,1
3621,1
3622,1
3623,0
3624,0
3625,0
3626,0
3627,0
3628,2
3629,1
3630,1
3631,2
3632,2
3633,2
3634,4
3635,1
3636,2
3637,2
3638,2
3639,1
3640,1
3641,1
3642,0
3643,0
3644,0
3645,1
3646,1
3647,0
3648,2
3649,1
3650,0
3651,0
3652,0
3653,1
3654,1
3655,1
3656,0
3657,1
3658,0
3659,2
3660,1
3661,1
3662,2
3663,2
3664,1
3665,1
3666,1
3667,0
3668,2
3669,3
3670,1
3671,1
3672,0
3673,0
3674,0
3675,0
3676,0
3677,1
3678,1
3679,1
3680,1
3681,1
3682,1
3683,0
3684,1
3685,0
3686,0
3687,0
3688,0
3689,0
3690,2
3691,2
3692,1
3693,2
3694,1
3695,0
3696,0
3697,0
3698,0
3699,0
3700,1
3701,1
3702,3
3703,2
3704,2
3705,1
3706,1
3707,1
3708,2
3709,2
3710,0
3711,1
3712,1
3713,0
3714,1
3715,1
3716,0
3717,0
3718,1
3719,1
3720,1
3721,2
3722,1
3723,0
3724,2
3725,2
3726,2
3727,3
3728,2
3729,1
3730,1
3731,1
3732,0
3733,1
3734,1
3735,1
3736,1
3737,1
3738,0
3739,0
3740,0
3741,1
3742,0
3743,0
3744,1
3745,1
3746,2
3747,1
3748,3
3749,1
3750,3
3751,1
3752,0
3753,1
3754,0
3755,1
3756,1
3757,0
3758,0
3759,1
3760,1
3761,1
3762,0
3763,0
3764,0
3765,0
3766,0
3767,1
3768,2
3769,1
3770,0
3771,1
3772,1
3773,1
3774,1
3775,1
3776,0
3777,0
3778,0
3779,0
3780,0
3781,0
3782,0
3783,0
3784,1
3785,0
3786,0
3787,0
3788,0
3789,0
3790,1
3791,0
3792,1
3793,1
3794,1
3795,1
3796,2
3797,2
3798,1
3799,2
3800,3
3801,3
3802,2
3803,3
3804,1
3805,1
3806,1
3807,2
3808,1
3809,0
3810,0
3811,0
3812,0
3813,1
3814,1
3815,1
3816,2
3817,2
3818,3
3819,3
3820,1
3821,1
3822,1
3823,0
3824,1
3825,1
3826,1
3827,2
3828,1
3829,2
3830,2
3831,0
3832,0
3833,0
3834,1
3835,0
3836,0
3837,1
3838,1
3839,0
3840,0
3841,0
3842,0
3843,0
3844,0
3845,2
3846,1
3847,0
3848,0
3849,1
3850,0
3851,0
3852,0
3853,1
3854,1
3855,1
3856,0
3857,1
3858,3
3859,1
3860,1
3861,1
3862,1
3863,1
3864,0
3865,2
3866,3
3867,1
3868,1
3869,1
3870,2
3871,1
3872,1
3873,0
3874,0
3875,0
3876,0
3877,0
3878,1
3879,0
3880,1
3881,1
3882,2
3883,2
3884,1
3885,0
3886,0
3887,0
3888,0
3889,0
3890,0
3891,0
3892,1
3893,1
3894,3
3895,2
3896,2
3897,1
3898,2
3899,2
3900,1
3901,1
3902,0
3903,1
3904,1
3905,1
3906,1
3907,1
3908,2
3909,1
3910,1
3911,3
3912,1
3913,1
3914,1
3915,1
3916,1
3917,1
3918,1
3919,1
3920,0
3921,2
3922,1
3923,1
3924,1
3925,0
3926,0
3927,1
3928,0
3929,0
3930,0
3931,2
3932,1
3933,0
3934,0
3935,1
3936,1
3937,0
3938,0
3939,0
3940,1
3941,2
3942,1
3943,1
3944,2
3945,1
3946,1
3947,1
3948,1
3949,1
3950,1
3951,1
3952,1
3953,1
3954,1
3955,0
3956,0
3957,0
3958,0
3959,1
3960,1
3961,1
3962,0
3963,2
3964,1
3965,1
3966,1
3967,1
3968,1
3969,1
3970,1
3971,1
3972,1
3973,0
3974,0
3975,0
3976,0
3977,0
3978,0
3979,0
3980,0
3981,1
3982,1
3983,2
3984,1
3985,1
3986,1
3987,2
3988,2
3989,2
3990,0
3991,1
3992,1
3993,2
3994,1
3995,1
3996,2
3997,0
3998,0
3999,0
4000,1
4001,0
4002,0
4003,0
4004,1
4005,1
4006,2
4007,2
4008,2
4009,2
4010,1
4011,1
4012,1
4013,2
4014,1
4015,1
4016,0
4017,1
4018,1
4019,0
4020,1
4021,0
4022,0
4023,1
4024,1
4025,1
4026,0
4027,2
4028,1
4029,0
4030,0
4031,1
4032,1
4033,2
4034,1
4035,1
4036,1
4037,2
4038,3
4039,2
4040,2
4041,1
4042,0
4043,1
4044,1
4045,1
4046,1
4047,1
4048,0
4049,1
4050,0
4051,0
4052,0
4053,0
4054,0
4055,0
4056,0
4057,1
4058,1
4059,0
4060,0
4061,0
4062,1
4063,1
4064,1
4065,2
4066,2
4067,1
4068,3
4069,1
4070,1
4071,1
4072,1
4073,1
4074,0
4075,0
4076,2
4077,2
4078,0
4079,1
4080,1
4081,1
4082,1
4083,0
4084,0
4085,0
4086,0
4087,1
4088,1
4089,0
4090,0
4091,1
4092,2
4093,0
4094,1
4095,0
4096,2
4097,2
4098,1
4099,1
4100,1
4101,1
4102,0
4103,0
4104,1
4105,1
4106,1
4107,0
4108,0
4109,0
4110,1
4111,0
4112,0
4113,1
4114,2
4115,1
4116,1
4117,2
4118,0
4119,1
4120,2
4121,0
4122,0
4123,1
4124,2
4125,2
4126,3
4127,1
4128,1
4129,0
4130,0
4131,1
4132,1
4133,1
4134,0
4135,0
4136,0
4137,0
4138,0
4139,0
4140,0
4141,1
4142,1
4143,1
4144,0
4145,0
4146,0
4147,1
4148,2
4149,1
4150,1
4151,1
4152,1
4153,3
4154,3
4155,2
4156,3
4157,3
4158,2
4159,1
4160,1
4161,1
4162,1
4163,0
4164,0
4165,0
4166,1
4167,1
4168,0
4169,0
4170,0
4171,0
4172,0
4173,0
4174,1
4175,1
4176,0
4177,0
4178,0
4179,0
4180,2
4181,1
4182,1
4183,1
4184,2
4185,3
4186,2
4187,1
4188,4
4189,1
4190,0
4191,1
4192,0
4193,1
4194,0
4195,0
4196,1
4197,0
4198,1
4199,1
4200,1
4201,0
4202,0
4203,2
4204,1
4205,3
4206,2
4207,1
4208,1
4209,1
4210,2
4211,3
4212,3
4213,2
4214,1
4215,0
4216,1
4217,1
4218,0
4219,0
4220,1
4221,0
4222,0
4223,0
4224,2
4225,1
4226,1
4227,1
4228,0
4229,1
4230,0
4231,0
4232,2
4233,2
4234,1
4235,1
4236,1
4237,1
4238,1
4239,1
4240,1
4241,1
4242,1
4243,2
4244,3
4245,1
4246,1
4247,0
4248,0
4249,0
4250,1
4251,1
4252,0
4253,0
4254,0
4255,0
4256,0
4257,0
4258,0
4259,1
4260,1
4261,1
4262,2
4263,2
4264,1
4265,1
4266,1
4267,1
4268,1
4269,2
4270,2
4271,1
4272,1
4273,0
4274,1
4275,2
4276,1
4277,0
4278,1
4279,0
4280,0
4281,1
4282,0
4283,1
4284,1
4285,1
4286,2
4287,0
4288,1
4289,2
4290,2
4291,0
4292,0
4293,0
4294,0
4295,0
4296,1
4297,0
4298,0
4299,0
4300,1
4301,0
4302,0
4303,0
4304,0
4305,1
4306,2
4307,3
4308,2
4309,1
4310,1
4311,1
4312,2
4313,2
4314,1
4315,1
4316,1
4317,1
4318,2
4319,1
4320,1
4321,0
4322,2
4323,2
4324,2
4325,2
4326,1
4327,1
4328,1
4329,1
4330,1
4331,1
4332,1
4333,0
4334,0
4335,1
4336,0
4337,0
4338,0
4339,0
4340,2
4341,3
4342,3
4343,0
4344,0
4345,0
4346,2
4347,0
4348,0
4349,0
4350,1
4351,1
4352,1
4353,2
4354,1
4355,1
4356,1
4357,1
4358,3
4359,2
4360,1
4361,1
4362,1
4363,1
4364,1
4365,2
4366,0
4367,0
4368,1
4369,0
4370,0
4371,1
4372,0
4373,0
4374,1
4375,1
4376,0
4377,1
4378,1
4379,1
4380,2
4381,2
4382,0
4383,1
4384,0
4385,0
4386,0
4387,0
4388,0
4389,1
4390,2
4391,1
4392,1
4393,1
4394,1
4395,1
4396,1
4397,2
4398,2
4399,2
4400,2
4401,1
4402,1
4403,1
4404,0
4405,1
4406,1
4407,0
4408,1
4409,1
4410,2
4411,0
4412,0
4413,0
4414,0
4415,0
4416,2
4417,1
4418,0
4419,0
4420,1
4421,0
4422,0
4423,0
4424,0
4425,1
4426,2
4427,0
4428,0
4429,1
4430,1
4431,0
4432,1
4433,1
4434,1
4435,1
4436,1
4437,1
4438,1
4439,1
4440,0
4441,0
4442,1
4443,1
4444,1
4445,0
4446,3
4447,2
4448,2
4449,1
4450,2
4451,1
4452,0
4453,0
4454,0
4455,0
4456,0
4457,1
4458,1
4459,2
4460,1
4461,0
4462,2
4463,1
4464,0
4465,0
4466,0
4467,0
4468,0
4469,1
4470,1
4471,1
4472,1
4473,1
4474,1
4475,1
4476,1
4477,0
4478,3
4479,2
4480,1
4481,0
4482,0
4483,0
4484,0
4485,0
4486,0
4487,0
4488,0
4489,0
4490,2
4491,2
4492,3
4493,1
4494,2
4495,2
4496,1
4497,2
4498,2
4499,2
4500,3
4501,2
4502,0
4503,0
4504,0
4505,0
4506,1
4507,0
4508,0
4509,1
4510,0
4511,0
4512,0
4513,0
4514,1
4515,0
4516,1
4517,1
4518,2
4519,2
4520,1
4521,3
4522,4
4523,3
4524,1
4525,1
4526,0
4527,2
4528,1
4529,1
4530,0
4531,1
4532,0
4533,0
4534,0
4535,1
4536,0
4537,0
4538,0
4539,1
4540,1
4541,0
4542,0
4543,0
4544,1
4545,1
4546,0
4547,1
4548,2
4549,2
4550,2
4551,2
4552,2
4553,3
4554,1
4555,1
4556,0
4557,1
4558,1
4559,0
4560,1
4561,0
4562,0
4563,0
4564,0
4565,0
4566,1
4567,0
4568,0
4569,0
4570,1
4571,2
4572,2
4573,1
4574,0
4575,1
4576,1
4577,1
4578,1
4579,1
4580,1
4581,1
4582,1
4583,1
4584,1
4585,2
4586,2
4587,0
4588,0
4589,0
4590,1
4591,2
4592,1
4593,0
4594,0
4595,1
4596,0
4597,2
4598,1
4599,1
4600,1
4601,1
4602,1
4603,1
4604,0
4605,0
4606,0
4607,1
4608,0
4609,0
4610,1
4611,0
4612,1
4613,1
4614,0
4615,2
4616,2
4617,2
4618,2
4619,2
4620,3
4621,2
4622,2
4623,2
4624,0
4625,0
4626,1
4627,1
4628,2
4629,2
4630,1
4631,1
4632,0
4633,0
4634,1
4635,1
4636,1
4637,0
4638,0
4639,0
4640,1
4641,0
4642,0
4643,0
4644,0
4645,0
4646,0
4647,1
4648,0
4649,0
4650,2
4651,1
4652,0
4653,0
4654,0
4655,0
4656,1
4657,1
4658,1
4659,1
4660,2
4661,3
4662,3
4663,1
4664,1
4665,2
4666,1
4667,2
4668,1
4669,0
4670,0
4671,1
4672,1
4673,1
4674,0
4675,0
4676,1
4677,2
4678,2
4679,1
4680,1
4681,1
4682,1
4683,3
4684,1
4685,1
4686,2
4687,1
4688,2
4689,2
4690,1
4691,0
4692,0
4693,0
4694,0
4695,1
4696,1
4697,0
4698,0
4699,0
4700,0
4701,1
4702,0
4703,0
4704,2
4705,1
4706,2
4707,0
4708,1
4709,1
4710,1
4711,2
4712,3
4713,1
4714,1
4715,1
4716,1
4717,0
4718,1
4719,0
4720,0
4721,0
4722,0
4723,0
4724,0
4725,0
4726,1
4727,1
4728,0
4729,0
4730,1
4731,1
4732,1
4733,1
4734,0
4735,3
4736,1
4737,1
4738,1
4739,2
4740,2
4741,1
4742,1
4743,1
4744,1
4745,1
4746,3
4747,2
4748,1
4749,1
4750,0
4751,0
4752,2
4753,2
4754,1
4755,1
4756,0
4757,0
4758,1
4759,2
4760,0
4761,0
4762,0
4763,0
4764,0
4765,0
4766,0
4767,0
4768,1
4769,1
4770,1
4771,1
4772,1
4773,1
4774,2
4775,2
4776,1
4777,1
4778,2
4779,2
4780,0
4781,2
4782,0
4783,0
4784,1
4785,0
4786,1
4787,1
4788,0
4789,0
4790,1
4791,0
4792,0
4793,0
4794,0
4795,0
4796,1
4797,1
4798,0
4799,1
4800,0
4801,1
4802,1
4803,0
4804,0
4805,1
4806,1
4807,1
4808,1
4809,0
4810,0
4811,1
4812,1
4813,1
4814,1
4815,1
4816,3
4817,3
4818,0
4819,0
4820,0
4821,1
4822,1
4823,2
4824,3
4825,1
4826,1
4827,0
4828,0
4829,1
4830,1
4831,0
4832,1
4833,1
4834,1
4835,1
4836,1
4837,1
4838,1
4839,1
4840,1
4841,2
4842,1
4843,1
4844,0
4845,0
4846,0
4847,0
4848,0
4849,1
4850,1
4851,2
4852,0
4853,0
4854,0
4855,0
4856,0
4857,0
4858,1
4859,2
4860,2
4861,1
4862,2
4863,2
4864,1
4865,1
4866,1
4867,1
4868,1
4869,0
4870,1
4871,1
4872,1
4873,1
4874,1
4875,1
4876,1
4877,2
4878,0
4879,0
4880,1
4881,2
4882,1
4883,1
4884,1
4885,1
4886,0
4887,0
4888,1
4889,0
4890,0
4891,0
4892,1
4893,1
4894,1
4895,2
4896,1
4897,1
4898,0
4899,0
4900,1
4901,1
4902,0
4903,1
4904,0
4905,0
4906,1
4907,1
4908,2
4909,2
4910,2
4911,3
4912,1
4913,2
4914,2
4915,1
4916,1
4917,2
4918,0
4919,0
4920,0
4921,0
4922,0
4923,0
4924,0
4925,1
4926,1
4927,1
4928,2
4929,3
4930,3
4931,1
4932,0
4933,0
4934,0
4935,0
4936,0
4937,0
4938,0
4939,0
4940,0
4941,0
4942,1
4943,1
4944,1
4945,1
4946,1
4947,1
4948,1
4949,2
4950,1
4951,0
4952,0
4953,2
4954,1
4955,0
4956,0
4957,0
4958,1
4959,2
4960,0
4961,1
4962,1
4963,1
4964,2
4965,2
4966,2
4967,3
4968,1
4969,0
4970,0
4971,0
4972,0
4973,0
4974,0
4975,0
4976,3
4977,1
4978,1
4979,0
4980,0
4981,1
4982,1
4983,0
4984,0
4985,0
4986,1
4987,1
4988,0
4989,2
4990,2
4991,1
4992,1
4993,1
4994,2
4995,1
4996,0
4997,0
4998,1
4999,1
5000,0
5001,1
5002,1
5003,1
5004,1
5005,3
5006,2
5007,3
5008,2
5009,2
5010,1
5011,1
5012,0
5013,0
5014,1
5015,0
5016,0
5017,0
5018,0
5019,1
5020,0
5021,0
5022,1
5023,0
5024,1
5025,0
5026,0
5027,1
5028,1
5029,0
5030,1
5031,0
5032,0
5033,2
5034,1
5035,0
5036,0
5037,0
5038,2
5039,2
5040,1
5041,1
5042,2
5043,1
5044,0
5045,0
5046,1
5047,1
5048,1
5049,1
5050,1
5051,2
5052,2
5053,1
5054,1
5055,1
5056,1
5057,1
5058,1
5059,1
5060,1
5061,1
5062,1
5063,0
5064,2
5065,1
5066,2
5067,1
5068,1
5069,1
5070,0
5071,0
5072,2
5073,2
5074,3
5075,3
5076,0
5077,0
5078,0
5079,0
5080,0
5081,0
5082,1
5083,1
5084,2
5085,1
5086,0
5087,0
5088,2
5089,2
5090,2
5091,1
5092,2
5093,2
5094,2
5095,1
5096,1
5097,0
5098,0
5099,0
5100,0
5101,0
5102,0
5103,0
5104,1
5105,1
5106,1
5107,2
5108,1
5109,0
5110,0
5111,1
5112,2
5113,1
5114,0
5115,1
5116,1
5117,1
5118,1
5119,1
5120,1
5121,1
5122,1
5123,0
5124,0
5125,1
5126,1
5127,1
5128,0
5129,0
5130,1
5131,0
5132,1
5133,0
5134,1
5135,1
5136,0
5137,1
5138,1
5139,2
5140,2
5141,2
5142,1
5143,1
5144,1
5145,0
5146,0
5147,1
5148,0
5149,1
5150,2
5151,1
5152,1
5153,0
5154,0
5155,2
5156,1
5157,0
5158,1
5159,0
5160,0
5161,0
5162,0
5163,0
5164,0
5165,1
5166,2
5167,2
5168,0
5169,0
5170,1
5171,1
5172,1
5173,1
5174,0
5175,0
5176,1
5177,1
5178,2
5179,2
5180,1
5181,2
5182,2
5183,2
5184,1
5185,1
5186,1
5187,0
5188,1
5189,0
5190,1
5191,1
5192,1
5193,0
5194,1
5195,1
5196,1
5197,1
5198,1
5199,0
5200,0
5201,1
5202,1
5203,1
5204,2
5205,2
5206,2
5207,1
5208,0
5209,0
5210,1
5211,1
5212,1
5213,1
5214,1
5215,1
5216,0
5217,1
5218,1
5219,1
5220,0
5221,1
5222,2
5223,2
5224,1
5225,1
5226,1
5227,1
5228,1
5229,1
5230,2
5231,1
5232,1
5233,0
5234,0
5235,0
5236,1
5237,1
5238,1
5239,1
5240,1
5241,0
5242,0
5243,1
5244,1
5245,0
5246,0
5247,1
5248,0
5249,1
5250,1
5251,1
5252,2
5253,1
5254,1
5255,3
5256,3
5257,3
5258,1
5259,1
5260,0
5261,1
5262,0
5263,0
5264,0
5265,1
5266,1
5267,0
5268,0
5269,0
5270,0
5271,0
5272,1
5273,0
5274,1
5275,0
5276,1
5277,1
5278,1
5279,0
5280,1
5281,2
5282,1
5283,1
5284,1
5285,2
5286,0
5287,0
5288,0
5289,1
5290,1
5291,1
5292,0
5293,1
5294,1
5295,1
5296,1
5297,0
5298,1
5299,1
5300,1
5301,1
5302,1
5303,1
5304,0
5305,1
5306,1
5307,1
5308,0
5309,1
5310,1
5311,2
5312,1
5313,1
5314,1
5315,2
5316,2
5317,2
5318,2
5319,2
5320,0
5321,0
5322,1
5323,1
5324,1
5325,1
5326,0
5327,0
5328,0
5329,0
5330,0
5331,1
5332,0
5333,1
5334,1
5335,1
5336,0
5337,0
5338,2
5339,1
5340,1
5341,0
5342,1
5343,1
5344,0
5345,2
5346,2
5347,1
5348,1
5349,0
5350,0
5351,1
5352,0
5353,1
5354,1
5355,1
5356,2
5357,2
5358,2
5359,2
5360,1
5361,1
5362,1
5363,1
5364,1
5365,1
5366,2
5367,2
5368,0
5369,0
5370,0
5371,0
5372,0
5373,0
5374,0
5375,0
5376,2
5377,1
5378,1
5379,1
5380,2
5381,2
5382,0
5383,1
5384,1
5385,1
5386,1
5387,0
5388,1
5389,1
5390,0
5391,1
5392,1
5393,0
5394,1
5395,0
5396,1
5397,1
5398,1
5399,1
5400,1
5401,1
5402,1
5403,1
5404,0
5405,1
5406,1
5407,1
5408,0
5409,1
5410,0
5411,1
5412,1
5413,0
5414,1
5415,1
5416,0
5417,1
5418,3
5419,2
5420,0
5421,2
5422,1
5423,0
5424,0
5425,0
5426,0
5427,0
5428,1
5429,2
5430,1
5431,0
5432,1
5433,0
5434,0
5435,0
5436,1
5437,2
5438,2
5439,1
5440,1
5441,1
5442,0
5443,0
5444,1
5445,0
5446,0
5447,1
5448,1
5449,1
5450,1
5451,1
5452,1
5453,1
5454,2
5455,0
5456,0
5457,1
5458,1
5459,1
5460,1
5461,1
5462,1
5463,2
5464,1
5465,1
5466,2
5467,1
5468,1
5469,1
5470,0
5471,0
5472,1
5473,1
5474,2
5475,1
5476,1
5477,1
5478,1
5479,2
5480,1
5481,3
5482,2
5483,2
5484,0
5485,0
5486,0
5487,0
5488,0
5489,2
5490,1
5491,1
5492,1
5493,0
5494,0
5495,0
5496,1
5497,1
5498,0
5499,0
5500,0
5501,0
5502,1
5503,0
5504,2
5505,0
5506,0
5507,2
5508,1
5509,2
5510,2
5511,2
5512,1
5513,0
5514,1
5515,0
5516,0
5517,0
5518,0
5519,2
5520,1
5521,1
5522,1
5523,0
5524,0
5525,0
5526,0
5527,0
5528,1
5529,0
5530,1
5531,1
5532,1
5533,1
5534,2
5535,3
5536,1
5537,1
5538,1
5539,1
5540,2
5541,2
5542,1
5543,1
5544,1
5545,0
5546,1
5547,1
5548,0
5549,2
5550,2
5551,0
5552,0
5553,0
5554,0
5555,1
5556,0
5557,1
5558,1
5559,1
5560,1
5561,1
5562,1
5563,0
5564,0
5565,1
5566,1
5567,1
5568,1
5569,0
5570,0
5571,0
5572,1
5573,1
5574,1
5575,1
5576,1
5577,1
5578,1
5579,2
5580,2
5581,1
5582,1
5583,1
5584,0
5585,1
5586,1
5587,1
5588,1
5589,2
5590,0
5591,1
5592,1
5593,1
5594,1
5595,0
5596,2
5597,0
5598,0
5599,0
5600,1
5601,1
5602,2
5603,1
5604,1
5605,1
5606,2
5607,1
5608,0
5609,2
5610,0
5611,0
5612,1
5613,0
5614,1
5615,1
5616,0
5617,0
5618,0
5619,1
5620,1
5621,1
5622,0
5623,1
5624,1
5625,1
5626,1
5627,1
5628,1
5629,2
5630,2
5631,0
5632,0
5633,0
5634,1
5635,0
5636,0
5637,2
5638,1
5639,2
5640,1
5641,2
5642,1
5643,1
5644,3
5645,1
5646,0
5647,0
5648,1
5649,1
5650,1
5651,1
5652,1
5653,1
5654,1
5655,1
5656,1
5657,0
5658,1
5659,1
5660,1
5661,0
5662,1
5663,1
5664,0
5665,1
5666,1
5667,0
5668,1
5669,1
5670,2
5671,1
5672,1
5673,0
5674,0
5675,0
5676,0
5677,0
5678,1
5679,0
5680,1
5681,1
5682,1
5683,1
5684,1
5685,1
5686,2
5687,1
5688,2
5689,1
5690,1
5691,2
5692,1
5693,1
5694,0
5695,0
5696,1
5697,1
5698,1
5699,1
5700,1
5701,1
5702,0
5703,0
5704,0
5705,2
5706,0
5707,1
5708,1
5709,1
5710,1
5711,2
5712,2
5713,1
5714,1
5715,1
5716,0
5717,0
5718,1
5719,1
5720,1
5721,1
5722,1
5723,1
5724,1
5725,0
5726,0
5727,1
5728,0
5729,0
5730,0
5731,1
5732,1
5733,0
5734,1
5735,1
5736,1
5737,2
5738,1
5739,1
5740,2
5741,1
5742,0
5743,0
5744,1
5745,1
5746,1
5747,0
5748,1
5749,1
5750,1
5751,2
5752,1
5753,1
5754,0
5755,0
5756,1
5757,1
5758,2
5759,1
5760,0
5761,0
5762,1
5763,0
5764,0
5765,1
5766,1
5767,1
5768,2
5769,2
5770,0
5771,0
5772,1
5773,2
5774,2
5775,1
5776,2
5777,2
5778,0
5779,0
5780,0
5781,1
5782,2
5783,1
5784,0
5785,0
5786,1
5787,0
5788,1
5789,1
5790,1
5791,1
5792,0
5793,1
5794,1
5795,0
5796,1
5797,0
5798,1
5799,1
5800,1
5801,0
5802,0
5803,0
5804,0
5805,0
5806,2
5807,2
5808,2
5809,2
5810,1
5811,1
5812,1
5813,1
5814,1
5815,1
5816,1
5817,1
5818,1
5819,2
5820,1
5821,1
5822,0
5823,0
5824,0
5825,1
5826,1
5827,2
5828,2
5829,0
5830,1
5831,1
5832,1
5833,2
5834,2
5835,2
5836,0
5837,1
5838,1
5839,1
5840,0
5841,1
5842,0
5843,0
5844,1
5845,0
5846,2
5847,1
5848,0
5849,0
5850,0
5851,0
5852,1
5853,1
5854,1
5855,0
5856,1
5857,1
5858,2
5859,1
5860,1
5861,1
5862,1
5863,1
5864,1
5865,2
5866,2
5867,2
5868,2
5869,0
5870,1
5871,1
5872,1
5873,2
5874,0
5875,0
5876,0
5877,1
5878,1
5879,1
5880,0
5881,0
5882,2
5883,0
5884,1
5885,1
5886,1
5887,0
5888,1
5889,1
5890,1
5891,2
5892,3
5893,1
5894,1
5895,0
5896,0
5897,0
5898,0
5899,0
5900,2
5901,0
5902,1
5903,2
5904,0
5905,0
5906,0
5907,0
5908,1
5909,1
5910,1
5911,2
5912,1
5913,1
5914,1
5915,1
5916,1
5917,1
5918,1
5919,1
5920,1
5921,1
5922,1
5923,1
5924,1
5925,2
5926,0
5927,1
5928,1
5929,1
5930,1
5931,2
5932,0
5933,1
5934,1
5935,0
5936,0
5937,1
5938,0
5939,2
5940,2
5941,1
5942,1
5943,1
5944,0
5945,1
5946,1
5947,1
5948,0
5949,1
5950,1
5951,1
5952,2
5953,2
5954,0
5955,0
5956,2
5957,0
5958,0
5959,0
5960,0
5961,2
5962,0
5963,1
5964,1
5965,0
5966,0
5967,0
5968,0
5969,1
5970,1
5971,1
5972,1
5973,0
5974,0
5975,0
5976,0
5977,1
5978,2
5979,1
5980,1
5981,1
5982,1
5983,2
5984,0
5985,0
5986,1
5987,1
5988,2
5989,3
5990,1
5991,1
5992,1
5993,4
5994,3
5995,1
5996,0
5997,1
5998,1
5999,1
6000,0
6001,1
6002,0
6003,0
6004,1
6005,0
6006,0
6007,1
6008,0
6009,0
6010,0
6011,0
6012,1
6013,2
6014,1
6015,1
6016,0
6017,1
6018,0
6019,0
6020,1
6021,2
6022,1
6023,1
6024,1
6025,0
6026,0
6027,2
6028,2
6029,2
6030,2
6031,1
6032,0
6033,0
6034,0
6035,0
6036,1
6037,1
6038,0
6039,0
6040,0
6041,0
6042,2
6043,1
6044,1
6045,1
6046,1
6047,1
6048,2
6049,2
6050,1
6051,1
6052,1
6053,1
6054,0
6055,0
6056,0
6057,0
6058,1
6059,1
6060,0
6061,0
6062,1
6063,1
6064,1
6065,1
6066,2
6067,0
6068,0
6069,1
6070,1
6071,1
6072,1
6073,1
6074,1
6075,2
6076,1
6077,1
6078,1
6079,1
6080,0
6081,0
6082,0
6083,1
6084,2
6085,2
6086,2
6087,3
6088,1
6089,1
6090,2
6091,1
6092,1
6093,1
6094,0
6095,0
6096,1
6097,0
6098,0
6099,1
6100,0
6101,0
6102,2
6103,1
6104,0
6105,0
6106,0
6107,1
6108,1
6109,2
6110,0
6111,0
6112,1
6113,1
6114,1
6115,1
6116,1
6117,0
6118,0
6119,0
6120,1
6121,2
6122,1
6123,1
6124,1
6125,1
6126,1
6127,1
6128,1
6129,1
6130,1
6131,1
6132,1
6133,0
6134,1
6135,1
6136,1
6137,1
6138,1
6139,1
6140,0
6141,1
6142,1
6143,1
6144,1
6145,0
6146,0
6147,0
6148,0
6149,0
6150,0
6151,1
6152,0
6153,1
6154,1
6155,1
6156,1
6157,1
6158,1
6159,1
6160,1
6161,2
6162,1
6163,1
6164,1
6165,1
6166,1
6167,2
6168,1
6169,1
6170,1
6171,0
6172,1
6173,0
6174,2
6175,0
6176,1
6177,0
6178,0
6179,0
6180,0
6181,1
6182,1
6183,1
6184,1
6185,1
6186,2
6187,1
6188,1
6189,1
6190,2
6191,2
6192,1
6193,1
6194,2
6195,1
6196,0
6197,3
6198,1
6199,0
6200,0
6201,0
6202,0
6203,0
6204,1
6205,1
6206,0
6207,1
6208,1
6209,1
6210,3
6211,3
6212,3
6213,2
6214,4
6215,3
6216,2
6217,0
6218,0
6219,0
6220,0
6221,0
6222,0
6223,0
6224,0
6225,0
6226,0
6227,0
6228,1
6229,0
6230,0
6231,0
6232,0
6233,0
6234,1
6235,2
6236,1
6237,1
6238,3
6239,1
6240,2
6241,1
6242,1
6243,2
6244,1
6245,1
6246,1
6247,0
6248,1
6249,2
6250,0
6251,0
6252,0
6253,0
6254,0
6255,0
6256,0
6257,1
6258,2
6259,1
6260,1
6261,0
6262,0
6263,1
6264,1
6265,2
6266,2
6267,3
6268,0
6269,0
6270,0
6271,1
6272,1
6273,3
6274,2
6275,1
6276,1
6277,1
6278,2
6279,0
6280,0
6281,1
6282,1
6283,1
6284,0
6285,1
6286,1
6287,1
6288,1
6289,0
6290,0
6291,1
6292,2
6293,2
6294,0
6295,0
6296,0
6297,0
6298,2
6299,1
6300,1
6301,0
6302,2
6303,2
6304,1
6305,1
6306,1
6307,2
6308,1
6309,1
6310,1
6311,1
6312,0
6313,0
6314,0
6315,1
6316,2
6317,1
6318,1
6319,1
6320,0
6321,0
6322,1
6323,0
6324,1
6325,0
6326,0
6327,0
6328,1
6329,1
6330,1
6331,1
6332,3
6333,2
6334,1
6335,0
6336,1
6337,1
6338,1
6339,2
6340,2
6341,0
6342,2
6343,1
6344,0
6345,0
6346,1
6347,1
6348,3
6349,2
6350,1
6351,1
6352,1
6353,2
6354,1
6355,0
6356,0
6357,0
6358,2
6359,1
6360,0
6361,1
6362,0
6363,1
6364,1
6365,0
6366,0
6367,0
6368,1
6369,1
6370,0
6371,0
6372,0
6373,0
6374,1
6375,2
6376,2
6377,0
6378,2
6379,1
6380,2
6381,1
6382,1
6383,1
6384,0
6385,0
6386,1
6387,1
6388,1
6389,1
6390,0
6391,1
6392,0
6393,0
6394,1
6395,0
6396,0
6397,1
6398,2
6399,2
6400,1
6401,1
6402,1
6403,0
6404,0
6405,3
6406,3
6407,1
6408,1
6409,1
6410,1
6411,1
6412,1
6413,0
6414,1
6415,2
6416,0
6417,1
6418,0
6419,0
6420,0
6421,0
6422,0
6423,0
6424,1
6425,1
6426,1
6427,1
6428,1
6429,2
6430,1
6431,1
6432,0
6433,0
6434,0
6435,0
6436,0
6437,0
6438,1
6439,1
6440,1
6441,0
6442,0
6443,0
6444,2
6445,1
6446,1
6447,1
6448,0
6449,0
6450,1
6451,1
6452,1
6453,2
6454,2
6455,2
6456,5
6457,1
6458,1
6459,1
6460,1
6461,1
6462,2
6463,1
6464,0
6465,1
6466,1
6467,3
6468,2
6469,3
6470,1
6471,1
6472,1
6473,2
6474,2
6475,2
6476,1
6477,1
6478,1
6479,1
6480,1
6481,0
6482,0
6483,0
6484,0
6485,0
6486,0
6487,0
6488,1
6489,1
6490,0
6491,0
6492,0
6493,0
6494,0
6495,0
6496,2
6497,2
6498,0
6499,2
6500,1
6501,1
6502,0
6503,1
6504,0
6505,0
6506,0
6507,0
6508,0
6509,0
6510,0
6511,0
6512,1
6513,1
6514,1
6515,0
6516,0
6517,1
6518,1
6519,0
6520,0
6521,2
6522,4
6523,2
6524,3
6525,1
6526,2
6527,1
6528,0
6529,0
6530,0
6531,0
6532,0
6533,0
6534,1
6535,1
6536,0
6537,0
6538,1
6539,1
6540,2
6541,2
6542,2
6543,2
6544,2
6545,2
6546,1
6547,3
6548,1
6549,1
6550,1
6551,1
6552,1
6553,1
6554,0
6555,0
6556,0
6557,0
6558,0
6559,1
6560,0
6561,0
6562,0
6563,1
6564,0
6565,0
6566,0
6567,0
6568,2
6569,2
6570,2
6571,1
6572,1
6573,0
6574,1
6575,2
6576,1
6577,1
6578,2
6579,2
6580,3
6581,1
6582,0
6583,1
6584,0
6585,1
6586,2
6587,2
6588,0
6589,0
6590,0
6591,0
6592,1
6593,1
6594,1
6595,1
6596,1
6597,0
6598,0
6599,0
6600,0
6601,1
6602,2
6603,2
6604,1
6605,0
6606,0
6607,1
6608,1
6609,1
6610,0
6611,0
6612,0
6613,0
6614,1
6615,2
6616,1
6617,1
6618,1
6619,2
6620,2
6621,2
6622,1
6623,1
6624,2
6625,1
6626,1
6627,0
6628,0
6629,0
6630,2
6631,0
6632,1
6633,0
6634,0
6635,0
6636,0
6637,0
6638,4
6639,1
6640,0
6641,1
6642,3
6643,2
6644,1
6645,2
6646,0
6647,0
6648,0
6649,1
6650,1
6651,1
6652,0
6653,0
6654,0
6655,1
6656,1
6657,1
6658,1
6659,1
6660,1
6661,1
6662,1
6663,0
6664,0
6665,2
6666,2
6667,1
6668,1
6669,1
6670,2
6671,1
6672,1
6673,0
6674,0
6675,0
6676,0
6677,1
6678,0
6679,2
6680,1
6681,1
6682,1
6683,0
6684,0
6685,0
6686,2
6687,1
6688,2
6689,1
6690,2
6691,0
6692,0
6693,1
6694,1
6695,0
6696,0
6697,1
6698,0
6699,1
6700,1
6701,1
6702,1
6703,1
6704,2
6705,3
6706,2
6707,1
6708,0
6709,1
6710,0
6711,0
6712,0
6713,0
6714,1
6715,0
6716,0
6717,0
6718,0
6719,0
6720,1
6721,2
6722,2
6723,2
6724,2
6725,2
6726,2
6727,2
6728,0
6729,1
6730,2
6731,1
6732,0
6733,1
6734,1
6735,1
6736,0
6737,0
6738,0
6739,0
6740,0
6741,1
6742,0
6743,0
6744,0
6745,1
6746,2
6747,1
6748,0
6749,0
6750,0
6751,0
6752,0
6753,1
6754,2
6755,1
6756,1
6757,2
6758,2
6759,1
6760,2
6761,1
6762,1
6763,1
6764,2
6765,1
6766,0
6767,0
6768,0
6769,0
6770,0
6771,1
6772,2
6773,1
6774,0
6775,0
6776,0
6777,0
6778,1
6779,0
6780,1
6781,1
6782,1
6783,1
6784,1
6785,0
6786,0
6787,1
6788,1
6789,1
6790,1
6791,1
6792,0
6793,1
6794,1
6795,2
6796,1
6797,2
6798,3
6799,1
6800,1
6801,0
6802,0
6803,0
6804,0
6805,2
6806,3
6807,0
6808,2
6809,1
6810,0
6811,0
6812,0
6813,0
6814,0
6815,0
6816,0
6817,0
6818,1
6819,1
6820,1
6821,1
6822,0
6823,0
6824,0
6825,0
6826,1
6827,3
6828,2
6829,1
6830,0
6831,2
6832,3
6833,3
6834,1
6835,2
6836,1
6837,1
6838,0
6839,0
6840,0
6841,1
6842,0
6843,0
6844,1
6845,0
6846,0
6847,0
6848,1
6849,1
6850,1
6851,1
6852,1
6853,1
6854,1
6855,1
6856,3
6857,3
6858,3
6859,1
6860,0
6861,0
6862,1
6863,0
6864,1
6865,0
6866,0
6867,0
6868,0
6869,0
6870,1
6871,1
6872,1
6873,1
6874,1
6875,1
6876,1
6877,1
6878,0
6879,0
6880,0
6881,0
6882,0
6883,0
6884,0
6885,0
6886,0
6887,0
6888,1
6889,0
6890,1
6891,0
6892,0
6893,1
6894,1
6895,1
6896,1
6897,1
6898,2
6899,2
6900,2
6901,2
6902,2
6903,1
6904,2
6905,0
6906,1
6907,2
6908,2
6909,2
6910,0
6911,0
6912,2
6913,2
6914,1
6915,3
6916,1
6917,1
6918,1
6919,0
6920,0
6921,0
6922,0
6923,1
6924,0
6925,1
6926,1
6927,1
6928,0
6929,0
6930,0
6931,1
6932,0
6933,1
6934,0
6935,1
6936,0
6937,0
6938,0
6939,0
6940,2
6941,2
6942,2
6943,1
6944,0
6945,0
6946,1
6947,2
6948,0
6949,1
6950,2
6951,1
6952,0
6953,0
6954,2
6955,1
6956,1
6957,3
6958,1
6959,0
6960,0
6961,1
6962,1
6963,0
6964,1
6965,1
6966,3
6967,0
6968,0
6969,0
6970,0
6971,0
6972,1
6973,0
6974,1
6975,1
6976,1
6977,1
6978,1
6979,0
6980,0
6981,3
6982,3
6983,1
6984,3
6985,3
6986,1
6987,2
6988,1
6989,0
6990,0
6991,1
6992,1
6993,1
6994,1
6995,1
6996,1
6997,1
6998,1
6999,0
7000,0
7001,0
7002,0
7003,0
7004,0
7005,0
7006,0
7007,0
7008,1
7009,1
7010,1
7011,1
7012,1
7013,0
7014,0
7015,0
7016,0
7017,0
7018,0
7019,0
7020,2
7021,2
7022,4
7023,2
7024,1
7025,1
7026,1
7027,1
7028,1
7029,2
7030,2
7031,1
7032,1
7033,1
7034,1
7035,0
7036,0
7037,0
7038,0
7039,0
7040,0
7041,0
7042,1
7043,1
7044,0
7045,1
7046,0
7047,0
7048,0
7049,0
7050,0
7051,0
7052,1
7053,2
7054,1
7055,0
7056,2
7057,1
7058,0
7059,1
7060,0
7061,1
7062,1
7063,1
7064,1
7065,1
7066,1
7067,2
7068,2
7069,1
7070,2
7071,1
7072,1
7073,1
7074,2
7075,2
7076,2
7077,0
7078,1
7079,2
7080,0
7081,1
7082,2
7083,1
7084,1
7085,1
7086,0
7087,2
7088,1
7089,1
7090,0
7091,0
7092,0
7093,0
7094,1
7095,0
7096,0
7097,1
7098,0
7099,2
7100,1
7101,0
7102,0
7103,1
7104,0
7105,0
7106,0
7107,1
7108,1
7109,1
7110,2
7111,2
7112,1
7113,1
7114,1
7115,0
7116,2
7117,1
7118,1
7119,1
7120,0
7121,1
7122,1
7123,1
7124,0
7125,0
7126,1
7127,1
7128,1
7129,1
7130,1
7131,1
7132,1
7133,1
7134,1
7135,0
7136,0
7137,0
7138,2
7139,1
7140,0
7141,1
7142,2
7143,1
7144,0
7145,1
7146,2
7147,1
7148,1
7149,1
7150,1
7151,0
7152,0
7153,1
7154,0
7155,2
7156,1
7157,0
7158,0
7159,0
7160,0
7161,0
7162,1
7163,3
7164,1
7165,1
7166,0
7167,0
7168,1
7169,1
7170,3
7171,1
7172,2
7173,1
7174,1
7175,1
7176,2
7177,2
7178,1
7179,1
7180,1
7181,0
7182,0
7183,0
7184,1
7185,0
7186,0
7187,0
7188,0
7189,0
7190,2
7191,1
7192,0
7193,0
7194,0
7195,0
7196,1
7197,0
7198,1
7199,1
7200,0
7201,0
7202,0
7203,1
7204,3
7205,2
7206,1
7207,1
7208,1
7209,0
7210,0
7211,0
7212,2
7213,2
7214,1
7215,0
7216,0
7217,2
7218,1
7219,1
7220,0
7221,1
7222,1
7223,2
7224,1
7225,0
7226,0
7227,0
7228,0
7229,0
7230,1
7231,1
7232,0
7233,0
7234,0
7235,1
7236,1
7237,1
7238,1
7239,1
7240,1
7241,1
7242,2
7243,2
7244,1
7245,0
7246,0
7247,2
7248,2
7249,2
7250,1
7251,0
7252,1
7253,2
7254,1
7255,1
7256,0
7257,0
7258,0
7259,0
7260,0
7261,0
7262,0
7263,0
7264,2
7265,1
7266,1
7267,2
7268,2
7269,2
7270,2
7271,2
7272,2
7273,2
7274,1
7275,0
7276,0
7277,0
7278,1
7279,2
7280,2
7281,1
7282,1
7283,0
7284,1
7285,1
7286,0
7287,0
7288,0
7289,0
7290,0
7291,1
7292,0
7293,0
7294,0
7295,1
7296,1
7297,1
7298,1
7299,2
7300,2
7301,2
7302,0
7303,1
7304,1
7305,1
7306,0
7307,0
7308,0
7309,0
7310,0
7311,1
7312,2
7313,2
7314,1
7315,1
7316,0
7317,0
7318,0
7319,0
7320,0
7321,1
7322,0
7323,0
7324,1
7325,1
7326,2
7327,1
7328,0
7329,0
7330,0
7331,0
7332,0
7333,0
7334,0
7335,1
7336,1
7337,1
7338,2
7339,1
7340,2
7341,2
7342,2
7343,1
7344,1
7345,1
7346,2
7347,1
7348,2
7349,2
7350,0
7351,3
7352,1
7353,0
7354,0
7355,0
7356,0
7357,0
7358,0
7359,0
7360,1
7361,1
7362,0
7363,0
7364,0
7365,0
7366,1
7367,0
7368,0
7369,0
7370,1
7371,1
7372,1
7373,2
7374,3
7375,2
7376,1
7377,1
7378,1
7379,1
7380,1
7381,1
7382,1
7383,0
7384,1
7385,1
7386,1
7387,1
7388,2
7389,2
7390,0
7391,0
7392,1
7393,1
7394,2
7395,1
7396,1
7397,0
7398,1
7399,2
7400,2
7401,1
7402,1
7403,2
7404,1
7405,1
7406,4
7407,1
7408,1
7409,1
7410,1
7411,0
7412,1
7413,1
7414,1
7415,0
7416,0
7417,0
7418,0
7419,0
7420,0
7421,0
7422,0
7423,0
7424,1
7425,1
7426,1
7427,2
7428,0
7429,0
7430,1
7431,1
7432,0
7433,1
7434,1
7435,3
7436,0
7437,0
7438,0
7439,0
7440,1
7441,0
7442,0
7443,0
7444,0
7445,0
7446,0
7447,2
7448,3
7449,0
7450,2
7451,1
7452,2
7453,2
7454,2
7455,1
7456,0
7457,0
7458,1
7459,2
7460,1
7461,1
7462,1
7463,0
7464,0
7465,0
7466,0
7467,0
7468,0
7469,0
7470,0
7471,0
7472,2
7473,2
7474,2
7475,0
7476,1
7477,1
7478,1
7479,1
7480,0
7481,1
7482,2
7483,2
7484,2
7485,1
7486,1
7487,1
7488,1
7489,1
7490,0
7491,1
7492,1
7493,1
7494,2
7495,1
7496,1
7497,1
7498,1
7499,1
7500,1
7501,2
7502,2
7503,0
7504,1
7505,0
7506,0
7507,1
7508,1
7509,0
7510,0
7511,1
7512,1
7513,0
7514,1
7515,1
7516,1
7517,1
7518,1
7519,2
7520,2
7521,1
7522,1
7523,0
7524,0
7525,0
7526,0
7527,2
7528,2
7529,2
7530,2
7531,2
7532,1
7533,2
7534,1
7535,0
7536,0
7537,0
7538,2
7539,0
7540,0
7541,0
7542,1
7543,0
7544,0
7545,0
7546,0
7547,0
7548,0
7549,1
7550,1
7551,1
7552,0
7553,2
7554,1
7555,1
7556,0
7557,1
7558,0
7559,0
7560,0
7561,0
7562,0
7563,0
7564,1
7565,1
7566,0
7567,1
7568,1
7569,1
7570,1
7571,1
7572,1
7573,2
7574,2
7575,1
7576,0
7577,1
7578,1
7579,1
7580,1
7581,1
7582,1
7583,0
7584,1
7585,1
7586,0
7587,0
7588,0
7589,0
7590,0
7591,2
7592,3
7593,3
7594,1
7595,1
7596,0
7597,0
7598,0
7599,0
7600,1
7601,0
7602,0
7603,0
7604,0
7605,1
7606,1
7607,0
7608,1
7609,2
7610,2
7611,1
7612,1
7613,2
7614,2
7615,2
7616,1
7617,0
7618,0
7619,0
7620,0
7621,0
7622,1
7623,1
7624,2
7625,3
7626,0
7627,0
7628,0
7629,0
7630,0
7631,1
7632,2
7633,3
7634,2
7635,1
7636,0
7637,1
7638,2
7639,2
7640,0
7641,0
7642,0
7643,0
7644,0
7645,1
7646,2
7647,2
7648,0
7649,1
7650,0
7651,1
7652,1
7653,1
7654,1
7655,1
7656,1
7657,1
7658,2
7659,3
7660,2
7661,0
7662,0
7663,2
7664,1
7665,0
7666,0
7667,0
7668,0
7669,0
7670,1
7671,1
7672,1
7673,1
7674,2
7675,1
7676,1
7677,0
7678,0
7679,1
7680,1
7681,3
7682,1
7683,1
7684,0
7685,0
7686,1
7687,1
7688,0
7689,0
7690,0
7691,0
7692,0
7693,0
7694,0
7695,0
7696,1
7697,1
7698,2
7699,2
7700,2
7701,2
7702,1
7703,2
7704,1
7705,0
7706,0
7707,0
7708,2
7709,2
7710,1
7711,1
7712,0
7713,0
7714,0
7715,1
7716,3
7717,0
7718,0
7719,1
7720,1
7721,1
7722,2
7723,2
7724,2
7725,2
7726,1
7727,1
7728,2
7729,0
7730,0
7731,0
7732,0
7733,1
7734,0
7735,0
7736,0
7737,0
7738,1
7739,0
7740,1
7741,0
7742,0
7743,1
7744,1
7745,1
7746,1
7747,1
7748,0
7749,0
7750,0
7751,1
7752,0
7753,1
7754,2
7755,1
7756,1
7757,1
7758,1
7759,1
7760,1
7761,1
7762,1
7763,1
7764,4
7765,2
7766,0
7767,0
7768,0
7769,0
7770,0
7771,0
7772,1
7773,1
7774,1
7775,1
7776,1
7777,1
7778,1
7779,1
7780,1
7781,2
7782,1
7783,1
7784,2
7785,2
7786,0
7787,1
7788,0
7789,1
7790,1
7791,0
7792,0
7793,0
7794,0
7795,2
7796,2
7797,1
7798,1
7799,1
7800,2
7801,2
7802,1
7803,1
7804,0
7805,0
7806,1
7807,1
7808,1
7809,1
7810,2
7811,1
7812,0
7813,2
7814,1
7815,1
7816,1
7817,1
7818,1
7819,1
7820,1
7821,1
7822,1
7823,0
7824,1
7825,1
7826,1
7827,1
7828,0
7829,0
7830,1
7831,0
7832,0
7833,1
7834,0
7835,0
7836,0
7837,2
7838,1
7839,1
7840,2
7841,1
7842,1
7843,0
7844,0
7845,0
7846,0
7847,2
7848,2
7849,1
7850,1
7851,0
7852,0
7853,0
7854,0
7855,0
7856,0
7857,0
7858,1
7859,1
7860,1
7861,1
7862,3
7863,2
7864,1
7865,1
7866,1
7867,1
7868,1
7869,1
7870,1
7871,1
7872,0
7873,1
7874,1
7875,1
7876,1
7877,0
7878,0
7879,2
7880,2
7881,0
7882,0
7883,1
7884,0
7885,0
7886,0
7887,0
7888,0
7889,1
7890,2
7891,0
7892,1
7893,1
7894,2
7895,1
7896,1
7897,1
7898,1
7899,2
7900,1
7901,1
7902,2
7903,1
7904,1
7905,1
7906,2
7907,3
7908,1
7909,2
7910,2
7911,3
7912,1
7913,1
7914,0
7915,0
7916,0
7917,0
7918,0
7919,0
7920,0
7921,0
7922,0
7923,0
7924,0
7925,1
7926,2
7927,0
7928,1
7929,1
7930,1
7931,1
7932,1
7933,1
7934,1
7935,1
7936,0
7937,0
7938,0
7939,1
7940,2
7941,2
7942,1
7943,1
7944,1
7945,1
7946,2
7947,1
7948,2
7949,1
7950,0
7951,1
7952,0
7953,0
7954,0
7955,1
7956,2
7957,1
7958,0
7959,1
7960,1
7961,1
7962,1
7963,2
7964,0
7965,0
7966,0
7967,0
7968,1
7969,1
7970,1
7971,2
7972,1
7973,1
7974,1
7975,1
7976,1
7977,1
7978,1
7979,1
7980,1
7981,0
7982,1
7983,3
7984,0
7985,1
7986,0
7987,0
7988,0
7989,0
7990,1
7991,1
7992,1
7993,1
7994,0
7995,1
7996,1
7997,0
7998,0
7999,0
8000,2
8001,0
8002,0
8003,0
8004,0
8005,0
8006,0
8007,1
8008,1
8009,0
8010,1
8011,0
8012,0
8013,0
8014,0
8015,1
8016,1
8017,1
8018,0
8019,0
8020,2
8021,2
8022,1
8023,1
8024,1
8025,0
8026,1
8027,2
8028,2
8029,2
8030,1
8031,1
8032,1
8033,0
8034,0
8035,0
8036,1
8037,1
8038,1
8039,0
8040,0
8041,1
8042,1
8043,0
8044,0
8045,1
8046,1
8047,1
8048,2
8049,1
8050,1
8051,1
8052,3
8053,1
8054,2
8055,2
8056,1
8057,2
8058,1
8059,2
8060,0
8061,0
8062,0
8063,1
8064,1
8065,0
8066,0
8067,0
8068,0
8069,0
8070,2
8071,2
8072,0
8073,2
8074,1
8075,1
8076,1
8077,1
8078,1
8079,1
8080,1
8081,2
8082,2
8083,2
8084,1
8085,2
8086,2
8087,1
8088,1
8089,1
8090,0
8091,0
8092,0
8093,0
8094,0
8095,0
8096,1
8097,0
8098,0
8099,1
8100,0
8101,0
8102,0
8103,0
8104,0
8105,1
8106,1
8107,1
8108,0
8109,1
8110,0
8111,0
8112,1
8113,0
8114,0
8115,1
8116,1
8117,0
8118,0
8119,2
8120,2
8121,2
8122,2
8123,4
8124,2
8125,0
8126,2
8127,2
8128,1
8129,2
8130,1
8131,0
8132,0
8133,0
8134,0
8135,0
8136,0
8137,0
8138,0
8139,0
8140,2
8141,2
8142,1
8143,0
8144,0
8145,1
8146,1
8147,2
8148,1
8149,2
8150,2
8151,2
8152,2
8153,1
8154,3
8155,2
8156,0
8157,0
8158,0
8159,0
8160,0
8161,1
8162,1
8163,1
8164,0
8165,1
8166,1
8167,1
8168,1
8169,2
8170,1
8171,1
8172,2
8173,1
8174,1
8175,1
8176,2
8177,0
8178,0
8179,2
8180,0
8181,0
8182,1
8183,0
8184,0
8185,0
8186,2
8187,1
8188,0
8189,0
8190,1
8191,0
8192,3
8193,1
8194,0
8195,1
8196,0
8197,0
8198,0
8199,2
8200,1
8201,0
8202,0
8203,0
8204,0
8205,1
8206,1
8207,1
8208,0
8209,0
8210,1
8211,0
8212,2
8213,2
8214,1
8215,0
8216,0
8217,2
8218,2
8219,2
8220,2
8221,1
8222,1
8223,1
8224,1
8225,1
8226,1
8227,3
8228,3
8229,1
8230,1
8231,1
8232,1
8233,3
8234,2
8235,1
8236,1
8237,1
8238,2
8239,1
8240,1
8241,2
8242,1
8243,0
8244,0
8245,2
8246,2
8247,0
8248,3
8249,2
8250,0
8251,0
8252,0
8253,1
8254,1
8255,0
8256,0
8257,0
8258,1
8259,2
8260,1
8261,1
8262,1
8263,1
8264,1
8265,2
8266,2
8267,1
8268,0
8269,1
8270,2
8271,2
8272,1
8273,1
8274,1
8275,0
8276,0
8277,1
8278,0
8279,0
8280,2
8281,2
8282,2
8283,1
8284,0
8285,1
8286,2
8287,1
8288,0
8289,0
8290,0
8291,2
8292,1
8293,0
8294,0
8295,1
8296,0
8297,0
8298,1
8299,1
8300,1
8301,2
8302,3
8303,1
8304,0
8305,0
8306,1
8307,2
8308,0
8309,0
8310,1
8311,2
8312,1
8313,0
8314,1
8315,1
8316,5
8317,5
8318,0
8319,0
8320,1
8321,1
8322,2
8323,2
8324,0
8325,0
8326,0
8327,0
8328,0
8329,1
8330,2
8331,3
8332,2
8333,0
8334,1
8335,3
8336,3
8337,1
8338,1
8339,1
8340,1
8341,3
8342,1
8343,1
8344,1
8345,0
8346,0
8347,1
8348,0
8349,0
8350,0
8351,0
8352,2
8353,3
8354,2
8355,2
8356,3
8357,4
8358,5
8359,4
8360,3
8361,2
8362,1
8363,2
8364,2
8365,0
8366,0
8367,1
8368,2
8369,3
8370,2
8371,1
8372,1
8373,0
8374,0
8375,0
8376,0
8377,0
8378,0
8379,0
8380,0
8381,0
8382,0
8383,2
8384,1
8385,2
8386,2
8387,1
8388,1
8389,1
8390,1
8391,2
8392,2
8393,0
8394,1
8395,1
8396,2
8397,2
8398,0
8399,1
8400,2
8401,1
8402,1
8403,1
8404,2
8405,1
8406,1
8407,1
8408,1
8409,1
8410,0
8411,1
8412,1
8413,0
8414,1
8415,1
8416,1
8417,2
8418,1
8419,1
8420,3
8421,1
8422,0
8423,2
8424,1
8425,1
8426,1
8427,0
8428,0
8429,1
8430,0
8431,1
8432,0
8433,0
8434,0
8435,0
8436,3
8437,3
8438,1
8439,2
8440,3
8441,1
8442,0
8443,0
8444,1
8445,1
8446,1
8447,0
8448,0
8449,1
8450,0
8451,0
8452,0
8453,1
8454,1
8455,0
8456,2
8457,1
8458,1
8459,2
8460,2
8461,1
8462,1
8463,1
8464,2
8465,2
8466,0
8467,0
8468,1
8469,0
8470,0
8471,0
8472,1
8473,2
8474,2
8475,4
8476,0
8477,1
8478,0
8479,0
8480,1
8481,3
8482,2
8483,1
8484,0
8485,1
8486,0
8487,1
8488,2
8489,1
8490,1
8491,0
8492,1
8493,0
8494,1
8495,0
8496,0
8497,1
8498,2
8499,1
8500,0
8501,0
8502,0
8503,1
8504,0
8505,0
8506,2
8507,2
8508,1
8509,2
8510,0
8511,0
8512,2
8513,1
8514,0
8515,0
8516,0
8517,1
8518,1
8519,0
8520,0
8521,1
8522,0
8523,2
8524,3
8525,2
8526,1
8527,0
8528,2
8529,2
8530,1
8531,2
8532,1
8533,1
8534,1
8535,0
8536,0
8537,0
8538,1
8539,1
8540,0
8541,1
8542,2
8543,1
8544,1
8545,1
8546,0
8547,0
8548,1
8549,1
8550,1
8551,1
8552,2
8553,2
8554,1
8555,1
8556,1
8557,0
8558,0
8559,0
8560,0
8561,1
8562,1
8563,2
8564,0
8565,0
8566,1
8567,2
8568,0
8569,0
8570,0
8571,1
8572,3
8573,1
8574,1
8575,2
8576,0
8577,0
8578,2
8579,2
8580,0
8581,1
8582,1
8583,3
8584,3
8585,1
8586,0
8587,2
8588,2
8589,2
8590,1
8591,0
8592,1
8593,1
8594,0
8595,0
8596,0
8597,0
8598,0
8599,1
8600,0
8601,0
8602,0
8603,1
8604,1
8605,0
8606,1
8607,1
8608,1
8609,1
8610,1
8611,1
8612,0
8613,1
8614,2
8615,1
8616,0
8617,0
8618,2
8619,2
8620,0
8621,1
8622,2
8623,3
8624,1
8625,0
8626,2
8627,2
8628,0
8629,0
8630,1
8631,2
8632,3
8633,2
8634,0
8635,0
8636,0
8637,0
8638,2
8639,2
8640,0
8641,1
8642,2
8643,1
8644,1
8645,0
8646,0
8647,1
8648,2
8649,1
8650,0
8651,1
8652,1
8653,1
8654,2
8655,1
8656,1
8657,2
8658,1
8659,0
8660,0
8661,1
8662,1
8663,1
8664,0
8665,0
8666,2
8667,2
8668,2
8669,1
8670,0
8671,1
8672,2
8673,2
8674,0
8675,1
8676,1
8677,1
8678,2
8679,1
8680,1
8681,1
8682,1
8683,1
8684,1
8685,1
8686,1
8687,1
8688,1
8689,1
8690,1
8691,1
8692,1
8693,0
8694,0
8695,1
8696,1
8697,1
8698,0
8699,1
8700,0
8701,0
8702,1
8703,2
8704,1
8705,1
8706,0
8707,0
8708,0
8709,0
8710,0
8711,0
8712,1
8713,0
8714,0
8715,0
8716,0
8717,0
8718,1
8719,0
8720,0
8721,0
8722,2
8723,2
8724,0
8725,2
8726,2
8727,0
8728,0
8729,1
8730,2
8731,2
8732,2
8733,2
8734,2
8735,1
8736,1
8737,0
8738,2
8739,2
8740,1
8741,0
8742,0
8743,0
8744,0
8745,1
8746,1
8747,1
8748,1
8749,1
8750,1
8751,1
8752,1
8753,2
8754,2
8755,2
8756,1
8757,1
8758,1
8759,1
8760,0
8761,0
8762,1
8763,0
8764,1
8765,1
8766,1
8767,2
8768,1
8769,1
8770,3
8771,3
8772,3
8773,1
8774,0
8775,0
8776,1
8777,1
8778,0
8779,0
8780,0
8781,1
8782,0
8783,1
8784,0
8785,0
8786,0
8787,1
8788,1
8789,0
8790,0
8791,0
8792,0
8793,1
8794,2
8795,3
8796,2
8797,2
8798,2
8799,1
8800,1
8801,1
8802,0
8803,1
8804,2
8805,2
8806,1
8807,3
8808,2
8809,2
8810,3
8811,1
8812,0
8813,0
8814,0
8815,0
8816,0
8817,0
8818,0
8819,1
8820,0
8821,0
8822,1
8823,0
8824,0
8825,1
8826,3
8827,0
8828,0
8829,1
8830,1
8831,0
8832,1
8833,0
8834,0
8835,0
8836,0
8837,0
8838,1
8839,0
8840,0
8841,1
8842,1
8843,3
8844,1
8845,1
8846,2
8847,1
8848,1
8849,1
8850,0
8851,1
8852,1
8853,2
8854,1
8855,1
8856,1
8857,1
8858,2
8859,1
8860,3
8861,2
8862,0
8863,1
8864,0
8865,0
8866,0
8867,1
8868,0
8869,2
8870,0
8871,0
8872,0
8873,3
8874,1
8875,1
8876,0
8877,3
8878,1
8879,1
8880,2
8881,0
8882,0
8883,1
8884,0
8885,0
8886,0
8887,2
8888,2
8889,0
8890,0
8891,1
8892,0
8893,1
8894,0
8895,1
8896,1
8897,1
8898,1
8899,1
8900,1
8901,0
8902,0
8903,0
8904,0
8905,0
8906,1
8907,1
8908,1
8909,1
8910,1
8911,1
8912,1
8913,0
8914,0
8915,0
8916,2
8917,2
8918,2
8919,1
8920,0
8921,0
8922,0
8923,1
8924,1
8925,1
8926,1
8927,1
8928,2
8929,0
8930,1
8931,1
8932,1
8933,1
8934,0
8935,0
8936,1
8937,1
8938,1
8939,1
8940,1
8941,0
8942,0
8943,0
8944,0
8945,1
8946,0
8947,1
8948,1
8949,3
8950,1
8951,1
8952,1
8953,1
8954,2
8955,1
8956,1
8957,0
8958,1
8959,3
8960,1
8961,2
8962,1
8963,0
8964,0
8965,1
8966,1
8967,1
8968,1
8969,2
8970,1
8971,1
8972,1
8973,1
8974,0
8975,0
8976,0
8977,1
8978,0
8979,0
8980,1
8981,1
8982,2
8983,2
8984,1
8985,0
8986,1
8987,1
8988,1
8989,1
8990,1
8991,1
8992,0
8993,0
8994,0
8995,1
8996,0
8997,0
8998,1
8999,1
9000,2
9001,0
9002,1
9003,1
9004,1
9005,1
9006,0
9007,0
9008,0
9009,0
9010,0
9011,1
9012,2
9013,1
9014,2
9015,1
9016,1
9017,2
9018,0
9019,1
9020,1
9021,3
9022,2
9023,1
9024,1
9025,1
9026,1
9027,1
9028,1
9029,0
9030,2
9031,2
9032,1
9033,2
9034,1
9035,1
9036,1
9037,0
9038,1
9039,1
9040,2
9041,0
9042,2
9043,1
9044,1
9045,0
9046,0
9047,2
9048,2
9049,0
9050,0
9051,1
9052,1
9053,0
9054,0
9055,1
9056,0
9057,1
9058,2
9059,1
9060,1
9061,1
9062,0
9063,0
9064,1
9065,1
9066,1
9067,1
9068,1
9069,1
9070,1
9071,1
9072,1
9073,1
9074,0
9075,0
9076,1
9077,1
9078,2
9079,3
9080,2
9081,0
9082,0
9083,1
9084,1
9085,1
9086,1
9087,0
9088,3
9089,1
9090,0
9091,1
9092,1
9093,2
9094,0
9095,0
9096,0
9097,0
9098,0
9099,0
9100,1
9101,0
9102,1
9103,0
9104,1
9105,1
9106,2
9107,2
9108,2
9109,1
9110,1
9111,1
9112,1
9113,2
9114,1
9115,1
9116,0
9117,1
9118,1
9119,2
9120,1
9121,1
9122,1
9123,1
9124,2
9125,2
9126,1
9127,1
9128,1
9129,1
9130,3
9131,2
9132,2
9133,1
9134,2
9135,2
9136,0
9137,0
9138,1
9139,1
9140,0
9141,0
9142,0
9143,0
9144,1
9145,0
9146,0
9147,0
9148,0
9149,0
9150,0
9151,1
9152,2
9153,1
9154,0
9155,0
9156,0
9157,0
9158,0
9159,0
9160,1
9161,1
9162,1
9163,1
9164,0
9165,1
9166,1
9167,1
9168,1
9169,1
9170,1
9171,0
9172,0
9173,0
9174,1
9175,1
9176,1
9177,2
9178,2
9179,2
9180,2
9181,2
9182,0
9183,1
9184,3
9185,3
9186,0
9187,0
9188,0
9189,0
9190,0
9191,1
9192,1
9193,1
9194,0
9195,0
9196,0
9197,0
9198,0
9199,1
9200,1
9201,1
9202,0
9203,1
9204,2
9205,1
9206,2
9207,2
9208,3
9209,2
9210,0
9211,0
9212,0
9213,1
9214,2
9215,0
9216,1
9217,1
9218,0
9219,0
9220,0
9221,1
9222,0
9223,1
9224,1
9225,0
9226,0
9227,0
9228,1
9229,1
9230,1
9231,1
9232,2
9233,2
9234,2
9235,1
9236,1
9237,1
9238,2
9239,1
9240,2
9241,3
9242,0
9243,1
9244,2
9245,0
9246,0
9247,1
9248,1
9249,0
9250,0
9251,1
9252,1
9253,1
9254,1
9255,1
9256,2
9257,3
9258,3
9259,1
9260,3
9261,3
9262,1
9263,1
9264,1
9265,1
9266,1
9267,1
9268,0
9269,0
9270,0
9271,1
9272,0
9273,0
9274,0
9275,1
9276,1
9277,1
9278,1
9279,1
9280,0
9281,0
9282,0
9283,0
9284,1
9285,1
9286,1
9287,0
9288,0
9289,0
9290,1
9291,1
9292,1
9293,0
9294,0
9295,1
9296,1
9297,0
9298,1
9299,1
9300,2
9301,1
9302,1
9303,2
9304,2
9305,2
9306,3
9307,4
9308,1
9309,1
9310,0
9311,0
9312,3
9313,3
9314,3
9315,2
9316,2
9317,1
9318,2
9319,2
9320,0
9321,0
9322,0
9323,1
9324,0
9325,0
9326,0
9327,1
9328,0
9329,1
9330,0
9331,1
9332,1
9333,0
9334,1
9335,0
9336,0
9337,0
9338,1
9339,2
9340,0
9341,0
9342,1
9343,1
9344,2
9345,1
9346,0
9347,0
9348,0
9349,0
9350,2
9351,0
9352,0
9353,1
9354,1
9355,1
9356,0
9357,1
9358,2
9359,1
9360,2
9361,1
9362,1
9363,1
9364,1
9365,1
9366,1
9367,2
9368,1
9369,1
9370,1
9371,1
9372,0
9373,0
9374,0
9375,1
9376,0
9377,1
9378,2
9379,2
9380,1
9381,1
9382,3
9383,1
9384,1
9385,1
9386,1
9387,1
9388,1
9389,2
9390,1
9391,1
9392,0
9393,0
9394,0
9395,0
9396,0
9397,0
9398,0
9399,1
9400,1
9401,1
9402,2
9403,1
9404,1
9405,1
9406,0
9407,0
9408,2
9409,2
9410,0
9411,1
9412,2
9413,0
9414,2
9415,0
9416,2
9417,1
9418,2
9419,0
9420,0
9421,0
9422,0
9423,0
9424,1
9425,1
9426,1
9427,1
9428,1
9429,1
9430,1
9431,1
9432,1
9433,0
9434,0
9435,2
9436,1
9437,1
9438,1
9439,0
9440,1
9441,2
9442,3
9443,2
9444,0
9445,1
9446,1
9447,2
9448,2
9449,2
9450,0
9451,0
9452,1
9453,1
9454,0
9455,0
9456,0
9457,0
9458,0
9459,0
9460,2
9461,2
9462,1
9463,0
9464,0
9465,0
9466,1
9467,1
9468,1
9469,3
9470,2
9471,1
9472,0
9473,0
9474,0
9475,0
9476,1
9477,1
9478,1
9479,1
9480,0
9481,1
9482,0
9483,0
9484,1
9485,2
9486,2
9487,2
9488,5
9489,2
9490,1
9491,0
9492,0
9493,0
9494,1
9495,1
9496,2
9497,1
9498,0
9499,1
9500,1
9501,1
9502,0
9503,0
9504,0
9505,0
9506,1
9507,0
9508,0
9509,0
9510,0
9511,0
9512,0
9513,0
9514,1
9515,1
9516,1
9517,1
9518,1
9519,1
9520,1
9521,1
9522,2
9523,2
9524,5
9525,3
9526,2
9527,2
9528,2
9529,0
9530,1
9531,1
9532,1
9533,1
9534,0
9535,0
9536,0
9537,0
9538,2
9539,1
9540,1
9541,1
9542,1
9543,1
9544,0
9545,0
9546,0
9547,2
9548,1
9549,0
9550,0
9551,0
9552,2
9553,2
9554,2
9555,1
9556,1
9557,1
9558,1
9559,2
9560,1
9561,0
9562,1
9563,2
9564,1
9565,1
9566,0
9567,0
9568,2
9569,2
9570,1
9571,1
9572,0
9573,0
9574,0
9575,0
9576,0
9577,0
9578,0
9579,0
9580,0
9581,1
9582,1
9583,1
9584,1
9585,0
9586,0
9587,0
9588,2
9589,3
9590,3
9591,2
9592,1
9593,1
9594,0
9595,0
9596,3
9597,2
9598,1
9599,1
9600,1
9601,1
9602,1
9603,1
9604,1
9605,1
9606,1
9607,1
9608,1
9609,2
9610,1
9611,1
9612,2
9613,3
9614,1
9615,1
9616,1
9617,0
9618,1
9619,2
9620,0
9621,0
9622,0
9623,0
9624,0
9625,0
9626,1
9627,1
9628,1
9629,1
9630,1
9631,1
9632,1
9633,2
9634,2
9635,0
9636,0
9637,0
9638,0
9639,0
9640,0
9641,0
9642,0
9643,0
9644,0
9645,1
9646,1
9647,1
9648,1
9649,1
9650,1
9651,1
9652,2
9653,1
9654,1
9655,1
9656,1
9657,1
9658,1
9659,2
9660,3
9661,1
9662,0
9663,1
9664,0
9665,1
9666,1
9667,0
9668,0
9669,0
9670,0
9671,1
9672,1
9673,1
9674,1
9675,1
9676,1
9677,1
9678,0
9679,1
9680,1
9681,0
9682,1
9683,2
9684,2
9685,2
9686,2
9687,2
9688,1
9689,2
9690,1
9691,1
9692,1
9693,2
9694,1
9695,1
9696,0
9697,0
9698,0
9699,0
9700,0
9701,0
9702,1
9703,2
9704,2
9705,1
9706,1
9707,1
9708,1
9709,1
9710,1
9711,1
9712,2
9713,1
9714,1
9715,0
9716,1
9717,1
9718,1
9719,2
9720,1
9721,0
9722,1
9723,1
9724,2
9725,1
9726,1
9727,0
9728,1
9729,1
9730,0
9731,0
9732,1
9733,0
9734,1
9735,0
9736,0
9737,1
9738,2
9739,1
9740,1
9741,1
9742,1
9743,1
9744,1
9745,1
9746,1
9747,1
9748,1
9749,1
9750,1
9751,1
9752,1
9753,1
9754,3
9755,1
9756,0
9757,0
9758,0
9759,1
9760,0
9761,2
9762,2
9763,1
9764,0
9765,0
9766,0
9767,0
9768,1
9769,1
9770,1
9771,1
9772,0
9773,1
9774,2
9775,2
9776,2
9777,2
9778,3
9779,1
9780,1
9781,2
9782,2
9783,1
9784,1
9785,1
9786,1
9787,1
9788,1
9789,0
9790,0
9791,0
9792,2
9793,2
9794,1
9795,1
9796,1
9797,1
9798,1
9799,0
9800,0
9801,1
9802,1
9803,2
9804,0
9805,0
9806,1
9807,0
9808,0
9809,1
9810,1
9811,1
9812,1
9813,1
9814,0
9815,1
9816,1
9817,2
9818,1
9819,1
9820,1
9821,1
9822,1
9823,2
9824,2
9825,0
9826,0
9827,1
9828,0
9829,1
9830,1
9831,2
9832,1
9833,2
9834,1
9835,1
9836,1
9837,1
9838,1
9839,2
9840,2
9841,1
9842,1
9843,0
9844,0
9845,0
9846,0
9847,1
9848,1
9849,0
9850,1
9851,1
9852,1
9853,1
9854,1
9855,2
9856,0
9857,0
9858,0
9859,1
9860,1
9861,1
9862,1
9863,2
9864,2
9865,2
9866,1
9867,1
9868,1
9869,2
9870,2
9871,1
9872,1
9873,0
9874,0
9875,1
9876,1
9877,2
9878,2
9879,0
9880,0
9881,1
9882,1
9883,1
9884,0
9885,0
9886,1
9887,1
9888,1
9889,1
9890,1
9891,1
9892,1
9893,0
9894,0
9895,0
9896,0
9897,1
9898,1
9899,1
9900,1
9901,1
9902,1
9903,1
9904,1
9905,2
9906,1
9907,1
9908,1
9909,1
9910,1
9911,1
9912,1
9913,1
9914,1
9915,1
9916,1
9917,1
9918,1
9919,1
9920,1
9921,0
9922,1
9923,0
9924,1
9925,2
9926,2
9927,0
9928,1
9929,1
9930,1
9931,1
9932,1
9933,2
9934,2
9935,2
9936,1
9937,1
9938,1
9939,0
9940,1
9941,1
9942,1
9943,1
9944,0
9945,0
9946,0
9947,0
9948,1
9949,1
9950,1
9951,1
9952,1
9953,1
9954,1
9955,1
9956,0
9957,0
9958,1
9959,1
9960,1
9961,1
9962,1
9963,1
9964,0
9965,2
9966,4
9967,2
9968,3
9969,2
9970,0
9971,1
9972,1
9973,1
9974,0
9975,0
9976,0
9977,1
9978,1
9979,1
9980,0
9981,0
9982,0
9983,0
9984,1
9985,1
9986,1
9987,0
9988,1
9989,2
9990,1
9991,1
9992,1
9993,1
9994,0
9995,0
9996,1
9997,2
9998,0
9999,2
10000,1
10001,0
10002,0
10003,1
10004,4
10005,1
10006,0
10007,0
10008,0
10009,0
10010,1
10011,0
10012,1
10013,1
10014,1
10015,1
10016,1
10017,1
10018,0
10019,0
10020,0
10021,0
10022,3
10023,3
10024,2
10025,1
10026,1
10027,1
10028,1
10029,2
10030,2
10031,3
10032,2
10033,0
10034,1
10035,0
10036,0
10037,1
10038,0
10039,0
10040,2
10041,0
10042,0
10043,0
10044,0
10045,0
10046,0
10047,0
10048,0
10049,0
10050,1
10051,0
10052,0
10053,1
10054,0
10055,0
10056,0
10057,0
10058,0
10059,0
10060,2
10061,2
10062,1
10063,2
10064,1
10065,2
10066,2
10067,1
10068,1
10069,0
10070,0
10071,1
10072,1
10073,2
10074,1
10075,1
10076,1
10077,1
10078,0
10079,1
10080,2
10081,1
10082,1
10083,1
10084,1
10085,1
10086,1
10087,1
10088,1
10089,2
10090,2
10091,1
10092,0
10093,0
10094,1
10095,1
10096,1
10097,1
10098,2
10099,1
10100,1
10101,1
10102,1
10103,1
10104,1
10105,0
10106,0
10107,1
10108,1
10109,0
10110,0
10111,1
10112,1
10113,1
10114,1
10115,0
10116,0
10117,0
10118,0
10119,0
10120,0
10121,0
10122,0
10123,0
10124,0
10125,0
10126,0
10127,0
10128,1
10129,1
10130,1
10131,3
10132,0
10133,1
10134,1
10135,2
10136,1
10137,1
10138,3
10139,4
10140,4
10141,2
10142,1
10143,0
10144,1
10145,1
10146,1
10147,1
10148,1
10149,2
10150,2
10151,2
10152,2
10153,1
10154,1
10155,1
10156,1
10157,1
10158,1
10159,1
10160,1
10161,1
10162,1
10163,1
10164,1
10165,1
10166,0
10167,0
10168,0
10169,0
10170,0
10171,1
10172,1
10173,1
10174,1
10175,1
10176,1
10177,1
10178,1
10179,2
10180,1
10181,0
10182,0
10183,0
10184,2
10185,2
10186,1
10187,0
10188,0
10189,0
10190,2
10191,1
10192,0
10193,1
10194,0
10195,0
10196,0
10197,0
10198,1
10199,1
10200,1
10201,1
10202,1
10203,1
10204,1
10205,2
10206,1
10207,1
10208,1
10209,0
10210,0
10211,0
10212,0
10213,0
10214,0
10215,0
10216,0
10217,0
10218,0
10219,0
10220,1
10221,1
10222,1
10223,1
10224,1
10225,2
10226,2
10227,2
10228,3
10229,3
10230,3
10231,2
10232,4
10233,2
10234,0
10235,0
10236,0
10237,0
10238,0
10239,1
10240,2
10241,1
10242,0
10243,0
10244,1
10245,1
10246,1
10247,1
10248,1
10249,1
10250,0
10251,0
10252,1
10253,1
10254,2
10255,1
10256,0
10257,1
10258,3
10259,3
10260,2
10261,1
10262,1
10263,1
10264,1
10265,1
10266,1
10267,1
10268,1
10269,1
10270,0
10271,0
10272,3
10273,2
10274,1
10275,1
10276,2
10277,3
10278,2
10279,2
10280,0
10281,0
10282,1
10283,0
10284,0
10285,0
10286,0
10287,1
10288,1
10289,1
10290,1
10291,0
10292,0
10293,0
10294,0
10295,0
10296,0
10297,1
10298,2
10299,1
10300,1
10301,1
10302,2
10303,1
10304,0
10305,2
10306,1
10307,1
10308,0
10309,1
10310,1
10311,2
10312,2
10313,2
10314,2
10315,2
10316,0
10317,0
10318,0
10319,0
10320,1
10321,1
10322,1
10323,1
10324,0
10325,0
10326,2
10327,1
10328,0
10329,1
10330,0
10331,1
10332,1
10333,1
10334,1
10335,0
10336,1
10337,3
10338,3
10339,2
10340,1
10341,1
10342,0
10343,1
10344,1
10345,1
10346,0
10347,0
10348,0
10349,1
10350,1
10351,2
10352,0
10353,0
10354,0
10355,0
10356,0
10357,0
10358,0
10359,0
10360,0
10361,0
10362,1
10363,0
10364,2
10365,2
10366,2
10367,1
10368,1
10369,1
10370,1
10371,0
10372,0
10373,0
10374,1
10375,2
10376,2
10377,1
10378,1
10379,2
10380,2
10381,2
10382,1
10383,1
10384,1
10385,2
10386,1
10387,1
10388,1
10389,2
10390,1
10391,1
10392,1
10393,1
10394,1
10395,0
10396,0
10397,0
10398,0
10399,0
10400,0
10401,0
10402,0
10403,0
10404,1
10405,1
10406,1
10407,2
10408,1
10409,1
10410,1
10411,1
10412,1
10413,2
10414,2
10415,1
10416,2
10417,2
10418,1
10419,1
10420,1
10421,0
10422,0
10423,0
10424,1
10425,1
10426,1
10427,1
10428,1
10429,1
10430,0
10431,0
10432,1
10433,2
10434,1
10435,2
10436,1
10437,1
10438,1
10439,1
10440,1
10441,1
10442,1
10443,1
10444,1
10445,1
10446,0
10447,2
10448,1
10449,0
10450,0
10451,0
10452,1
10453,1
10454,1
10455,0
10456,0
10457,2
10458,2
10459,1
10460,2
10461,1
10462,0
10463,1
10464,0
10465,1
10466,0
10467,0
10468,1
10469,1
10470,1
10471,1
10472,1
10473,2
10474,2
10475,1
10476,1
10477,1
10478,0
10479,0
10480,1
10481,2
10482,1
10483,1
10484,1
10485,1
10486,1
10487,0
10488,0
10489,0
10490,0
10491,0
10492,3
10493,1
10494,1
10495,0
10496,0
10497,0
10498,1
10499,1
10500,1
10501,0
10502,1
10503,0
10504,0
10505,0
10506,0
10507,1
10508,1
10509,1
10510,1
10511,1
10512,1
10513,1
10514,1
10515,1
10516,2
10517,2
10518,3
10519,3
10520,1
10521,0
10522,0
10523,0
10524,0
10525,0
10526,2
10527,1
10528,1
10529,1
10530,1
10531,1
10532,1
10533,1
10534,1
10535,2
10536,1
10537,2
10538,1
10539,1
10540,1
10541,1
10542,0
10543,1
10544,1
10545,0
10546,2
10547,1
10548,0
10549,0
10550,0
10551,1
10552,1
10553,0
10554,1
10555,1
10556,1
10557,1
10558,1
10559,1
10560,0
10561,1
10562,1
10563,1
10564,1
10565,0
10566,0
10567,0
10568,0
10569,1
10570,1
10571,2
10572,0
10573,3
10574,2
10575,1
10576,1
10577,1
10578,1
10579,0
10580,0
10581,0
10582,1
10583,2
10584,1
10585,1
10586,0
10587,0
10588,3
10589,3
10590,3
10591,0
10592,1
10593,1
10594,1
10595,1
10596,2
10597,0
10598,0
10599,1
10600,0
10601,2
10602,2
10603,2
10604,1
10605,1
10606,0
10607,0
10608,0
10609,0
10610,2
10611,1
10612,0
10613,0
10614,1
10615,1
10616,0
10617,1
10618,1
10619,1
10620,1
10621,1
10622,1
10623,1
10624,0
10625,0
10626,0
10627,1
10628,1
10629,0
10630,0
10631,0
10632,0
10633,2
10634,1
10635,1
10636,1
10637,1
10638,2
10639,1
10640,2
10641,3
10642,3
10643,3
10644,3
10645,1
10646,0
10647,0
10648,0
10649,0
10650,1
10651,1
10652,0
10653,0
10654,1
10655,0
10656,0
10657,0
10658,0
10659,1
10660,2
10661,1
10662,2
10663,1
10664,1
10665,1
10666,2
10667,1
10668,1
10669,2
10670,1
10671,1
10672,1
10673,0
10674,1
10675,0
10676,2
10677,1
10678,0
10679,2
10680,0
10681,1
10682,0
10683,0
10684,0
10685,0
10686,0
10687,0
10688,0
10689,3
10690,1
10691,0
10692,1
10693,1
10694,0
10695,1
10696,0
10697,1
10698,1
10699,1
10700,1
10701,0
10702,1
10703,0
10704,0
10705,0
10706,0
10707,0
10708,1
10709,2
10710,0
10711,0
10712,2
10713,2
10714,1
10715,2
10716,1
10717,3
10718,1
10719,0
10720,2
10721,3
10722,1
10723,1
10724,0
10725,0
10726,1
10727,1
10728,1
10729,0
10730,0
10731,1
10732,1
10733,1
10734,1
10735,0
10736,2
10737,1
10738,1
10739,1
10740,1
10741,0
10742,0
10743,0
10744,0
10745,1
10746,1
10747,2
10748,1
10749,1
10750,1
10751,1
10752,1
10753,1
10754,1
10755,4
10756,1
10757,2
10758,2
10759,2
10760,0
10761,0
10762,0
10763,0
10764,0
10765,2
10766,1
10767,1
10768,1
10769,0
10770,0
10771,0
10772,0
10773,0
10774,0
10775,1
10776,2
10777,1
10778,1
10779,0
10780,0
10781,1
10782,1
10783,0
10784,1
10785,1
10786,1
10787,0
10788,1
10789,1
10790,1
10791,1
10792,0
10793,0
10794,1
10795,1
10796,0
10797,1
10798,3
10799,2
10800,0
10801,0
10802,1
10803,0
10804,0
10805,1
10806,1
10807,0
10808,0
10809,0
10810,1
10811,2
10812,0
10813,2
10814,1
10815,0
10816,0
10817,1
10818,1
10819,0
10820,1
10821,0
10822,0
10823,0
10824,0
10825,0
10826,0
10827,0
10828,0
10829,0
10830,1
10831,1
10832,2
10833,1
10834,3
10835,2
10836,2
10837,0
10838,3
10839,1
10840,1
10841,2
10842,1
10843,0
10844,1
10845,1
10846,1
10847,0
10848,0
10849,2
10850,2
10851,0
10852,0
10853,0
10854,1
10855,2
10856,1
10857,0
10858,1
10859,2
10860,2
10861,2
10862,3
10863,1
10864,0
10865,1
10866,1
10867,0
10868,0
10869,0
10870,0
10871,1
10872,0
10873,0
10874,0
10875,1
10876,1
10877,1
10878,2
10879,0
10880,2
10881,2
10882,1
10883,3
10884,0
10885,0
10886,1
10887,0
10888,0
10889,2
10890,1
10891,1
10892,1
10893,0
10894,0
10895,0
10896,1
10897,0
10898,0
10899,1
10900,1
10901,1
10902,0
10903,0
10904,0
10905,1
10906,1
10907,0
10908,0
10909,2
10910,1
10911,2
10912,0
10913,0
10914,0
10915,0
10916,0
10917,0
10918,1
10919,0
10920,0
10921,0
10922,0
10923,0
10924,0
10925,0
10926,0
10927,0
10928,0
10929,1
10930,1
10931,2
10932,1
10933,0
10934,0
10935,3
10936,2
10937,4
10938,2
10939,2
10940,2
10941,1
10942,1
10943,1
10944,0
10945,0
10946,0
10947,0
10948,0
10949,0
10950,0
10951,0
10952,0
10953,0
10954,1
10955,1
10956,1
10957,1
10958,1
10959,1
10960,3
10961,3
10962,2
10963,1
10964,1
10965,2
10966,2
10967,2
10968,1
10969,0
10970,0
10971,1
10972,1
10973,0
10974,0
10975,1
10976,0
10977,0
10978,1
10979,0
10980,0
10981,1
10982,0
10983,0
10984,0
10985,1
10986,1
10987,2
10988,1
10989,2
10990,2
10991,2
10992,1
10993,0
10994,2
10995,2
10996,0
10997,1
10998,1
10999,1
11000,0
11001,2
11002,1
11003,0
11004,1
11005,2
11006,0
11007,0
11008,0
11009,0
11010,0
11011,1
11012,0
11013,0
11014,0
11015,1
11016,2
11017,1
11018,1
11019,1
11020,2
11021,2
11022,1
11023,3
11024,2
11025,0
11026,1
11027,2
11028,2
11029,1
11030,1
11031,0
11032,0
11033,1
11034,0
11035,0
11036,0
11037,1
11038,0
11039,0
11040,1
11041,0
11042,3
11043,2
11044,1
11045,2
11046,2
11047,3
11048,2
11049,0
11050,0
11051,0
11052,1
11053,0
11054,0
11055,0
11056,1
11057,0
11058,0
11059,0
11060,0
11061,0
11062,0
11063,0
11064,0
11065,3
11066,2
11067,1
11068,0
11069,0
11070,0
11071,1
11072,0
11073,2
11074,1
11075,1
11076,0
11077,1
11078,0
11079,0
11080,0
11081,0
11082,1
11083,0
11084,0
11085,1
11086,1
11087,1
11088,1
11089,1
11090,1
11091,1
11092,1
11093,1
11094,1
11095,2
11096,3
11097,2
11098,0
11099,1
11100,2
11101,2
11102,0
11103,0
11104,1
11105,0
11106,0
11107,0
11108,0
11109,0
11110,1
11111,0
11112,0
11113,1
11114,1
11115,1
11116,1
11117,1
11118,1
11119,1
11120,1
11121,3
11122,3
11123,1
11124,0
11125,1
11126,0
11127,1
11128,1
11129,1
11130,0
11131,1
11132,1
11133,1
11134,0
11135,0
11136,2
11137,2
11138,2
11139,1
11140,3
11141,0
11142,1
11143,1
11144,1
11145,0
11146,0
11147,1
11148,0
11149,1
11150,0
11151,0
11152,0
11153,0
11154,0
11155,0
11156,0
11157,0
11158,0
11159,1
11160,1
11161,1
11162,1
11163,1
11164,1
11165,2
11166,1
11167,1
11168,0
11169,2
11170,0
11171,0
11172,0
11173,0
11174,2
11175,1
11176,2
11177,2
11178,1
11179,1
11180,0
11181,1
11182,1
11183,0
11184,0
11185,1
11186,1
11187,1
11188,2
11189,1
11190,1
11191,1
11192,2
11193,1
11194,2
11195,2
11196,0
11197,1
11198,0
11199,0
11200,1
11201,1
11202,1
11203,0
11204,0
11205,0
11206,0
11207,0
11208,2
11209,2
11210,1
11211,1
11212,2
11213,2
11214,1
11215,3
11216,2
11217,2
11218,2
11219,1
11220,1
11221,2
11222,0
11223,0
11224,0
11225,0
11226,2
11227,1
11228,0
11229,0
11230,0
11231,0
11232,1
11233,0
11234,0
11235,0
11236,1
11237,2
11238,0
11239,0
11240,0
11241,0
11242,0
11243,0
11244,1
11245,2
11246,1
11247,2
11248,2
11249,1
11250,1
11251,1
11252,1
11253,1
11254,2
11255,1
11256,3
11257,1
11258,1
11259,0
11260,0
11261,0
11262,1
11263,1
11264,0
11265,0
11266,0
11267,0
11268,0
11269,2
11270,1
11271,0
11272,0
11273,0
11274,2
11275,3
11276,2
11277,2
11278,1
11279,1
11280,1
11281,1
11282,1
11283,1
11284,2
11285,2
11286,0
11287,0
11288,1
11289,1
11290,1
11291,0
11292,1
11293,0
11294,0
11295,0
11296,1
11297,0
11298,0
11299,1
11300,0
11301,0
11302,1
11303,1
11304,1
11305,1
11306,1
11307,0
11308,0
11309,1
11310,1
11311,1
11312,1
11313,2
11314,2
11315,1
11316,1
11317,2
11318,3
11319,2
11320,2
11321,1
11322,1
11323,1
11324,1
11325,1
11326,0
11327,0
11328,0
11329,0
11330,2
11331,3
11332,2
11333,2
11334,3
11335,2
11336,2
11337,1
11338,1
11339,2
11340,1
11341,1
11342,0
11343,0
11344,0
11345,0
11346,0
11347,0
11348,1
11349,0
11350,0
11351,1
11352,0
11353,0
11354,0
11355,0
11356,0
11357,1
11358,2
11359,1
11360,0
11361,0
11362,0
11363,1
11364,1
11365,0
11366,0
11367,1
11368,1
11369,1
11370,2
11371,2
11372,1
11373,1
11374,1
11375,1
11376,1
11377,1
11378,1
11379,3
11380,1
11381,0
11382,1
11383,1
11384,1
11385,2
11386,1
11387,0
11388,1
11389,1
11390,1
11391,0
11392,2
11393,2
11394,1
11395,0
11396,1
11397,1
11398,1
11399,0
11400,0
11401,0
11402,0
11403,0
11404,1
11405,2
11406,1
11407,2
11408,1
11409,1
11410,2
11411,0
11412,0
11413,0
11414,2
11415,1
11416,1
11417,1
11418,3
11419,1
11420,1
11421,1
11422,0
11423,0
11424,2
11425,1
11426,1
11427,1
11428,2
11429,0
11430,1
11431,0
11432,0
11433,0
11434,0
11435,0
11436,1
11437,0
11438,0
11439,0
11440,1
11441,1
11442,1
11443,0
11444,0
11445,1
11446,2
11447,2
11448,2
11449,1
11450,1
11451,1
11452,1
11453,2
11454,1
11455,2
11456,2
11457,1
11458,1
11459,0
11460,1
11461,0
11462,0
11463,1
11464,0
11465,0
11466,0
11467,0
11468,0
11469,0
11470,1
11471,1
11472,2
11473,2
11474,2
11475,2
11476,1
11477,1
11478,2
11479,1
11480,2
11481,1
11482,0
11483,0
11484,0
11485,0
11486,1
11487,2
11488,0
11489,1
11490,2
11491,2
11492,1
11493,1
11494,2
11495,1
11496,1
11497,1
11498,2
11499,2
11500,3
11501,2
11502,0
11503,0
11504,0
11505,0
11506,0
11507,0
11508,0
11509,1
11510,1
11511,0
11512,1
11513,1
11514,1
11515,0
11516,0
11517,1
11518,0
11519,1
11520,0
11521,0
11522,0
11523,0
11524,0
11525,1
11526,2
11527,2
11528,1
11529,1
11530,2
11531,1
11532,1
11533,1
11534,3
11535,1
11536,1
11537,1
11538,1
11539,2
11540,1
11541,0
11542,1
11543,0
11544,0
11545,1
11546,1
11547,0
11548,0
11549,0
11550,0
11551,2
11552,0
11553,0
11554,0
11555,1
11556,1
11557,0
11558,0
11559,2
11560,1
11561,1
11562,0
11563,1
11564,3
11565,1
11566,2
11567,2
11568,0
11569,0
11570,0
11571,1
11572,0
11573,0
11574,1
11575,1
11576,1
11577,1
11578,0
11579,0
11580,0
11581,2
11582,1
11583,1
11584,2
11585,0
11586,1
11587,1
11588,0
11589,1
11590,0
11591,1
11592,0
11593,0
11594,1
11595,2
11596,2
11597,1
11598,0
11599,0
11600,0
11601,0
11602,0
11603,1
11604,1
11605,1
11606,1
11607,1
11608,1
11609,1
11610,1
11611,1
11612,1
11613,2
11614,1
11615,0
11616,0
11617,2
11618,1
11619,1
11620,1
11621,1
11622,1
11623,1
11624,1
11625,0
11626,0
11627,0
11628,0
11629,1
11630,0
11631,0
11632,0
11633,1
11634,1
11635,1
11636,2
11637,2
11638,1
11639,2
11640,2
11641,2
11642,1
11643,1
11644,1
11645,1
11646,1
11647,0
11648,1
11649,0
11650,2
11651,2
11652,1
11653,1
11654,0
11655,0
11656,1
11657,1
11658,0
11659,0
11660,0
11661,0
11662,0
11663,1
11664,2
11665,2
11666,2
11667,0
11668,0
11669,1
11670,0
11671,0
11672,0
11673,2
11674,1
11675,2
11676,3
11677,2
11678,2
11679,1
11680,2
11681,0
11682,0
11683,1
11684,1
11685,2
11686,1
11687,3
11688,1
11689,2
11690,0
11691,0
11692,0
11693,1
11694,3
11695,1
11696,2
11697,2
11698,1
11699,0
11700,0
11701,0
11702,0
11703,0
11704,0
11705,0
11706,0
11707,0
11708,0
11709,0
11710,0
11711,2
11712,1
11713,0
11714,0
11715,0
11716,1
11717,3
11718,1
11719,1
11720,2
11721,1
11722,1
11723,0
11724,0
11725,1
11726,2
11727,3
11728,2
11729,0
11730,0
11731,0
11732,0
11733,0
11734,0
11735,0
11736,1
11737,1
11738,1
11739,1
11740,0
11741,1
11742,1
11743,1
11744,0
11745,0
11746,1
11747,0
11748,0
11749,0
11750,0
11751,0
11752,0
11753,0
11754,2
11755,1
11756,0
11757,1
11758,2
11759,1
11760,1
11761,1
11762,1
11763,1
11764,2
11765,2
11766,3
11767,0
11768,1
11769,3
11770,1
11771,1
11772,0
11773,0
11774,0
11775,0
11776,0
11777,2
11778,1
11779,0
11780,1
11781,0
11782,0
11783,1
11784,1
11785,0
11786,0
11787,2
11788,1
11789,1
11790,2
11791,1
11792,1
11793,1
11794,2
11795,1
11796,1
11797,1
11798,1
11799,1
11800,1
11801,2
11802,1
11803,0
11804,1
11805,1
11806,0
11807,1
11808,0
11809,0
11810,0
11811,1
11812,1
11813,1
11814,1
11815,0
11816,0
11817,0
11818,0
11819,0
11820,2
11821,1
11822,1
11823,2
11824,2
11825,2
11826,3
11827,2
11828,2
11829,1
11830,1
11831,1
11832,1
11833,1
11834,1
11835,1
11836,0
11837,1
11838,1
11839,0
11840,2
11841,1
11842,1
11843,1
11844,1
11845,1
11846,1
11847,2
11848,1
11849,1
11850,0
11851,2
11852,1
11853,1
11854,2
11855,2
11856,1
11857,1
11858,1
11859,0
11860,1
11861,0
11862,0
11863,0
11864,0
11865,0
11866,1
11867,0
11868,0
11869,1
11870,1
11871,1
11872,1
11873,1
11874,1
11875,0
11876,1
11877,0
11878,0
11879,0
11880,0
11881,0
11882,2
11883,2
11884,2
11885,2
11886,1
11887,0
11888,0
11889,0
11890,0
11891,0
11892,1
11893,1
11894,3
11895,2
11896,1
11897,1
11898,1
11899,1
11900,2
11901,2
11902,0
11903,1
11904,1
11905,0
11906,1
11907,1
11908,0
11909,0
11910,1
11911,1
11912,1
11913,2
11914,1
11915,1
11916,2
11917,2
11918,1
11919,2
11920,3
11921,1
11922,1
11923,1
11924,0
11925,1
11926,1
11927,1
11928,1
11929,1
11930,0
11931,0
11932,0
11933,0
11934,0
11935,0
11936,1
11937,1
11938,2
11939,1
11940,2
11941,1
11942,3
11943,1
11944,1
11945,1
11946,0
11947,1
11948,1
11949,0
11950,0
11951,1
11952,0
11953,0
11954,0
11955,0
11956,0
11957,0
11958,0
11959,1
11960,2
11961,1
11962,0
11963,1
11964,2
11965,1
11966,1
11967,1
11968,0
11969,0
11970,0
11971,0
11972,0
11973,1
11974,1
11975,0
11976,1
11977,0
11978,0
11979,0
11980,0
11981,1
11982,2
11983,0
11984,1
11985,1
11986,1
11987,1
11988,1
11989,1
11990,1
11991,2
11992,2
11993,2
11994,2
11995,2
11996,0
11997,1
11998,2
11999,2
12000,0
12001,0
12002,0
12003,0
12004,0
12005,1
12006,1
12007,1
12008,2
12009,2
12010,3
12011,3
12012,1
12013,1
12014,1
12015,1
12016,1
12017,1
12018,1
12019,2
12020,1
12021,1
12022,2
12023,0
12024,0
12025,0
12026,1
12027,0
12028,0
12029,2
12030,1
12031,0
12032,0
12033,0
12034,0
12035,0
12036,0
12037,0
12038,0
12039,0
12040,0
12041,1
12042,0
12043,0
12044,0
12045,2
12046,2
12047,2
12048,0
12049,1
12050,4
12051,2
12052,1
12053,1
12054,1
12055,1
12056,0
12057,1
12058,2
12059,1
12060,1
12061,1
12062,2
12063,1
12064,0
12065,0
12066,0
12067,0
12068,0
12069,0
12070,1
12071,0
12072,1
12073,1
12074,2
12075,1
12076,1
12077,0
12078,0
12079,0
12080,0
12081,0
12082,0
12083,1
12084,3
12085,2
12086,2
12087,2
12088,2
12089,2
12090,2
12091,2
12092,1
12093,1
12094,0
12095,0
12096,1
12097,1
12098,1
12099,1
12100,2
12101,2
12102,1
12103,2
12104,1
12105,1
12106,1
12107,1
12108,1
12109,1
12110,1
12111,1
12112,0
12113,2
12114,1
12115,1
12116,1
12117,0
12118,0
12119,1
12120,0
12121,0
12122,0
12123,2
12124,1
12125,0
12126,0
12127,1
12128,1
12129,1
12130,1
12131,0
12132,0
12133,2
12134,0
12135,0
12136,1
12137,1
12138,1
12139,1
12140,1
12141,1
12142,1
12143,2
12144,2
12145,1
12146,1
12147,0
12148,0
12149,0
12150,0
12151,1
12152,1
12153,1
12154,0
12155,2
12156,1
12157,1
12158,1
12159,1
12160,1
12161,1
12162,1
12163,1
12164,0
12165,0
12166,0
12167,0
12168,1
12169,0
12170,0
12171,0
12172,0
12173,1
12174,1
12175,2
12176,1
12177,1
12178,1
12179,2
12180,2
12181,2
12182,0
12183,1
12184,1
12185,2
12186,1
12187,1
12188,2
12189,0
12190,0
12191,0
12192,0
12193,1
12194,1
12195,0
12196,0
12197,1
12198,2
12199,2
12200,2
12201,2
12202,1
12203,1
12204,2
12205,2
12206,1
12207,1
12208,0
12209,1
12210,1
12211,0
12212,1
12213,0
12214,0
12215,1
12216,1
12217,1
12218,0
12219,1
12220,1
12221,1
12222,1
12223,0
12224,1
12225,2
12226,1
12227,1
12228,1
12229,2
12230,2
12231,2
12232,2
12233,0
12234,0
12235,2
12236,2
12237,1
12238,1
12239,1
12240,0
12241,1
12242,0
12243,0
12244,0
12245,0
12246,0
12247,0
12248,0
12249,1
12250,1
12251,1
12252,1
12253,0
12254,1
12255,1
12256,1
12257,2
12258,2
12259,1
12260,2
12261,1
12262,1
12263,1
12264,4
12265,2
12266,1
12267,1
12268,1
12269,0
12270,1
12271,1
12272,1
12273,1
12274,1
12275,0
12276,0
12277,0
12278,0
12279,0
12280,1
12281,0
12282,0
12283,1
12284,1
12285,0
12286,0
12287,0
12288,2
12289,2
12290,1
12291,1
12292,1
12293,1
12294,1
12295,1
12296,1
12297,1
12298,1
12299,0
12300,1
12301,0
12302,1
12303,0
12304,0
12305,1
12306,2
12307,1
12308,1
12309,2
12310,0
12311,1
12312,1
12313,0
12314,0
12315,1
12316,1
12317,2
12318,3
12319,1
12320,2
12321,0
12322,0
12323,0
12324,0
12325,1
12326,0
12327,0
12328,0
12329,0
12330,0
12331,0
12332,0
12333,1
12334,1
12335,1
12336,0
12337,0
12338,0
12339,1
12340,2
12341,1
12342,1
12343,1
12344,2
12345,2
12346,2
12347,2
12348,3
12349,3
12350,2
12351,2
12352,0
12353,1
12354,1
12355,2
12356,1
12357,0
12358,0
12359,1
12360,0
12361,0
12362,0
12363,0
12364,0
12365,0
12366,1
12367,1
12368,1
12369,0
12370,0
12371,0
12372,2
12373,2
12374,1
12375,1
12376,2
12377,2
12378,2
12379,1
12380,3
12381,1
12382,0
12383,0
12384,0
12385,1
12386,0
12387,0
12388,1
12389,0
12390,1
12391,1
12392,1
12393,0
12394,0
12395,3
12396,2
12397,2
12398,1
12399,1
12400,1
12401,1
12402,2
12403,3
12404,3
12405,2
12406,2
12407,0
12408,1
12409,0
12410,0
12411,0
12412,1
12413,0
12414,0
12415,0
12416,1
12417,0
12418,1
12419,1
12420,0
12421,1
12422,0
12423,0
12424,2
12425,2
12426,1
12427,1
12428,1
12429,1
12430,1
12431,1
12432,2
12433,1
12434,1
12435,2
12436,3
12437,1
12438,1
12439,0
12440,0
12441,0
12442,1
12443,1
12444,0
12445,0
12446,0
12447,0
12448,1
12449,0
12450,0
12451,1
12452,1
12453,1
12454,2
12455,1
12456,2
12457,1
12458,1
12459,1
12460,1
12461,2
12462,1
12463,1
12464,1
12465,1
12466,2
12467,3
12468,0
12469,0
12470,1
12471,1
12472,1
12473,1
12474,0
12475,1
12476,1
12477,0
12478,1
12479,0
12480,1
12481,2
12482,1
12483,1
12484,1
12485,0
12486,0
12487,0
12488,1
12489,0
12490,0
12491,0
12492,1
12493,0
12494,0
12495,0
12496,0
12497,1
12498,1
12499,2
12500,1
12501,1
12502,1
12503,1
12504,1
12505,3
12506,1
12507,1
12508,1
12509,1
12510,2
12511,1
12512,1
12513,0
12514,2
12515,2
12516,2
12517,2
12518,1
12519,1
12520,1
12521,1
12522,1
12523,0
12524,1
12525,0
12526,0
12527,1
12528,0
12529,0
12530,0
12531,0
12532,2
12533,3
12534,3
12535,1
12536,0
12537,0
12538,1
12539,0
12540,0
12541,1
12542,1
12543,1
12544,1
12545,2
12546,1
12547,1
12548,1
12549,2
12550,4
12551,2
12552,1
12553,2
12554,2
12555,1
12556,1
12557,2
12558,0
12559,0
12560,1
12561,0
12562,0
12563,1
12564,0
12565,0
12566,0
12567,0
12568,1
12569,1
12570,1
12571,1
12572,1
12573,1
12574,0
12575,1
12576,0
12577,0
12578,0
12579,0
12580,0
12581,1
12582,2
12583,1
12584,1
12585,0
12586,0
12587,0
12588,1
12589,2
12590,2
12591,2
12592,2
12593,1
12594,2
12595,1
12596,0
12597,1
12598,1
12599,0
12600,1
12601,1
12602,2
12603,0
12604,0
12605,0
12606,0
12607,0
12608,2
12609,1
12610,1
12611,0
12612,1
12613,0
12614,0
12615,0
12616,0
12617,0
12618,2
12619,0
12620,0
12621,1
12622,1
12623,0
12624,1
12625,1
12626,1
12627,1
12628,1
12629,1
12630,1
12631,1
12632,0
12633,0
12634,1
12635,1
12636,1
12637,0
12638,3
12639,2
12640,2
12641,2
12642,2
12643,1
12644,1
12645,0
12646,0
12647,0
12648,0
12649,1
12650,1
12651,2
12652,1
12653,0
12654,1
12655,0
12656,0
12657,0
12658,0
12659,0
12660,0
12661,1
12662,1
12663,1
12664,1
12665,1
12666,1
12667,1
12668,1
12669,0
12670,2
12671,2
12672,1
12673,0
12674,0
12675,1
12676,0
12677,0
12678,0
12679,1
12680,0
12681,0
12682,1
12683,1
12684,3
12685,1
12686,2
12687,2
12688,1
12689,2
12690,2
12691,2
12692,2
12693,2
12694,0
12695,0
12696,0
12697,0
12698,1
12699,0
12700,0
12701,1
12702,0
12703,0
12704,0
12705,0
12706,0
12707,1
12708,3
12709,2
12710,2
12711,1
12712,1
12713,1
12714,3
12715,3
12716,1
12717,1
12718,0
12719,2
12720,1
12721,1
12722,1
12723,1
12724,0
12725,1
12726,0
12727,1
12728,0
12729,0
12730,0
12731,1
12732,1
12733,0
12734,0
12735,0
12736,1
12737,1
12738,0
12739,1
12740,1
12741,2
12742,2
12743,2
12744,2
12745,2
12746,1
12747,1
12748,1
12749,1
12750,1
12751,0
12752,1
12753,0
12754,1
12755,1
12756,0
12757,0
12758,1
12759,0
12760,0
12761,1
12762,1
12763,2
12764,2
12765,1
12766,0
12767,1
12768,1
12769,0
12770,1
12771,1
12772,2
12773,2
12774,1
12775,1
12776,1
12777,2
12778,2
12779,0
12780,0
12781,0
12782,1
12783,2
12784,1
12785,0
12786,0
12787,0
12788,0
12789,2
12790,2
12791,1
12792,1
12793,1
12794,1
12795,1
12796,0
12797,0
12798,0
12799,1
12800,0
12801,0
12802,1
12803,0
12804,1
12805,1
12806,0
12807,2
12808,2
12809,2
12810,2
12811,1
12812,2
12813,2
12814,2
12815,2
12816,0
12817,1
12818,2
12819,1
12820,2
12821,2
12822,1
12823,1
12824,1
12825,1
12826,0
12827,0
12828,0
12829,0
12830,0
12831,0
12832,1
12833,0
12834,0
12835,0
12836,0
12837,0
12838,0
12839,1
12840,0
12841,0
12842,1
12843,1
12844,0
12845,0
12846,0
12847,0
12848,1
12849,1
12850,2
12851,1
12852,2
12853,2
12854,2
12855,1
12856,1
12857,2
12858,1
12859,2
12860,1
12861,0
12862,1
12863,1
12864,0
12865,2
12866,2
12867,0
12868,1
12869,2
12870,2
12871,1
12872,1
12873,1
12874,1
12875,1
12876,1
12877,1
12878,3
12879,2
12880,2
12881,2
12882,1
12883,0
12884,0
12885,0
12886,0
12887,0
12888,0
12889,0
12890,0
12891,0
12892,0
12893,1
12894,0
12895,0
12896,2
12897,1
12898,2
12899,1
12900,1
12901,1
12902,2
12903,2
12904,2
12905,1
12906,0
12907,1
12908,1
12909,0
12910,1
12911,0
12912,0
12913,0
12914,0
12915,0
12916,0
12917,0
12918,1
12919,1
12920,0
12921,0
12922,1
12923,1
12924,1
12925,1
12926,0
12927,3
12928,0
12929,1
12930,1
12931,1
12932,1
12933,1
12934,1
12935,1
12936,1
12937,1
12938,2
12939,2
12940,1
12941,2
12942,1
12943,0
12944,2
12945,2
12946,1
12947,1
12948,1
12949,1
12950,1
12951,2
12952,1
12953,1
12954,0
12955,0
12956,0
12957,0
12958,0
12959,0
12960,0
12961,1
12962,1
12963,1
12964,1
12965,1
12966,2
12967,2
12968,1
12969,2
12970,2
12971,3
12972,0
12973,1
12974,1
12975,1
12976,1
12977,1
12978,1
12979,1
12980,0
12981,0
12982,1
12983,0
12984,0
12985,0
12986,0
12987,0
12988,1
12989,1
12990,0
12991,0
12992,0
12993,0
12994,1
12995,0
12996,0
12997,1
12998,1
12999,1
13000,1
13001,1
13002,1
13003,1
13004,2
13005,2
13006,1
13007,1
13008,2
13009,2
13010,0
13011,0
13012,0
13013,1
13014,1
13015,2
13016,2
13017,1
13018,1
13019,0
13020,1
13021,1
13022,1
13023,0
13024,1
13025,1
13026,1
13027,1
13028,1
13029,1
13030,1
13031,1
13032,1
13033,2
13034,1
13035,1
13036,0
13037,0
13038,0
13039,0
13040,0
13041,1
13042,1
13043,1
13044,0
13045,1
13046,0
13047,0
13048,0
13049,0
13050,1
13051,2
13052,3
13053,2
13054,1
13055,1
13056,1
13057,0
13058,1
13059,1
13060,1
13061,0
13062,2
13063,1
13064,1
13065,1
13066,1
13067,2
13068,2
13069,1
13070,1
13071,0
13072,1
13073,1
13074,1
13075,1
13076,1
13077,1
13078,0
13079,0
13080,1
13081,0
13082,0
13083,0
13084,1
13085,1
13086,2
13087,2
13088,1
13089,1
13090,0
13091,0
13092,1
13093,1
13094,0
13095,1
13096,0
13097,0
13098,1
13099,1
13100,2
13101,2
13102,1
13103,2
13104,2
13105,2
13106,2
13107,2
13108,1
13109,1
13110,0
13111,0
13112,0
13113,0
13114,0
13115,0
13116,0
13117,1
13118,1
13119,1
13120,2
13121,2
13122,2
13123,1
13124,0
13125,0
13126,0
13127,0
13128,0
13129,0
13130,0
13131,0
13132,0
13133,0
13134,1
13135,1
13136,1
13137,3
13138,0
13139,1
13140,1
13141,1
13142,1
13143,2
13144,1
13145,1
13146,1
13147,0
13148,1
13149,1
13150,1
13151,2
13152,0
13153,1
13154,1
13155,1
13156,2
13157,3
13158,1
13159,2
13160,0
13161,0
13162,0
13163,0
13164,0
13165,0
13166,1
13167,1
13168,1
13169,1
13170,1
13171,0
13172,0
13173,1
13174,0
13175,1
13176,1
13177,1
13178,1
13179,1
13180,0
13181,2
13182,2
13183,1
13184,1
13185,1
13186,2
13187,1
13188,0
13189,0
13190,0
13191,0
13192,0
13193,1
13194,1
13195,1
13196,1
13197,3
13198,2
13199,3
13200,2
13201,1
13202,1
13203,1
13204,1
13205,0
13206,2
13207,0
13208,0
13209,0
13210,0
13211,1
13212,0
13213,0
13214,1
13215,0
13216,1
13217,0
13218,0
13219,1
13220,1
13221,0
13222,1
13223,1
13224,0
13225,1
13226,1
13227,0
13228,0
13229,0
13230,2
13231,2
13232,1
13233,1
13234,0
13235,0
13236,0
13237,1
13238,2
13239,1
13240,1
13241,2
13242,2
13243,2
13244,2
13245,1
13246,1
13247,1
13248,2
13249,1
13250,2
13251,1
13252,1
13253,1
13254,2
13255,1
13256,1
13257,1
13258,2
13259,1
13260,1
13261,1
13262,0
13263,0
13264,2
13265,2
13266,2
13267,2
13268,1
13269,1
13270,0
13271,0
13272,0
13273,0
13274,0
13275,0
13276,1
13277,1
13278,0
13279,1
13280,2
13281,2
13282,2
13283,1
13284,2
13285,2
13286,2
13287,1
13288,1
13289,0
13290,0
13291,0
13292,0
13293,0
13294,0
13295,0
13296,0
13297,0
13298,1
13299,2
13300,2
13301,1
13302,0
13303,1
13304,2
13305,1
13306,0
13307,1
13308,1
13309,1
13310,1
13311,1
13312,1
13313,1
13314,1
13315,0
13316,0
13317,1
13318,0
13319,0
13320,0
13321,0
13322,0
13323,0
13324,1
13325,1
13326,2
13327,2
13328,1
13329,1
13330,1
13331,2
13332,2
13333,2
13334,1
13335,1
13336,1
13337,1
13338,1
13339,1
13340,0
13341,0
13342,2
13343,1
13344,1
13345,0
13346,1
13347,2
13348,1
13349,0
13350,1
13351,0
13352,0
13353,0
13354,0
13355,0
13356,0
13357,1
13358,2
13359,2
13360,0
13361,0
13362,1
13363,1
13364,1
13365,1
13366,0
13367,0
13368,1
13369,1
13370,1
13371,2
13372,1
13373,2
13374,1
13375,2
13376,0
13377,1
13378,2
13379,1
13380,1
13381,0
13382,0
13383,1
13384,1
13385,1
13386,1
13387,1
13388,1
13389,1
13390,1
13391,0
13392,0
13393,2
13394,1
13395,1
13396,0
13397,1
13398,2
13399,2
13400,1
13401,0
13402,2
13403,1
13404,1
13405,0
13406,0
13407,0
13408,0
13409,1
13410,1
13411,1
13412,1
13413,2
13414,2
13415,2
13416,0
13417,1
13418,1
13419,1
13420,1
13421,1
13422,1
13423,1
13424,2
13425,0
13426,2
13427,1
13428,1
13429,0
13430,0
13431,1
13432,2
13433,0
13434,0
13435,0
13436,0
13437,0
13438,0
13439,0
13440,0
13441,1
13442,1
13443,1
13444,1
13445,1
13446,1
13447,3
13448,2
13449,3
13450,0
13451,1
13452,2
13453,2
13454,1
13455,0
13456,0
13457,1
13458,1
13459,0
13460,0
13461,0
13462,0
13463,0
13464,0
13465,1
13466,1
13467,0
13468,0
13469,1
13470,1
13471,0
13472,1
13473,2
13474,2
13475,2
13476,1
13477,0
13478,0
13479,1
13480,0
13481,1
13482,1
13483,1
13484,1
13485,1
13486,1
13487,1
13488,1
13489,0
13490,0
13491,0
13492,1
13493,1
13494,1
13495,1
13496,0
13497,0
13498,0
13499,1
13500,0
13501,1
13502,2
13503,3
13504,1
13505,1
13506,1
13507,2
13508,2
13509,2
13510,2
13511,1
13512,0
13513,0
13514,1
13515,1
13516,1
13517,1
13518,0
13519,0
13520,0
13521,0
13522,0
13523,1
13524,0
13525,1
13526,1
13527,1
13528,0
13529,0
13530,2
13531,1
13532,1
13533,1
13534,1
13535,1
13536,2
13537,2
13538,1
13539,0
13540,0
13541,0
13542,1
13543,0
13544,0
13545,1
13546,1
13547,1
13548,2
13549,2
13550,2
13551,3
13552,3
13553,1
13554,0
13555,0
13556,1
13557,1
13558,2
13559,2
13560,0
13561,0
13562,0
13563,0
13564,0
13565,0
13566,0
13567,0
13568,1
13569,1
13570,1
13571,1
13572,3
13573,2
13574,0
13575,1
13576,1
13577,1
13578,1
13579,0
13580,1
13581,1
13582,0
13583,1
13584,1
13585,0
13586,1
13587,0
13588,1
13589,1
13590,1
13591,1
13592,1
13593,1
13594,1
13595,1
13596,0
13597,1
13598,1
13599,1
13600,1
13601,0
13602,0
13603,0
13604,0
13605,0
13606,1
13607,2
13608,1
13609,1
13610,3
13611,2
13612,0
13613,2
13614,1
13615,0
13616,0
13617,1
13618,0
13619,0
13620,1
13621,2
13622,1
13623,0
13624,1
13625,0
13626,0
13627,0
13628,1
13629,1
13630,1
13631,1
13632,1
13633,1
13634,0
13635,0
13636,0
13637,1
13638,1
13639,1
13640,1
13641,1
13642,1
13643,1
13644,1
13645,1
13646,2
13647,1
13648,0
13649,1
13650,1
13651,1
13652,1
13653,2
13654,3
13655,2
13656,1
13657,0
13658,1
13659,1
13660,1
13661,0
13662,0
13663,0
13664,1
13665,1
13666,2
13667,1
13668,1
13669,1
13670,1
13671,2
13672,1
13673,3
13674,2
13675,2
13676,1
13677,0
13678,0
13679,1
13680,0
13681,1
13682,1
13683,1
13684,0
13685,0
13686,0
13687,0
13688,1
13689,1
13690,0
13691,0
13692,0
13693,0
13694,1
13695,0
13696,2
13697,0
13698,0
13699,1
13700,1
13701,2
13702,2
13703,2
13704,0
13705,0
13706,1
13707,0
13708,0
13709,0
13710,0
13711,2
13712,1
13713,1
13714,1
13715,0
13716,0
13717,1
13718,1
13719,0
13720,1
13721,2
13722,2
13723,1
13724,1
13725,1
13726,1
13727,2
13728,1
13729,1
13730,1
13731,1
13732,1
13733,2
13734,2
13735,0
13736,2
13737,0
13738,1
13739,1
13740,0
13741,1
13742,0
13743,0
13744,0
13745,0
13746,0
13747,1
13748,1
13749,1
13750,1
13751,1
13752,1
13753,0
13754,0
13755,2
13756,1
13757,1
13758,1
13759,1
13760,0
13761,0
13762,0
13763,0
13764,1
13765,1
13766,1
13767,1
13768,1
13769,1
13770,1
13771,1
13772,1
13773,2
13774,2
13775,2
13776,1
13777,1
13778,1
13779,1
13780,1
13781,3
13782,2
13783,1
13784,1
13785,1
13786,1
13787,0
13788,0
13789,0
13790,0
13791,0
13792,0
13793,0
13794,1
13795,1
13796,0
13797,1
13798,1
13799,2
13800,1
13801,2
13802,0
13803,0
13804,0
13805,0
13806,1
13807,1
13808,1
13809,2
13810,0
13811,0
13812,1
13813,1
13814,1
13815,1
13816,1
13817,1
13818,1
13819,1
13820,2
13821,3
13822,2
13823,0
13824,1
13825,0
13826,1
13827,0
13828,0
13829,2
13830,1
13831,2
13832,1
13833,0
13834,0
13835,1
13836,1
13837,0
13838,1
13839,0
13840,1
13841,1
13842,1
13843,1
13844,1
13845,1
13846,2
13847,1
13848,1
13849,0
13850,1
13851,1
13852,1
13853,1
13854,1
13855,1
13856,1
13857,3
13858,2
13859,0
13860,1
13861,1
13862,2
13863,1
13864,1
13865,0
13866,0
13867,0
13868,0
13869,0
13870,1
13871,0
13872,1
13873,1
13874,1
13875,1
13876,1
13877,1
13878,2
13879,1
13880,1
13881,0
13882,0
13883,1
13884,1
13885,1
13886,0
13887,0
13888,1
13889,1
13890,1
13891,1
13892,1
13893,1
13894,1
13895,0
13896,0
13897,3
13898,0
13899,1
13900,1
13901,1
13902,1
13903,1
13904,1
13905,1
13906,1
13907,1
13908,0
13909,0
13910,1
13911,1
13912,1
13913,1
13914,1
13915,1
13916,1
13917,0
13918,0
13919,1
13920,0
13921,0
13922,0
13923,0
13924,2
13925,0
13926,1
13927,1
13928,2
13929,2
13930,1
13931,1
13932,2
13933,1
13934,0
13935,1
13936,1
13937,1
13938,1
13939,0
13940,1
13941,1
13942,0
13943,1
13944,1
13945,1
13946,0
13947,0
13948,1
13949,1
13950,2
13951,1
13952,0
13953,0
13954,1
13955,0
13956,0
13957,1
13958,1
13959,1
13960,2
13961,2
13962,0
13963,0
13964,0
13965,2
13966,2
13967,1
13968,2
13969,2
13970,0
13971,2
13972,1
13973,1
13974,1
13975,1
13976,0
13977,0
13978,1
13979,0
13980,1
13981,1
13982,1
13983,1
13984,0
13985,1
13986,1
13987,0
13988,1
13989,0
13990,0
13991,1
13992,0
13993,0
13994,0
13995,0
13996,0
13997,1
13998,2
13999,1
14000,1
14001,2
14002,1
14003,1
14004,1
14005,1
14006,1
14007,1
14008,1
14009,1
14010,3
14011,3
14012,1
14013,1
14014,0
14015,0
14016,0
14017,1
14018,1
14019,0
14020,1
14021,0
14022,1
14023,1
14024,1
14025,2
14026,2
14027,2
14028,0
14029,1
14030,2
14031,2
14032,0
14033,1
14034,2
14035,0
14036,1
14037,0
14038,1
14039,0
14040,0
14041,0
14042,1
14043,0
14044,1
14045,1
14046,1
14047,1
14048,2
14049,3
14050,3
14051,1
14052,1
14053,1
14054,1
14055,1
14056,1
14057,1
14058,1
14059,1
14060,1
14061,0
14062,0
14063,0
14064,0
14065,0
14066,0
14067,0
14068,0
14069,3
14070,3
14071,2
14072,1
14073,1
14074,0
14075,0
14076,1
14077,1
14078,1
14079,1
14080,3
14081,2
14082,1
14083,1
14084,3
14085,0
14086,1
14087,0
14088,1
14089,1
14090,0
14091,0
14092,2
14093,0
14094,1
14095,1
14096,0
14097,0
14098,0
14099,0
14100,1
14101,1
14102,0
14103,1
14104,1
14105,1
14106,1
14107,1
14108,2
14109,1
14110,1
14111,2
14112,1
14113,2
14114,2
14115,1
14116,1
14117,1
14118,0
14119,0
14120,0
14121,1
14122,1
14123,1
14124,0
14125,1
14126,1
14127,0
14128,0
14129,0
14130,1
14131,2
14132,2
14133,1
14134,1
14135,1
14136,0
14137,1
14138,1
14139,1
14140,1
14141,2
14142,2
14143,1
14144,2
14145,2
14146,0
14147,0
14148,1
14149,2
14150,0
14151,0
14152,0
14153,2
14154,0
14155,1
14156,1
14157,0
14158,0
14159,0
14160,0
14161,1
14162,1
14163,1
14164,1
14165,0
14166,0
14167,0
14168,0
14169,1
14170,2
14171,1
14172,1
14173,1
14174,1
14175,2
14176,0
14177,0
14178,1
14179,2
14180,3
14181,3
14182,2
14183,2
14184,2
14185,4
14186,3
14187,1
14188,1
14189,1
14190,1
14191,1
14192,0
14193,1
14194,0
14195,0
14196,1
14197,0
14198,0
14199,0
14200,1
14201,1
14202,0
14203,0
14204,0
14205,0
14206,0
14207,0
14208,0
14209,0
14210,0
14211,1
14212,2
14213,2
14214,2
14215,1
14216,1
14217,1
14218,2
14219,2
14220,2
14221,2
14222,1
14223,1
14224,0
14225,0
14226,0
14227,0
14228,0
14229,0
14230,0
14231,0
14232,0
14233,0
14234,2
14235,1
14236,1
14237,1
14238,1
14239,1
14240,1
14241,1
14242,0
14243,1
14244,1
14245,1
14246,0
14247,0
14248,0
14249,0
14250,1
14251,0
14252,1
14253,1
14254,2
14255,2
14256,2
14257,1
14258,1
14259,1
14260,0
14261,1
14262,1
14263,1
14264,1
14265,1
14266,1
14267,1
14268,2
14269,2
14270,1
14271,0
14272,1
14273,1
14274,1
14275,1
14276,2
14277,2
14278,2
14279,3
14280,1
14281,1
14282,2
14283,1
14284,1
14285,1
14286,0
14287,0
14288,1
14289,1
14290,0
14291,1
14292,0
14293,0
14294,1
14295,1
14296,0
14297,0
14298,0
14299,0
14300,0
14301,1
14302,0
14303,0
14304,1
14305,1
14306,1
14307,2
14308,1
14309,0
14310,0
14311,0
14312,1
14313,2
14314,1
14315,1
14316,1
14317,1
14318,2
14319,1
14320,0
14321,1
14322,1
14323,1
14324,1
14325,1
14326,2
14327,1
14328,1
14329,1
14330,1
14331,0
14332,0
14333,1
14334,2
14335,1
14336,2
14337,1
14338,0
14339,0
14340,0
14341,0
14342,0
14343,0
14344,0
14345,1
14346,1
14347,1
14348,1
14349,1
14350,2
14351,1
14352,1
14353,2
14354,1
14355,1
14356,2
14357,1
14358,1
14359,2
14360,1
14361,1
14362,1
14363,0
14364,0
14365,0
14366,1
14367,0
14368,1
14369,0
14370,0
14371,0
14372,0
14373,1
14374,1
14375,1
14376,1
14377,1
14378,2
14379,1
14380,1
14381,1
14382,2
14383,2
14384,1
14385,1
14386,0
14387,1
14388,1
14389,2
14390,0
14391,1
14392,1
14393,0
14394,0
14395,0
14396,1
14397,1
14398,0
14399,1
14400,1
14401,2
14402,4
14403,3
14404,3
14405,1
14406,1
14407,1
14408,2
14409,1
14410,1
14411,0
14412,1
14413,1
14414,0
14415,0
14416,0
14417,0
14418,0
14419,0
14420,2
14421,0
14422,0
14423,0
14424,0
14425,0
14426,0
14427,0
14428,0
14429,1
14430,3
14431,1
14432,2
14433,1
14434,0
14435,0
14436,1
14437,1
14438,1
14439,0
14440,1
14441,1
14442,0
14443,0
14444,0
14445,0
14446,0
14447,0
14448,0
14449,1
14450,1
14451,1
14452,1
14453,0
14454,0
14455,1
14456,1
14457,2
14458,3
14459,4
14460,1
14461,1
14462,0
14463,1
14464,1
14465,2
14466,1
14467,1
14468,1
14469,1
14470,1
14471,0
14472,1
14473,1
14474,1
14475,1
14476,0
14477,1
14478,1
14479,1
14480,1
14481,0
14482,0
14483,1
14484,2
14485,2
14486,1
14487,1
14488,0
14489,0
14490,2
14491,2
14492,1
14493,0
14494,1
14495,1
14496,1
14497,1
14498,1
14499,2
14500,1
14501,1
14502,1
14503,1
14504,0
14505,0
14506,1
14507,2
14508,1
14509,0
14510,1
14511,1
14512,0
14513,0
14514,1
14515,0
14516,1
14517,0
14518,1
14519,1
14520,2
14521,1
14522,1
14523,1
14524,1
14525,1
14526,2
14527,0
14528,1
14529,1
14530,2
14531,2
14532,2
14533,2
14534,2
14535,1
14536,1
14537,1
14538,2
14539,1
14540,1
14541,1
14542,1
14543,3
14544,1
14545,1
14546,1
14547,1
14548,0
14549,0
14550,2
14551,1
14552,0
14553,0
14554,0
14555,0
14556,0
14557,0
14558,0
14559,0
14560,1
14561,1
14562,2
14563,2
14564,1
14565,0
14566,1
14567,2
14568,2
14569,0
14570,1
14571,1
14572,2
14573,0
14574,1
14575,1
14576,0
14577,0
14578,1
14579,1
14580,1
14581,1
14582,0
14583,1
14584,0
14585,0
14586,1
14587,0
14588,0
14589,0
14590,2
14591,1
14592,1
14593,2
14594,2
14595,1
14596,1
14597,2
14598,1
14599,1
14600,1
14601,1
14602,1
14603,1
14604,2
14605,0
14606,0
14607,1
14608,0
14609,1
14610,0
14611,1
14612,0
14613,0
14614,0
14615,0
14616,1
14617,1
14618,1
14619,1
14620,1
14621,2
14622,1
14623,1
14624,0
14625,0
14626,0
14627,1
14628,1
14629,1
14630,0
14631,0
14632,0
14633,0
14634,0
14635,0
14636,1
14637,1
14638,1
14639,1
14640,1
14641,1
14642,1
14643,1
14644,2
14645,1
14646,2
14647,3
14648,5
14649,1
14650,1
14651,1
14652,1
14653,1
14654,2
14655,1
14656,1
14657,2
14658,1
14659,3
14660,2
14661,2
14662,1
14663,0
14664,1
14665,1
14666,2
14667,2
14668,1
14669,1
14670,0
14671,1
14672,1
14673,0
14674,0
14675,0
14676,0
14677,1
14678,1
14679,1
14680,1
14681,1
14682,0
14683,0
14684,1
14685,1
14686,0
14687,0
14688,1
14689,1
14690,1
14691,1
14692,1
14693,0
14694,0
14695,2
14696,1
14697,0
14698,0
14699,0
14700,0
14701,0
14702,0
14703,1
14704,1
14705,1
14706,1
14707,1
14708,1
14709,1
14710,1
14711,1
14712,0
14713,1
14714,2
14715,3
14716,4
14717,1
14718,2
14719,1
14720,0
14721,0
14722,1
14723,1
14724,0
14725,0
14726,1
14727,1
14728,0
14729,0
14730,2
14731,1
14732,2
14733,1
14734,1
14735,1
14736,3
14737,2
14738,1
14739,2
14740,0
14741,0
14742,0
14743,0
14744,2
14745,2
14746,1
14747,1
14748,0
14749,0
14750,0
14751,1
14752,1
14753,1
14754,0
14755,0
14756,0
14757,1
14758,1
14759,0
14760,2
14761,2
14762,2
14763,1
14764,2
14765,1
14766,2
14767,0
14768,0
14769,1
14770,3
14771,2
14772,2
14773,1
14774,0
14775,0
14776,0
14777,1
14778,2
14779,1
14780,0
14781,0
14782,0
14783,0
14784,2
14785,1
14786,1
14787,1
14788,1
14789,0
14790,0
14791,0
14792,0
14793,2
14794,2
14795,3
14796,3
14797,0
14798,0
14799,1
14800,1
14801,1
14802,0
14803,0
14804,0
14805,0
14806,0
14807,0
14808,0
14809,1
14810,1
14811,2
14812,2
14813,1
14814,0
14815,1
14816,2
14817,1
14818,1
14819,0
14820,0
14821,0
14822,2
14823,0
14824,1
14825,0
14826,0
14827,0
14828,0
14829,0
14830,3
14831,2
14832,1
14833,1
14834,2
14835,1
14836,1
14837,2
14838,0
14839,0
14840,0
14841,0
14842,1
14843,2
14844,0
14845,0
14846,1
14847,2
14848,1
14849,1
14850,1
14851,1
14852,1
14853,1
14854,2
14855,2
14856,0
14857,1
14858,1
14859,0
14860,1
14861,2
14862,1
14863,1
14864,1
14865,0
14866,0
14867,0
14868,1
14869,1
14870,0
14871,3
14872,2
14873,1
14874,1
14875,0
14876,0
14877,0
14878,0
14879,1
14880,2
14881,1
14882,2
14883,0
14884,0
14885,0
14886,0
14887,0
14888,0
14889,1
14890,0
14891,1
14892,1
14893,1
14894,1
14895,1
14896,2
14897,3
14898,2
14899,1
14900,0
14901,1
14902,0
14903,0
14904,0
14905,0
14906,2
14907,1
14908,1
14909,1
14910,0
14911,0
14912,1
14913,2
14914,2
14915,2
14916,3
14917,2
14918,2
14919,2
14920,0
14921,1
14922,1
14923,2
14924,1
14925,1
14926,1
14927,0
14928,0
14929,0
14930,0
14931,0
14932,0
14933,1
14934,0
14935,0
14936,0
14937,0
14938,1
14939,1
14940,0
14941,0
14942,0
14943,1
14944,1
14945,0
14946,1
14947,2
14948,1
14949,2
14950,2
14951,1
14952,2
14953,1
14954,2
14955,0
14956,1
14957,1
14958,0
14959,0
14960,0
14961,1
14962,0
14963,0
14964,1
14965,1
14966,0
14967,1
14968,1
14969,1
14970,1
14971,0
14972,0
14973,1
14974,2
14975,1
14976,1
14977,0
14978,0
14979,2
14980,1
14981,1
14982,1
14983,1
14984,1
14985,1
14986,1
14987,1
14988,1
14989,1
14990,3
14991,1
14992,1
14993,0
14994,0
14995,1
14996,1
14997,1
14998,2
14999,0
15000,1
15001,0
15002,0
15003,0
15004,0
15005,0
15006,0
15007,0
15008,0
15009,0
15010,1
15011,1
15012,1
15013,0
15014,0
15015,0
15016,0
15017,0
15018,0
15019,1
15020,1
15021,1
15022,1
15023,1
15024,3
15025,3
15026,1
15027,2
15028,1
15029,1
15030,0
15031,0
15032,1
15033,2
15034,1
15035,1
15036,1
15037,0
15038,0
15039,0
15040,1
15041,1
15042,1
15043,1
15044,1
15045,1
15046,1
15047,1
15048,3
15049,3
15050,2
15051,1
15052,2
15053,0
15054,0
15055,0
15056,1
15057,0
15058,0
15059,0
15060,0
15061,0
15062,0
15063,0
15064,1
15065,2
15066,2
15067,2
15068,1
15069,1
15070,0
15071,0
15072,1
15073,0
15074,0
15075,0
15076,0
15077,1
15078,0
15079,0
15080,0
15081,0
15082,1
15083,1
15084,1
15085,1
15086,1
15087,2
15088,1
15089,1
15090,1
15091,1
15092,1
15093,2
15094,2
15095,1
15096,2
15097,0
15098,1
15099,2
15100,2
15101,2
15102,0
15103,1
15104,2
15105,0
15106,0
15107,1
15108,1
15109,1
15110,1
15111,0
15112,0
15113,0
15114,0
15115,1
15116,0
15117,1
15118,1
15119,1
15120,0
15121,0
15122,1
15123,1
15124,1
15125,2
15126,1
15127,1
15128,0
15129,0
15130,0
15131,0
15132,2
15133,3
15134,2
15135,1
15136,1
15137,2
15138,2
15139,1
15140,1
15141,1
15142,1
15143,1
15144,2
15145,1
15146,1
15147,0
15148,0
15149,2
15150,1
15151,1
15152,1
15153,1
15154,1
15155,1
15156,1
15157,1
15158,1
15159,1
15160,1
15161,1
15162,0
15163,0
15164,0
15165,0
15166,2
15167,0
15168,1
15169,0
15170,1
15171,0
15172,0
15173,1
15174,1
15175,1
15176,3
15177,3
15178,1
15179,2
15180,0
15181,1
15182,1
15183,1
15184,1
15185,1
15186,1
15187,1
15188,2
15189,1
15190,1
15191,0
15192,0
15193,0
15194,0
15195,0
15196,0
15197,0
15198,0
15199,0
15200,1
15201,1
15202,1
15203,2
15204,1
15205,0
15206,0
15207,0
15208,0
15209,0
15210,0
15211,0
15212,1
15213,0
15214,3
15215,2
15216,1
15217,1
15218,1
15219,1
15220,1
15221,2
15222,2
15223,1
15224,2
15225,1
15226,2
15227,0
15228,0
15229,0
15230,0
15231,0
15232,1
15233,0
15234,1
15235,1
15236,0
15237,0
15238,0
15239,0
15240,0
15241,0
15242,0
15243,0
15244,1
15245,1
15246,1
15247,0
15248,1
15249,0
15250,0
15251,1
15252,0
15253,1
15254,2
15255,2
15256,1
15257,1
15258,2
15259,3
15260,2
15261,1
15262,2
15263,1
15264,2
15265,2
15266,3
15267,3
15268,3
15269,0
15270,1
15271,1
15272,0
15273,0
15274,0
15275,1
15276,0
15277,2
15278,2
15279,0
15280,0
15281,0
15282,0
15283,0
15284,1
15285,1
15286,1
15287,1
15288,1
15289,0
15290,1
15291,1
15292,1
15293,1
15294,0
15295,1
15296,1
15297,0
15298,0
15299,1
15300,2
15301,2
15302,2
15303,2
15304,1
15305,1
15306,1
15307,0
15308,1
15309,1
15310,2
15311,1
15312,0
15313,1
15314,1
15315,1
15316,0
15317,0
15318,0
15319,0
15320,0
15321,1
15322,1
15323,1
15324,1
15325,1
15326,1
15327,1
15328,1
15329,1
15330,2
15331,1
15332,0
15333,1
15334,2
15335,1
15336,0
15337,1
15338,2
15339,1
15340,1
15341,2
15342,2
15343,0
15344,0
15345,0
15346,0
15347,2
15348,1
15349,0
15350,0
15351,0
15352,0
15353,0
15354,0
15355,2
15356,1
15357,1
15358,0
15359,0
15360,1
15361,1
15362,3
15363,2
15364,2
15365,2
15366,1
15367,1
15368,2
15369,1
15370,1
15371,1
15372,0
15373,0
15374,0
15375,0
15376,0
15377,0
15378,0
15379,0
15380,0
15381,0
15382,2
15383,1
15384,1
15385,1
15386,0
15387,0
15388,1
15389,1
15390,1
15391,1
15392,0
15393,0
15394,0
15395,1
15396,3
15397,2
15398,1
15399,1
15400,2
15401,1
15402,0
15403,0
15404,1
15405,2
15406,1
15407,2
15408,1
15409,2
15410,1
15411,2
15412,0
15413,1
15414,1
15415,0
15416,1
15417,0
15418,0
15419,0
15420,0
15421,0
15422,0
15423,1
15424,0
15425,0
15426,0
15427,1
15428,1
15429,1
15430,2
15431,1
15432,1
15433,1
15434,3
15435,2
15436,0
15437,0
15438,0
15439,1
15440,2
15441,2
15442,1
15443,0
15444,1
15445,2
15446,1
15447,1
15448,0
15449,0
15450,0
15451,1
15452,0
15453,0
15454,0
15455,0
15456,0
15457,1
15458,1
15459,2
15460,2
15461,1
15462,2
15463,2
15464,1
15465,1
15466,1
15467,0
15468,1
15469,1
15470,2
15471,2
15472,1
15473,0
15474,0
15475,0
15476,1
15477,2
15478,1
15479,0
15480,0
15481,1
15482,1
15483,2
15484,1
15485,1
15486,1
15487,0
15488,0
15489,1
15490,1
15491,2
15492,2
15493,2
15494,1
15495,1
15496,1
15497,1
15498,0
15499,0
15500,0
15501,0
15502,0
15503,1
15504,2
15505,2
15506,1
15507,1
15508,0
15509,0
15510,0
15511,0
15512,0
15513,1
15514,0
15515,0
15516,1
15517,1
15518,2
15519,1
15520,0
15521,0
15522,0
15523,0
15524,0
15525,0
15526,0
15527,1
15528,1
15529,2
15530,3
15531,1
15532,2
15533,2
15534,2
15535,1
15536,1
15537,1
15538,2
15539,2
15540,0
15541,0
15542,1
15543,4
15544,1
15545,0
15546,0
15547,0
15548,0
15549,0
15550,0
15551,0
15552,1
15553,1
15554,0
15555,0
15556,0
15557,0
15558,1
15559,1
15560,0
15561,0
15562,1
15563,1
15564,1
15565,1
15566,2
15567,3
15568,1
15569,1
15570,1
15571,1
15572,1
15573,1
15574,1
15575,0
15576,1
15577,1
15578,1
15579,1
15580,1
15581,1
15582,0
15583,1
15584,0
15585,2
15586,2
15587,1
15588,0
15589,0
15590,1
15591,1
15592,1
15593,1
15594,0
15595,1
15596,0
15597,0
15598,3
15599,2
15600,1
15601,1
15602,1
15603,0
15604,2
15605,1
15606,1
15607,1
15608,1
15609,0
15610,0
15611,0
15612,0
15613,0
15614,0
15615,0
15616,1
15617,1
15618,1
15619,2
15620,0
15621,0
15622,1
15623,1
15624,0
15625,0
15626,0
15627,2
15628,0
15629,0
15630,0
15631,0
15632,1
15633,0
15634,0
15635,0
15636,0
15637,1
15638,0
15639,2
15640,3
15641,0
15642,2
15643,2
15644,2
15645,2
15646,2
15647,1
15648,0
15649,0
15650,1
15651,2
15652,2
15653,1
15654,1
15655,0
15656,0
15657,0
15658,0
15659,0
15660,1
15661,0
15662,0
15663,0
15664,2
15665,2
15666,2
15667,0
15668,0
15669,0
15670,0
15671,0
15672,0
15673,1
15674,2
15675,2
15676,2
15677,1
15678,1
15679,1
15680,0
15681,1
15682,0
15683,0
15684,1
15685,0
15686,1
15687,1
15688,1
15689,1
15690,1
15691,1
15692,1
15693,4
15694,2
15695,1
15696,1
15697,0
15698,0
15699,1
15700,1
15701,0
15702,1
15703,1
15704,1
15705,0
15706,0
15707,0
15708,2
15709,2
15710,2
15711,1
15712,2
15713,1
15714,1
15715,0
15716,0
15717,1
15718,1
15719,2
15720,2
15721,1
15722,3
15723,2
15724,1
15725,2
15726,1
15727,0
15728,0
15729,0
15730,1
15731,0
15732,0
15733,0
15734,0
15735,0
15736,0
15737,0
15738,0
15739,0
15740,0
15741,2
15742,1
15743,1
15744,0
15745,2
15746,2
15747,2
15748,0
15749,1
15750,0
15751,1
15752,0
15753,0
15754,0
15755,0
15756,1
15757,1
15758,0
15759,1
15760,1
15761,1
15762,1
15763,1
15764,2
15765,2
15766,2
15767,1
15768,0
15769,0
15770,1
15771,1
15772,0
15773,0
15774,1
15775,0
15776,1
15777,1
15778,0
15779,0
15780,0
15781,0
15782,0
15783,0
15784,1
15785,2
15786,3
15787,2
15788,0
15789,0
15790,1
15791,0
15792,1
15793,0
15794,0
15795,1
15796,1
15797,1
15798,1
15799,0
15800,1
15801,1
15802,2
15803,2
15804,1
15805,1
15806,1
15807,2
15808,1
15809,0
15810,0
15811,0
15812,0
15813,0
15814,1
15815,1
15816,2
15817,3
15818,2
15819,2
15820,1
15821,1
15822,0
15823,1
15824,2
15825,1
15826,2
15827,1
15828,1
15829,0
15830,0
15831,1
15832,0
15833,0
15834,0
15835,1
15836,1
15837,1
15838,1
15839,2
15840,0
15841,1
15842,2
15843,1
15844,1
15845,1
15846,2
15847,2
15848,1
15849,1
15850,1
15851,2
15852,2
15853,0
15854,0
15855,1
15856,0
15857,0
15858,0
15859,1
15860,0
15861,0
15862,0
15863,0
15864,1
15865,1
15866,2
15867,1
15868,1
15869,0
15870,0
15871,1
15872,1
15873,2
15874,1
15875,1
15876,0
15877,0
15878,1
15879,0
15880,0
15881,0
15882,0
15883,0
15884,0
15885,0
15886,0
15887,0
15888,1
15889,1
15890,2
15891,1
15892,1
15893,2
15894,2
15895,2
15896,2
15897,2
15898,1
15899,0
15900,2
15901,2
15902,1
15903,1
15904,0
15905,0
15906,0
15907,1
15908,3
15909,0
15910,0
15911,1
15912,1
15913,1
15914,3
15915,2
15916,2
15917,1
15918,1
15919,1
15920,2
15921,1
15922,0
15923,0
15924,0
15925,0
15926,1
15927,1
15928,0
15929,0
15930,1
15931,0
15932,0
15933,0
15934,0
15935,1
15936,1
15937,1
15938,1
15939,1
15940,1
15941,1
15942,1
15943,2
15944,0
15945,0
15946,1
15947,1
15948,1
15949,1
15950,1
15951,2
15952,1
15953,1
15954,1
15955,0
15956,2
15957,0
15958,1
15959,1
15960,0
15961,1
15962,1
15963,0
15964,0
15965,0
15966,1
15967,1
15968,2
15969,2
15970,1
15971,1
15972,1
15973,1
15974,0
15975,1
15976,0
15977,0
15978,0
15979,1
15980,1
15981,1
15982,1
15983,0
15984,0
15985,0
15986,0
15987,2
15988,2
15989,1
15990,1
15991,1
15992,2
15993,2
15994,1
15995,1
15996,0
15997,0
15998,2
15999,1
16000,0
16001,0
16002,1
16003,0
16004,1
16005,2
16006,1
16007,1
16008,1
16009,1
16010,1
16011,1
16012,1
16013,1
16014,1
16015,0
16016,1
16017,1
16018,1
16019,1
16020,1
16021,1
16022,1
16023,0
16024,0
16025,1
16026,0
16027,0
16028,0
16029,2
16030,1
16031,1
16032,2
16033,0
16034,0
16035,0
16036,0
16037,0
16038,0
16039,3
16040,3
16041,1
16042,1
16043,0
16044,0
16045,0
16046,0
16047,0
16048,1
16049,1
16050,1
16051,1
16052,1
16053,1
16054,1
16055,1
16056,1
16057,1
16058,1
16059,1
16060,1
16061,1
16062,1
16063,2
16064,1
16065,2
16066,0
16067,0
16068,1
16069,1
16070,1
16071,2
16072,2
16073,0
16074,0
16075,0
16076,0
16077,0
16078,0
16079,0
16080,0
16081,2
16082,2
16083,0
16084,1
16085,1
16086,2
16087,1
16088,1
16089,1
16090,1
16091,3
16092,1
16093,1
16094,0
16095,0
16096,1
16097,1
16098,2
16099,2
16100,1
16101,1
16102,1
16103,2
16104,1
16105,1
16106,0
16107,0
16108,0
16109,0
16110,0
16111,0
16112,0
16113,0
16114,1
16115,2
16116,1
16117,2
16118,2
16119,0
16120,1
16121,1
16122,1
16123,1
16124,1
16125,1
16126,1
16127,1
16128,0
16129,0
16130,0
16131,1
16132,2
16133,2
16134,1
16135,1
16136,1
16137,1
16138,2
16139,2
16140,2
16141,3
16142,1
16143,0
16144,0
16145,0
16146,0
16147,1
16148,1
16149,1
16150,0
16151,1
16152,1
16153,1
16154,0
16155,1
16156,1
16157,0
16158,0
16159,0
16160,0
16161,1
16162,1
16163,2
16164,1
16165,1
16166,1
16167,1
16168,1
16169,1
16170,1
16171,1
16172,1
16173,0
16174,2
16175,1
16176,1
16177,1
16178,0
16179,0
16180,0
16181,0
16182,1
16183,1
16184,1
16185,1
16186,1
16187,2
16188,1
16189,0
16190,0
16191,0
16192,2
16193,0
16194,0
16195,0
16196,0
16197,0
16198,0
16199,1
16200,2
16201,1
16202,1
16203,0
16204,0
16205,0
16206,0
16207,1
16208,2
16209,1
16210,0
16211,0
16212,0
16213,1
16214,1
16215,1
16216,0
16217,0
16218,1
16219,2
16220,2
16221,3
16222,1
16223,1
16224,1
16225,0
16226,0
16227,0
16228,1
16229,1
16230,1
16231,1
16232,0
16233,1
16234,1
16235,0
16236,0
16237,0
16238,0
16239,1
16240,3
16241,2
16242,1
16243,1
16244,3
16245,1
16246,1
16247,1
16248,1
16249,1
16250,0
16251,2
16252,0
16253,0
16254,0
16255,1
16256,1
16257,0
16258,0
16259,0
16260,0
16261,0
16262,2
16263,2
16264,0
16265,2
16266,1
16267,1
16268,1
16269,2
16270,1
16271,1
16272,1
16273,2
16274,1
16275,1
16276,1
16277,2
16278,2
16279,1
16280,1
16281,1
16282,0
16283,0
16284,0
16285,0
16286,0
16287,0
16288,1
16289,0
16290,0
16291,0
16292,0
16293,0
16294,0
16295,0
16296,1
16297,2
16298,1
16299,2
16300,0
16301,0
16302,0
16303,0
16304,1
16305,1
16306,1
16307,1
16308,1
16309,1
16310,0
16311,2
16312,2
16313,2
16314,2
16315,2
16316,1
16317,2
16318,2
16319,2
16320,1
16321,1
16322,0
16323,0
16324,0
16325,1
16326,1
16327,0
16328,0
16329,0
16330,0
16331,0
16332,2
16333,2
16334,1
16335,0
16336,1
16337,2
16338,0
16339,1
16340,1
16341,2
16342,2
16343,2
16344,2
16345,1
16346,3
16347,2
16348,0
16349,0
16350,0
16351,0
16352,0
16353,1
16354,1
16355,1
16356,0
16357,1
16358,1
16359,1
16360,1
16361,1
16362,1
16363,1
16364,2
16365,1
16366,1
16367,1
16368,2
16369,1
16370,1
16371,2
16372,0
16373,0
16374,0
16375,0
16376,0
16377,0
16378,2
16379,1
16380,0
16381,1
16382,1
16383,0
16384,3
16385,1
16386,0
16387,1
16388,0
16389,0
16390,0
16391,1
16392,1
16393,0
16394,0
16395,0
16396,0
16397,1
16398,1
16399,2
16400,1
16401,0
16402,0
16403,0
16404,2
16405,3
16406,1
16407,0
16408,0
16409,1
16410,1
16411,2
16412,2
16413,2
16414,2
16415,1
16416,1
16417,1
16418,1
16419,2
16420,2
16421,1
16422,1
16423,2
16424,1
16425,2
16426,2
16427,1
16428,1
16429,1
16430,2
16431,1
16432,1
16433,3
16434,2
16435,0
16436,0
16437,2
16438,2
16439,0
16440,3
16441,2
16442,0
16443,0
16444,0
16445,1
16446,1
16447,0
16448,0
16449,0
16450,1
16451,2
16452,2
16453,2
16454,1
16455,1
16456,0
16457,0
16458,1
16459,1
16460,0
16461,1
16462,2
16463,2
16464,2
16465,2
16466,1
16467,0
16468,0
16469,0
16470,0
16471,0
16472,2
16473,2
16474,3
16475,2
16476,0
16477,1
16478,2
16479,1
16480,0
16481,0
16482,0
16483,2
16484,2
16485,0
16486,0
16487,1
16488,0
16489,0
16490,1
16491,1
16492,0
16493,1
16494,3
16495,1
16496,0
16497,0
16498,1
16499,2
16500,0
16501,0
16502,1
16503,2
16504,1
16505,0
16506,1
16507,1
16508,5
16509,5
16510,0
16511,0
16512,1
16513,1
16514,2
16515,2
16516,0
16517,0
16518,1
16519,1
16520,1
16521,1
16522,2
16523,3
16524,2
16525,0
16526,0
16527,2
16528,3
16529,0
16530,0
16531,0
16532,1
16533,3
16534,1
16535,1
16536,2
16537,1
16538,0
16539,1
16540,0
16541,0
16542,0
16543,0
16544,2
16545,3
16546,2
16547,2
16548,3
16549,4
16550,5
16551,4
16552,2
16553,2
16554,1
16555,2
16556,2
16557,0
16558,0
16559,1
16560,2
16561,4
16562,3
16563,1
16564,1
16565,0
16566,0
16567,0
16568,0
16569,1
16570,0
16571,0
16572,0
16573,0
16574,0
16575,2
16576,0
16577,1
16578,2
16579,1
16580,1
16581,1
16582,1
16583,2
16584,2
16585,0
16586,1
16587,1
16588,2
16589,2
16590,0
16591,1
16592,2
16593,1
16594,2
16595,2
16596,2
16597,2
16598,1
16599,1
16600,1
16601,1
16602,0
16603,1
16604,1
16605,0
16606,0
16607,0
16608,1
16609,2
16610,1
16611,1
16612,3
16613,1
16614,0
16615,2
16616,1
16617,1
16618,1
16619,0
16620,1
16621,1
16622,0
16623,1
16624,0
16625,0
16626,0
16627,0
16628,3
16629,3
16630,1
16631,1
16632,2
16633,1
16634,0
16635,1
16636,1
16637,1
16638,2
16639,1
16640,0
16641,1
16642,1
16643,0
16644,0
16645,0
16646,0
16647,1
16648,3
16649,1
16650,1
16651,1
16652,1
16653,0
16654,0
16655,0
16656,2
16657,2
16658,1
16659,0
16660,1
16661,0
16662,0
16663,0
16664,1
16665,1
16666,1
16667,3
16668,1
16669,1
16670,1
16671,1
16672,0
16673,2
16674,2
16675,1
16676,0
16677,3
16678,2
16679,2
16680,2
16681,1
16682,1
16683,0
16684,2
16685,0
16686,1
16687,0
16688,0
16689,1
16690,1
16691,0
16692,0
16693,0
16694,0
16695,1
16696,0
16697,0
16698,2
16699,2
16700,1
16701,0
16702,0
16703,0
16704,2
16705,1
16706,0
16707,0
16708,0
16709,1
16710,1
16711,0
16712,0
16713,0
16714,1
16715,3
16716,2
16717,0
16718,1
16719,0
16720,1
16721,2
16722,1
16723,1
16724,2
16725,2
16726,1
16727,0
16728,0
16729,0
16730,1
16731,1
16732,1
16733,2
16734,2
16735,1
16736,2
16737,2
16738,1
16739,1
16740,1
16741,1
16742,1
16743,1
16744,2
16745,2
16746,1
16747,2
16748,2
16749,0
16750,0
16751,0
16752,0
16753,0
16754,1
16755,2
16756,0
16757,0
16758,1
16759,2
16760,0
16761,0
16762,0
16763,1
16764,2
16765,1
16766,1
16767,1
16768,0
16769,0
16770,1
16771,1
16772,1
16773,1
16774,1
16775,1
16776,2
16777,2
16778,2
16779,1
16780,0
16781,0
16782,1
16783,1
16784,1
16785,1
16786,2
16787,1
16788,1
16789,1
16790,0
16791,0
16792,0
16793,0
16794,0
16795,3
16796,1
16797,1
16798,1
16799,1
16800,0
16801,0
16802,1
16803,1
16804,0
16805,0
16806,1
16807,2
16808,2
16809,1
16810,1
16811,2
16812,1
16813,0
16814,1
16815,2
16816,1
16817,1
16818,3
16819,3
16820,2
16821,0
16822,2
16823,2
16824,2
16825,2
16826,0
16827,0
16828,1
16829,1
16830,0
16831,0
16832,1
16833,1
16834,2
16835,1
16836,1
16837,0
16838,0
16839,1
16840,1
16841,1
16842,1
16843,1
16844,1
16845,1
16846,3
16847,1
16848,1
16849,1
16850,1
16851,1
16852,1
16853,1
16854,1
16855,1
16856,0
16857,0
16858,1
16859,1
16860,2
16861,1
16862,0
16863,1
16864,2
16865,2
16866,0
16867,1
16868,1
16869,1
16870,2
16871,1
16872,1
16873,1
16874,1
16875,1
16876,1
16877,1
16878,1
16879,1
16880,1
16881,1
16882,1
16883,1
16884,1
16885,0
16886,0
16887,1
16888,1
16889,1
16890,0
16891,1
16892,0
16893,0
16894,1
16895,2
16896,1
16897,0
16898,0
16899,1
16900,0
16901,0
16902,0
16903,0
16904,2
16905,0
16906,1
16907,0
16908,0
16909,0
16910,1
16911,0
16912,0
16913,0
16914,2
16915,2
16916,0
16917,2
16918,1
16919,1
16920,0
16921,1
16922,1
16923,1
16924,0
16925,2
16926,2
16927,2
16928,1
16929,0
16930,2
16931,2
16932,1
16933,1
16934,0
16935,0
16936,1
16937,1
16938,1
16939,1
16940,1
16941,1
16942,1
16943,1
16944,1
16945,1
16946,1
16947,2
16948,1
16949,1
16950,1
16951,1
16952,0
16953,0
16954,0
16955,0
16956,1
16957,1
16958,1
16959,2
16960,1
16961,1
16962,3
16963,4
16964,4
16965,1
16966,0
16967,0
16968,1
16969,1
16970,0
16971,0
16972,0
16973,0
16974,0
16975,1
16976,0
16977,0
16978,0
16979,1
16980,1
16981,0
16982,1
16983,0
16984,0
16985,1
16986,1
16987,2
16988,2
16989,2
16990,2
16991,1
16992,0
16993,0
16994,0
16995,2
16996,2
16997,2
16998,1
16999,3
17000,3
17001,2
17002,3
17003,1
17004,0
17005,0
17006,1
17007,1
17008,0
17009,0
17010,0
17011,0
17012,0
17013,0
17014,1
17015,0
17016,1
17017,0
17018,2
17019,0
17020,0
17021,1
17022,1
17023,0
17024,1
17025,0
17026,0
17027,1
17028,1
17029,0
17030,0
17031,0
17032,1
17033,1
17034,1
17035,2
17036,1
17037,1
17038,2
17039,0
17040,1
17041,1
17042,1
17043,1
17044,1
17045,2
17046,1
17047,1
17048,2
17049,2
17050,2
17051,1
17052,2
17053,1
17054,0
17055,1
17056,0
17057,2
17058,3
17059,1
17060,0
17061,1
17062,1
17063,0
17064,1
17065,2
17066,1
17067,0
17068,0
17069,0
17070,0
17071,2
17072,1
17073,1
17074,1
17075,0
17076,0
17077,1
17078,1
17079,1
17080,4
17081,2
17082,1
17083,0
17084,1
17085,1
17086,0
17087,0
17088,2
17089,2
17090,1
17091,0
17092,0
17093,0
17094,0
17095,0
17096,0
17097,0
17098,1
17099,1
17100,2
17101,2
17102,1
17103,0
17104,1
17105,0
17106,0
17107,0
17108,2
17109,2
17110,2
17111,0
17112,1
17113,0
17114,0
17115,1
17116,1
17117,1
17118,1
17119,1
17120,2
17121,0
17122,0
17123,0
17124,1
17125,1
17126,0
17127,0
17128,1
17129,2
17130,1
17131,1
17132,2
17133,1
17134,1
17135,0
17136,0
17137,1
17138,0
17139,0
17140,1
17141,2
17142,3
17143,2
17144,1
17145,1
17146,1
17147,1
17148,1
17149,1
17150,2
17151,2
17152,1
17153,1
17154,1
17155,0
17156,0
17157,1
17158,2
17159,2
17160,3
17161,3
17162,0
17163,0
17164,0
17165,1
17166,0
17167,0
17168,0
17169,0
17170,0
17171,0
17172,0
17173,2
17174,3
17175,1
17176,2
17177,0
17178,1
17179,2
17180,1
17181,1
17182,1
17183,1
17184,0
17185,1
17186,0
17187,2
17188,1
17189,0
17190,1
17191,1
17192,1
17193,0
17194,1
17195,0
17196,1
17197,1
17198,0
17199,0
17200,0
17201,1
17202,0
17203,1
17204,3
17205,2
17206,2
17207,1
17208,0
17209,1
17210,1
17211,1
17212,1
17213,2
17214,2
17215,1
17216,1
17217,1
17218,1
17219,1
17220,1
17221,0
17222,2
17223,2
17224,0
17225,1
17226,1
17227,1
17228,1
17229,1
17230,2
17231,1
17232,3
17233,0
17234,2
17235,0
17236,0
17237,0
17238,0
17239,1
17240,2
17241,0
17242,0
17243,1
17244,2
17245,0
17246,0
17247,1
17248,0
17249,1
17250,2
17251,1
17252,1
17253,1
17254,0
17255,0
17256,1
17257,1
17258,1
17259,1
17260,1
17261,1
17262,1
17263,1
17264,1
17265,1
17266,0
17267,0
17268,1
17269,1
17270,1
17271,2
17272,0
17273,1
17274,0
17275,1
17276,1
17277,2
17278,2
17279,1
17280,2
17281,2
17282,1
17283,0
17284,0
17285,1
17286,1
17287,2
17288,1
17289,0
17290,1
17291,0
17292,1
17293,0
17294,1
17295,0
17296,0
17297,0
17298,3
17299,3
17300,1
17301,1
17302,1
17303,2
17304,2
17305,1
17306,0
17307,0
17308,0
17309,0
17310,2
17311,1
17312,1
17313,1
17314,1
17315,1
17316,2
17317,2
17318,1
17319,1
17320,1
17321,1
17322,3
17323,2
17324,2
17325,1
17326,1
17327,1
17328,0
17329,0
17330,1
17331,1
17332,0
17333,0
17334,0
17335,0
17336,1
17337,1
17338,1
17339,0
17340,0
17341,0
17342,0
17343,1
17344,2
17345,1
17346,0
17347,0
17348,0
17349,0
17350,0
17351,0
17352,1
17353,1
17354,1
17355,1
17356,0
17357,1
17358,1
17359,1
17360,1
17361,1
17362,1
17363,0
17364,0
17365,1
17366,1
17367,1
17368,1
17369,2
17370,1
17371,2
17372,2
17373,2
17374,0
17375,1
17376,3
17377,3
17378,0
17379,0
17380,1
17381,0
17382,0
17383,1
17384,0
17385,0
17386,0
17387,0
17388,0
17389,0
17390,0
17391,0
17392,0
17393,1
17394,0
17395,0
17396,1
17397,2
17398,2
17399,2
17400,2
17401,2
17402,0
17403,0
17404,1
17405,1
17406,3
17407,2
17408,1
17409,1
17410,0
17411,0
17412,0
17413,1
17414,0
17415,0
17416,0
17417,0
17418,0
17419,0
17420,1
17421,1
17422,2
17423,2
17424,2
17425,2
17426,2
17427,1
17428,0
17429,1
17430,2
17431,2
17432,2
17433,3
17434,0
17435,1
17436,2
17437,0
17438,0
17439,1
17440,1
17441,0
17442,0
17443,1
17444,1
17445,1
17446,1
17447,1
17448,2
17449,2
17450,1
17451,0
17452,3
17453,3
17454,1
17455,1
17456,1
17457,2
17458,3
17459,2
17460,0
17461,0
17462,0
17463,0
17464,0
17465,1
17466,0
17467,0
17468,0
17469,1
17470,1
17471,1
17472,0
17473,0
17474,0
17475,0
17476,1
17477,1
17478,1
17479,0
17480,1
17481,1
17482,1
17483,0
17484,0
17485,0
17486,0
17487,1
17488,2
17489,1
17490,1
17491,1
17492,2
17493,0
17494,2
17495,2
17496,2
17497,2
17498,3
17499,3
17500,1
17501,1
17502,0
17503,0
17504,0
17505,0
17506,2
17507,1
17508,2
17509,1
17510,3
17511,3
17512,0
17513,0
17514,0
17515,1
17516,0
17517,0
17518,0
17519,1
17520,0
17521,0
17522,0
17523,4
17524,3
17525,2
17526,2
17527,0
17528,0
17529,0
17530,1
17531,1
17532,0
17533,0
17534,1
17535,1
17536,2
17537,1
17538,0
17539,0
17540,1
17541,1
17542,1
17543,1
17544,0
17545,1
17546,1
17547,2
17548,1
17549,0
17550,0
17551,3
17552,0
17553,0
17554,1
17555,1
17556,1
17557,1
17558,1
17559,1
17560,1
17561,1
17562,1
17563,1
17564,0
17565,0
17566,0
17567,2
17568,0
17569,0
17570,1
17571,2
17572,1
17573,1
17574,3
17575,1
17576,1
17577,1
17578,1
17579,1
17580,1
17581,2
17582,1
17583,1
17584,0
17585,0
17586,1
17587,1
17588,0
17589,0
17590,0
17591,1
17592,1
17593,1
17594,3
17595,1
17596,1
17597,0
17598,0
17599,0
17600,2
17601,2
17602,0
17603,1
17604,2
17605,0
17606,2
17607,0
17608,1
17609,1
17610,2
17611,1
17612,1
17613,0
17614,0
17615,0
17616,0
17617,0
17618,1
17619,1
17620,1
17621,1
17622,1
17623,1
17624,1
17625,0
17626,0
17627,2
17628,1
17629,2
17630,1
17631,0
17632,1
17633,1
17634,2
17635,1
17636,0
17637,1
17638,1
17639,2
17640,2
17641,2
17642,0
17643,0
17644,1
17645,1
17646,0
17647,0
17648,0
17649,0
17650,1
17651,0
17652,2
17653,2
17654,2
17655,1
17656,0
17657,0
17658,1
17659,1
17660,1
17661,3
17662,2
17663,1
17664,0
17665,0
17666,0
17667,0
17668,1
17669,1
17670,1
17671,1
17672,0
17673,1
17674,0
17675,0
17676,0
17677,0
17678,2
17679,2
17680,4
17681,2
17682,1
17683,1
17684,1
17685,1
17686,1
17687,1
17688,2
17689,1
17690,0
17691,1
17692,1
17693,1
17694,1
17695,1
17696,0
17697,0
17698,1
17699,0
17700,0
17701,0
17702,0
17703,0
17704,0
17705,0
17706,2
17707,1
17708,1
17709,0
17710,0
17711,1
17712,1
17713,1
17714,1
17715,2
17716,5
17717,4
17718,3
17719,2
17720,2
17721,0
17722,0
17723,1
17724,2
17725,1
17726,0
17727,0
17728,0
17729,1
17730,1
17731,0
17732,1
17733,1
17734,0
17735,0
17736,1
17737,0
17738,0
17739,1
17740,1
17741,1
17742,0
17743,0
17744,0
17745,1
17746,2
17747,1
17748,1
17749,2
17750,0
17751,2
17752,1
17753,1
17754,0
17755,3
17756,2
17757,0
17758,0
17759,0
17760,1
17761,2
17762,1
17763,1
17764,0
17765,0
17766,0
17767,1
17768,1
17769,0
17770,0
17771,0
17772,0
17773,1
17774,1
17775,1
17776,1
17777,0
17778,0
17779,0
17780,2
17781,2
17782,3
17783,2
17784,2
17785,2
17786,0
17787,1
17788,3
17789,1
17790,1
17791,1
17792,1
17793,1
17794,1
17795,1
17796,1
17797,1
17798,2
17799,2
17800,1
17801,2
17802,0
17803,0
17804,2
17805,3
17806,1
17807,1
17808,2
17809,1
17810,1
17811,1
17812,0
17813,0
17814,0
17815,0
17816,0
17817,0
17818,1
17819,1
17820,1
17821,2
17822,0
17823,0
17824,1
17825,1
17826,1
17827,1
17828,0
17829,0
17830,0
17831,0
17832,0
17833,0
17834,0
17835,0
17836,0
17837,1
17838,1
17839,1
17840,1
17841,1
17842,1
17843,1
17844,1
17845,2
17846,2
17847,1
17848,2
17849,2
17850,1
17851,2
17852,3
17853,1
17854,0
17855,1
17856,0
17857,1
17858,1
17859,1
17860,0
17861,0
17862,0
17863,1
17864,1
17865,0
17866,0
17867,1
17868,0
17869,0
17870,0
17871,1
17872,1
17873,0
17874,1
17875,2
17876,2
17877,2
17878,2
17879,2
17880,2
17881,2
17882,2
17883,1
17884,1
17885,2
17886,1
17887,0
17888,0
17889,0
17890,0
17891,0
17892,0
17893,0
17894,2
17895,1
17896,1
17897,1
17898,2
17899,1
17900,1
17901,1
17902,1
17903,1
17904,2
17905,1
17906,1
17907,0
17908,1
17909,0
17910,0
17911,1
17912,2
17913,1
17914,1
17915,1
17916,2
17917,1
17918,1
17919,0
17920,1
17921,1
17922,0
17923,0
17924,0
17925,0
17926,1
17927,1
17928,1
17929,0
17930,1
17931,1
17932,1
17933,1
17934,1
17935,0
17936,0
17937,1
17938,1
17939,1
17940,1
17941,1
17942,1
17943,1
17944,2
17945,2
17946,3
17947,1
17948,0
17949,0
17950,0
17951,1
17952,0
17953,1
17954,1
17955,1
17956,0
17957,0
17958,0
17959,1
17960,1
17961,1
17962,0
17963,0
17964,1
17965,1
17966,1
17967,1
17968,2
17969,3
17970,2
17971,1
17972,1
17973,1
17974,1
17975,1
17976,1
17977,1
17978,2
17979,2
17980,1
17981,1
17982,1
17983,0
17984,2
17985,1
17986,1
17987,1
17988,1
17989,1
17990,1
17991,0
17992,0
17993,0
17994,1
17995,2
17996,0
17997,0
17998,0
17999,1
18000,1
18001,0
18002,0
18003,3
18004,1
18005,0
18006,0
18007,0
18008,1
18009,2
18010,1
18011,1
18012,2
18013,2
18014,3
18015,3
18016,2
18017,0
18018,0
18019,1
18020,0
18021,1
18022,1
18023,1
18024,0
18025,2
18026,1
18027,1
18028,1
18029,1
18030,1
18031,2
18032,2
18033,1
18034,1
18035,0
18036,0
18037,0
18038,0
18039,1
18040,1
18041,0
18042,1
18043,2
18044,1
18045,1
18046,1
18047,2
18048,0
18049,0
18050,1
18051,1
18052,1
18053,1
18054,1
18055,1
18056,2
18057,2
18058,2
18059,1
18060,1
18061,1
18062,1
18063,1
18064,0
18065,0
18066,1
18067,1
18068,1
18069,2
18070,1
18071,0
18072,1
18073,1
18074,1
18075,1
18076,0
18077,0
18078,1
18079,1
18080,1
18081,1
18082,1
18083,1
18084,2
18085,1
18086,0
18087,0
18088,0
18089,1
18090,1
18091,1
18092,0
18093,0
18094,1
18095,0
18096,0
18097,1
18098,1
18099,1
18100,0
18101,0
18102,0
18103,2
18104,2
18105,2
18106,1
18107,2
18108,2
18109,2
18110,1
18111,1
18112,1
18113,0
18114,1
18115,0
18116,1
18117,2
18118,2
18119,1
18120,0
18121,3
18122,2
18123,1
18124,1
18125,2
18126,2
18127,2
18128,1
18129,1
18130,1
18131,0
18132,0
18133,0
18134,0
18135,0
18136,1
18137,1
18138,0
18139,0
18140,1
18141,1
18142,0
18143,0
18144,0
18145,1
18146,1
18147,1
18148,2
18149,2
18150,1
18151,1
18152,1
18153,1
18154,1
18155,1
18156,1
18157,3
18158,3
18159,1
18160,2
18161,2
18162,0
18163,1
18164,1
18165,0
18166,0
18167,0
18168,0
18169,1
18170,1
18171,1
18172,1
18173,1
18174,0
18175,0
18176,0
18177,0
18178,0
18179,0
18180,1
18181,2
18182,1
18183,1
18184,1
18185,1
18186,0
18187,0
18188,2
18189,3
18190,2
18191,4
18192,1
18193,0
18194,0
18195,1
18196,3
18197,2
18198,1
18199,0
18200,0
18201,0
18202,1
18203,0
18204,1
18205,1
18206,0
18207,1
18208,1
18209,1
18210,0
18211,1
18212,0
18213,0
18214,2
18215,1
18216,3
18217,1
18218,1
18219,1
18220,1
18221,2
18222,3
18223,3
18224,3
18225,1
18226,0
18227,0
18228,0
18229,0
18230,0
18231,0
18232,0
18233,0
18234,1
18235,1
18236,1
18237,0
18238,0
18239,0
18240,0
18241,0
18242,0
18243,0
18244,0
18245,1
18246,0
18247,0
18248,0
18249,0
18250,0
18251,0
18252,1
18253,2
18254,2
18255,3
18256,1
18257,2
18258,2
18259,1
18260,1
18261,0
18262,1
18263,2
18264,1
18265,1
18266,1
18267,1
18268,1
18269,1
18270,1
18271,2
18272,2
18273,1
18274,1
18275,1
18276,1
18277,1
18278,2
18279,1
18280,1
18281,3
18282,3
18283,1
18284,0
18285,0
18286,1
18287,0
18288,0
18289,1
18290,1
18291,0
18292,1
18293,1
18294,1
18295,0
18296,0
18297,1
18298,1
18299,1
18300,1
18301,0
18302,0
18303,1
18304,1
18305,1
18306,1
18307,1
18308,1
18309,1
18310,0
18311,0
18312,0
18313,0
18314,0
18315,0
18316,0
18317,0
18318,0
18319,0
18320,1
18321,1
18322,1
18323,2
18324,0
18325,1
18326,1
18327,2
18328,2
18329,2
18330,3
18331,3
18332,3
18333,1
18334,0
18335,0
18336,2
18337,1
18338,1
18339,1
18340,1
18341,2
18342,2
18343,2
18344,1
18345,1
18346,1
18347,1
18348,1
18349,1
18350,1
18351,1
18352,1
18353,1
18354,0
18355,1
18356,1
18357,1
18358,0
18359,1
18360,1
18361,0
18362,0
18363,1
18364,1
18365,1
18366,1
18367,2
18368,1
18369,1
18370,1
18371,1
18372,1
18373,0
18374,0
18375,0
18376,2
18377,2
18378,0
18379,0
18380,0
18381,0
18382,2
18383,1
18384,1
18385,2
18386,1
18387,1
18388,1
18389,1
18390,0
18391,0
18392,1
18393,1
18394,0
18395,1
18396,2
18397,2
18398,1
18399,1
18400,1
18401,0
18402,0
18403,0
18404,0
18405,0
18406,0
18407,0
18408,0
18409,0
18410,0
18411,0
18412,1
18413,1
18414,1
18415,1
18416,1
18417,2
18418,2
18419,1
18420,3
18421,3
18422,3
18423,2
18424,4
18425,3
18426,1
18427,0
18428,0
18429,0
18430,0
18431,1
18432,2
18433,1
18434,0
18435,0
18436,1
18437,1
18438,1
18439,1
18440,1
18441,1
18442,1
18443,1
18444,0
18445,0
18446,2
18447,1
18448,1
18449,1
18450,1
18451,2
18452,1
18453,1
18454,2
18455,1
18456,1
18457,1
18458,1
18459,1
18460,1
18461,1
18462,0
18463,0
18464,2
18465,1
18466,1
18467,1
18468,2
18469,3
18470,2
18471,1
18472,0
18473,1
18474,1
18475,0
18476,0
18477,0
18478,0
18479,0
18480,0
18481,0
18482,1
18483,1
18484,0
18485,0
18486,0
18487,0
18488,0
18489,1
18490,2
18491,2
18492,1
18493,1
18494,3
18495,2
18496,1
18497,1
18498,2
18499,1
18500,1
18501,1
18502,1
18503,2
18504,2
18505,1
18506,1
18507,1
18508,0
18509,0
18510,1
18511,1
18512,1
18513,1
18514,0
18515,1
18516,0
18517,0
18518,1
18519,0
18520,0
18521,0
18522,0
18523,0
18524,0
18525,0
18526,1
18527,1
18528,1
18529,3
18530,3
18531,2
18532,1
18533,1
18534,0
18535,1
18536,1
18537,1
18538,0
18539,0
18540,0
18541,1
18542,0
18543,1
18544,0
18545,1
18546,0
18547,0
18548,0
18549,0
18550,0
18551,0
18552,0
18553,0
18554,1
18555,1
18556,2
18557,2
18558,1
18559,1
18560,0
18561,2
18562,1
18563,0
18564,0
18565,0
18566,1
18567,1
18568,1
18569,1
18570,0
18571,1
18572,1
18573,1
18574,1
18575,1
18576,1
18577,2
18578,1
18579,2
18580,2
18581,2
18582,2
18583,2
18584,1
18585,1
18586,1
18587,0
18588,0
18589,0
18590,0
18591,1
18592,0
18593,0
18594,1
18595,0
18596,1
18597,1
18598,1
18599,2
18600,1
18601,1
18602,1
18603,1
18604,1
18605,2
18606,3
18607,2
18608,2
18609,2
18610,1
18611,1
18612,1
18613,0
18614,0
18615,0
18616,0
18617,1
18618,1
18619,0
18620,1
18621,1
18622,0
18623,0
18624,1
18625,2
18626,1
18627,2
18628,1
18629,1
18630,1
18631,1
18632,1
18633,1
18634,0
18635,0
18636,1
18637,1
18638,0
18639,0
18640,0
18641,0
18642,0
18643,0
18644,1
18645,1
18646,1
18647,1
18648,1
18649,1
18650,1
18651,1
18652,2
18653,3
18654,1
18655,1
18656,1
18657,0
18658,0
18659,0
18660,1
18661,1
18662,1
18663,2
18664,2
18665,2
18666,1
18667,1
18668,2
18669,4
18670,1
18671,1
18672,2
18673,0
18674,0
18675,1
18676,1
18677,1
18678,1
18679,0
18680,0
18681,0
18682,0
18683,0
18684,2
18685,1
18686,1
18687,0
18688,0
18689,0
18690,1
18691,1
18692,1
18693,1
18694,1
18695,1
18696,0
18697,1
18698,1
18699,0
18700,0
18701,2
18702,2
18703,2
18704,2
18705,2
18706,1
18707,1
18708,1
18709,2
18710,3
18711,1
18712,0
18713,0
18714,1
18715,1
18716,0
18717,0
18718,1
18719,0
18720,1
18721,1
18722,1
18723,1
18724,1
18725,1
18726,1
18727,2
18728,1
18729,2
18730,1
18731,1
18732,2
18733,2
18734,0
18735,1
18736,1
18737,0
18738,1
18739,0
18740,0
18741,0
18742,0
18743,1
18744,1
18745,0
18746,1
18747,1
18748,1
18749,1
18750,1
18751,1
18752,0
18753,1
18754,1
18755,1
18756,1
18757,0
18758,0
18759,0
18760,0
18761,1
18762,1
18763,2
18764,1
18765,3
18766,1
18767,1
18768,2
18769,1
18770,0
18771,0
18772,0
18773,0
18774,1
18775,2
18776,1
18777,1
18778,0
18779,0
18780,3
18781,3
18782,3
18783,0
18784,1
18785,1
18786,1
18787,1
18788,1
18789,0
18790,0
18791,1
18792,0
18793,2
18794,1
18795,2
18796,1
18797,0
18798,1
18799,2
18800,1
18801,1
18802,1
18803,1
18804,1
18805,0
18806,1
18807,1
18808,0
18809,0
18810,1
18811,1
18812,1
18813,2
18814,1
18815,1
18816,0
18817,0
18818,0
18819,1
18820,1
18821,0
18822,0
18823,0
18824,1
18825,2
18826,1
18827,1
18828,1
18829,1
18830,2
18831,1
18832,2
18833,3
18834,3
18835,2
18836,2
18837,1
18838,1
18839,0
18840,0
18841,0
18842,1
18843,1
18844,0
18845,0
18846,1
18847,0
18848,0
18849,0
18850,0
18851,1
18852,1
18853,1
18854,2
18855,1
18856,1
18857,1
18858,2
18859,3
18860,1
18861,3
18862,2
18863,1
18864,1
18865,0
18866,1
18867,0
18868,1
18869,1
18870,0
18871,2
18872,0
18873,0
18874,0
18875,0
18876,0
18877,0
18878,0
18879,0
18880,0
18881,1
18882,0
18883,0
18884,2
18885,2
18886,0
18887,2
18888,0
18889,1
18890,1
18891,1
18892,1
18893,0
18894,0
18895,0
18896,0
18897,1
18898,1
18899,1
18900,2
18901,2
18902,1
18903,1
18904,2
18905,1
18906,1
18907,2
18908,1
18909,1
18910,1
18911,0
18912,2
18913,3
18914,1
18915,2
18916,0
18917,0
18918,1
18919,1
18920,1
18921,0
18922,0
18923,1
18924,1
18925,0
18926,0
18927,0
18928,1
18929,1
18930,1
18931,1
18932,1
18933,0
18934,0
18935,0
18936,0
18937,1
18938,1
18939,3
18940,2
18941,1
18942,1
18943,1
18944,1
18945,1
18946,1
18947,4
18948,3
18949,2
18950,2
18951,2
18952,0
18953,0
18954,0
18955,0
18956,0
18957,1
18958,0
18959,0
18960,0
18961,1
18962,0
18963,0
18964,0
18965,0
18966,1
18967,3
18968,1
18969,1
18970,1
18971,0
18972,0
18973,1
18974,0
18975,0
18976,0
18977,1
18978,1
18979,0
18980,0
18981,1
18982,1
18983,1
18984,0
18985,1
18986,1
18987,1
18988,0
18989,1
18990,3
18991,2
18992,0
18993,0
18994,1
18995,0
18996,1
18997,3
18998,0
18999,0
19000,1
19001,0
19002,1
19003,1
19004,0
19005,1
19006,1
19007,0
19008,1
19009,1
19010,1
19011,0
19012,1
19013,0
19014,0
19015,1
19016,1
19017,0
19018,0
19019,0
19020,0
19021,0
19022,0
19023,1
19024,2
19025,1
19026,3
19027,1
19028,2
19029,1
19030,3
19031,2
19032,1
19033,1
19034,0
19035,0
19036,1
19037,1
19038,1
19039,1
19040,0
19041,2
19042,2
19043,0
19044,0
19045,0
19046,0
19047,1
19048,0
19049,0
19050,1
19051,2
19052,2
19053,2
19054,3
19055,1
19056,0
19057,1
19058,2
19059,2
19060,3
19061,1
19062,0
19063,0
19064,1
19065,0
19066,0
19067,1
19068,0
19069,0
19070,1
19071,1
19072,1
19073,1
19074,1
19075,2
19076,1
19077,1
19078,1
19079,0
19080,1
19081,2
19082,1
19083,0
19084,1
19085,0
19086,0
19087,0
19088,1
19089,0
19090,0
19091,0
19092,0
19093,0
19094,0
19095,0
19096,0
19097,1
19098,1
19099,0
19100,0
19101,2
19102,2
19103,3
19104,0
19105,0
19106,1
19107,0
19108,1
19109,0
19110,1
19111,0
19112,0
19113,0
19114,0
19115,0
19116,0
19117,0
19118,0
19119,0
19120,0
19121,1
19122,1
19123,1
19124,2
19125,0
19126,0
19127,2
19128,2
19129,2
19130,1
19131,2
19132,4
19133,2
19134,1
19135,1
19136,0
19137,0
19138,0
19139,0
19140,0
19141,1
19142,1
19143,1
19144,1
19145,0
19146,2
19147,2
19148,1
19149,1
19150,1
19151,1
19152,3
19153,3
19154,2
19155,1
19156,1
19157,2
19158,0
19159,1
19160,1
19161,0
19162,0
19163,1
19164,0
19165,0
19166,0
19167,1
19168,0
19169,0
19170,1
19171,0
19172,0
19173,1
19174,0
19175,0
19176,1
19177,3
19178,2
19179,2
19180,1
19181,1
19182,2
19183,3
19184,1
19185,1
19186,1
19187,1
19188,0
19189,1
19190,2
19191,1
19192,1
19193,2
19194,1
19195,0
19196,0
19197,0
19198,0
19199,0
19200,0
19201,0
19202,1
19203,2
19204,0
19205,0
19206,1
19207,1
19208,2
19209,2
19210,1
19211,1
19212,1
19213,1
19214,1
19215,2
19216,3
19217,0
19218,1
19219,2
19220,1
19221,0
19222,1
19223,1
19224,1
19225,1
19226,0
19227,0
19228,0
19229,0
19230,0
19231,0
19232,2
19233,0
19234,1
19235,0
19236,2
19237,2
19238,1
19239,2
19240,2
19241,0
19242,0
19243,0
19244,1
19245,1
19246,0
19247,0
19248,1
19249,0
19250,0
19251,0
19252,0
19253,1
19254,1
19255,0
19256,0
19257,3
19258,2
19259,1
19260,1
19261,1
19262,0
19263,0
19264,0
19265,2
19266,1
19267,1
19268,0
19269,1
19270,0
19271,0
19272,0
19273,1
19274,2
19275,1
19276,0
19277,0
19278,0
19279,1
19280,1
19281,1
19282,2
19283,1
19284,1
19285,1
19286,1
19287,2
19288,3
19289,1
19290,0
19291,0
19292,1
19293,1
19294,1
19295,0
19296,1
19297,0
19298,0
19299,0
19300,0
19301,0
19302,1
19303,0
19304,0
19305,1
19306,1
19307,1
19308,1
19309,1
19310,1
19311,1
19312,1
19313,3
19314,3
19315,1
19316,0
19317,1
19318,0
19319,1
19320,1
19321,1
19322,0
19323,1
19324,1
19325,1
19326,0
19327,0
19328,1
19329,3
19330,2
19331,1
19332,3
19333,0
19334,2
19335,0
19336,0
19337,0
19338,0
19339,1
19340,0
19341,1
19342,0
19343,0
19344,0
19345,0
19346,0
19347,0
19348,0
19349,0
19350,0
19351,1
19352,1
19353,1
19354,1
19355,1
19356,1
19357,2
19358,1
19359,1
19360,0
19361,3
19362,0
19363,0
19364,0
19365,0
19366,2
19367,1
19368,1
19369,1
19370,0
19371,2
19372,1
19373,0
19374,0
19375,0
19376,0
19377,1
19378,1
19379,1
19380,1
19381,1
19382,1
19383,1
19384,3
19385,1
19386,2
19387,2
19388,0
19389,1
19390,0
19391,0
19392,1
19393,1
19394,1
19395,0
19396,0
19397,0
19398,0
19399,1
19400,2
19401,2
19402,1
19403,1
19404,2
19405,2
19406,2
19407,3
19408,2
19409,2
19410,3
19411,2
19412,0
19413,1
19414,0
19415,0
19416,0
19417,0
19418,1
19419,1
19420,0
19421,0
19422,0
19423,0
19424,0
19425,0
19426,2
19427,0
19428,1
19429,2
19430,0
19431,0
19432,0
19433,0
19434,0
19435,0
19436,1
19437,2
19438,1
19439,2
19440,1
19441,0
19442,1
19443,0
19444,1
19445,2
19446,2
19447,1
19448,1
19449,2
19450,1
19451,0
19452,0
19453,0
19454,2
19455,0
19456,0
19457,0
19458,0
19459,0
19460,0
19461,2
19462,1
19463,0
19464,0
19465,0
19466,2
19467,2
19468,2
19469,3
19470,2
19471,1
19472,1
19473,1
19474,1
19475,0
19476,2
19477,1
19478,0
19479,0
19480,1
19481,1
19482,1
19483,0
19484,1
19485,0
19486,0
19487,0
19488,1
19489,0
19490,0
19491,0
19492,0
19493,1
19494,1
19495,1
19496,1
19497,1
19498,1
19499,0
19500,1
19501,2
19502,1
19503,1
19504,1
19505,2
19506,2
19507,1
19508,1
19509,1
19510,2
19511,2
19512,2
19513,1
19514,1
19515,1
19516,1
19517,1
19518,1
19519,0
19520,0
19521,0
19522,1
19523,3
19524,2
19525,2
19526,4
19527,1
19528,1
19529,1
19530,1
19531,2
19532,1
19533,1
19534,0
19535,0
19536,2
19537,1
19538,0
19539,0
19540,0
19541,0
19542,0
19543,1
19544,0
19545,0
19546,0
19547,0
19548,0
19549,0
19550,0
19551,0
19552,0
19553,0
19554,0
19555,1
19556,1
19557,0
19558,0
19559,1
19560,1
19561,1
19562,2
19563,2
19564,1
19565,1
19566,1
19567,0
19568,0
19569,1
19570,1
19571,3
19572,2
19573,0
19574,0
19575,0
19576,1
19577,2
19578,1
19579,0
19580,1
19581,1
19582,1
19583,1
19584,2
19585,2
19586,1
19587,0
19588,2
19589,2
19590,1
19591,0
19592,0
19593,0
19594,0
19595,0
19596,1
19597,1
19598,1
19599,1
19600,0
19601,1
19602,2
19603,1
19604,1
19605,0
19606,2
19607,1
19608,2
19609,1
19610,2
19611,1
19612,0
19613,0
19614,0
19615,0
19616,2
19617,1
19618,1
19619,2
19620,1
19621,0
19622,1
19623,0
19624,0
19625,0
19626,0
19627,0
19628,1
19629,0
19630,0
19631,0
19632,1
19633,1
19634,1
19635,0
19636,0
19637,1
19638,2
19639,2
19640,2
19641,1
19642,1
19643,1
19644,1
19645,1
19646,2
19647,2
19648,2
19649,1
19650,1
19651,1
19652,1
19653,1
19654,1
19655,1
19656,0
19657,0
19658,0
19659,0
19660,0
19661,0
19662,1
19663,0
19664,1
19665,2
19666,2
19667,2
19668,0
19669,1
19670,1
19671,0
19672,1
19673,1
19674,1
19675,1
19676,1
19677,0
19678,1
19679,2
19680,0
19681,1
19682,2
19683,2
19684,1
19685,1
19686,2
19687,1
19688,1
19689,2
19690,1
19691,1
19692,2
19693,2
19694,0
19695,1
19696,1
19697,0
19698,0
19699,0
19700,0
19701,2
19702,1
19703,0
19704,1
19705,1
19706,1
19707,0
19708,0
19709,1
19710,0
19711,1
19712,0
19713,0
19714,0
19715,0
19716,0
19717,1
19718,2
19719,2
19720,1
19721,1
19722,1
19723,1
19724,1
19725,1
19726,3
19727,1
19728,1
19729,1
19730,1
19731,2
19732,1
19733,0
19734,1
19735,0
19736,0
19737,1
19738,2
19739,0
19740,0
19741,0
19742,0
19743,2
19744,1
19745,1
19746,1
19747,0
19748,0
19749,0
19750,0
19751,1
19752,1
19753,1
19754,0
19755,1
19756,3
19757,1
19758,1
19759,2
19760,0
19761,0
19762,1
19763,3
19764,0
19765,0
19766,1
19767,1
19768,1
19769,1
19770,0
19771,0
19772,0
19773,1
19774,1
19775,2
19776,2
19777,0
19778,1
19779,1
19780,0
19781,1
19782,0
19783,1
19784,0
19785,0
19786,0
19787,1
19788,2
19789,0
19790,0
19791,0
19792,0
19793,0
19794,2
19795,3
19796,1
19797,1
19798,1
19799,1
19800,1
19801,1
19802,1
19803,1
19804,1
19805,2
19806,1
19807,0
19808,0
19809,2
19810,1
19811,1
19812,0
19813,0
19814,1
19815,1
19816,1
19817,0
19818,0
19819,0
19820,1
19821,2
19822,1
19823,1
19824,1
19825,0
19826,0
19827,1
19828,2
19829,2
19830,1
19831,1
19832,1
19833,2
19834,1
19835,1
19836,1
19837,1
19838,1
19839,0
19840,1
19841,0
19842,2
19843,1
19844,1
19845,1
19846,0
19847,0
19848,1
19849,1
19850,0
19851,0
19852,0
19853,0
19854,0
19855,0
19856,1
19857,1
19858,1
19859,1
19860,1
19861,1
19862,1
19863,1
19864,0
19865,1
19866,2
19867,4
19868,2
19869,1
19870,2
19871,1
19872,1
19873,0
19874,0
19875,1
19876,1
19877,1
19878,1
19879,2
19880,1
19881,2
19882,1
19883,1
19884,0
19885,0
19886,1
19887,2
19888,3
19889,2
19890,1
19891,0
19892,0
19893,2
19894,2
19895,0
19896,0
19897,0
19898,1
19899,0
19900,0
19901,0
19902,0
19903,2
19904,0
19905,0
19906,0
19907,0
19908,1
19909,1
19910,1
19911,1
19912,2
19913,1
19914,0
19915,0
19916,3
19917,2
19918,1
19919,2
19920,2
19921,0
19922,0
19923,0
19924,1
19925,1
19926,2
19927,1
19928,1
19929,1
19930,2
19931,1
19932,0
19933,0
19934,0
19935,0
19936,0
19937,0
19938,1
19939,0
19940,0
19941,0
19942,0
19943,1
19944,0
19945,0
19946,2
19947,1
19948,0
19949,1
19950,1
19951,1
19952,1
19953,1
19954,1
19955,1
19956,1
19957,2
19958,3
19959,1
19960,1
19961,2
19962,1
19963,1
19964,1
19965,1
19966,0
19967,0
19968,0
19969,1
19970,0
19971,1
19972,1
19973,1
19974,0
19975,1
19976,1
19977,0
19978,0
19979,1
19980,1
19981,1
19982,2
19983,1
19984,1
19985,1
19986,1
19987,1
19988,1
19989,1
19990,1
19991,1
19992,2
19993,2
19994,1
19995,1
19996,1
19997,1
19998,0
19999,1
20000,0
20001,0
20002,0
20003,1
20004,1
20005,1
20006,1
20007,0
20008,0
20009,0
20010,0
20011,0
20012,1
20013,1
20014,1
20015,2
20016,2
20017,1
20018,2
20019,2
20020,2
20021,2
20022,2
20023,1
20024,1
20025,1
20026,1
20027,1
20028,1
20029,1
20030,1
20031,0
20032,2
20033,1
20034,0
20035,1
20036,1
20037,1
20038,1
20039,1
20040,0
20041,1
20042,0
20043,2
20044,1
20045,1
20046,2
20047,2
20048,1
20049,1
20050,1
20051,0
20052,2
20053,2
20054,1
20055,1
20056,0
20057,0
20058,0
20059,0
20060,0
20061,1
20062,1
20063,2
20064,1
20065,1
20066,2
20067,1
20068,1
20069,0
20070,1
20071,0
20072,0
20073,0
20074,2
20075,2
20076,1
20077,2
20078,1
20079,0
20080,0
20081,0
20082,0
20083,0
20084,0
20085,1
20086,2
20087,1
20088,2
20089,1
20090,1
20091,1
20092,2
20093,2
20094,0
20095,1
20096,1
20097,1
20098,1
20099,1
20100,0
20101,1
20102,0
20103,0
20104,0
20105,1
20106,1
20107,0
20108,2
20109,2
20110,1
20111,2
20112,3
20113,1
20114,1
20115,1
20116,0
20117,1
20118,1
20119,1
20120,1
20121,1
20122,0
20123,0
20124,0
20125,1
20126,0
20127,0
20128,2
20129,1
20130,2
20131,1
20132,2
20133,0
20134,2
20135,1
20136,1
20137,0
20138,0
20139,1
20140,1
20141,1
20142,0
20143,1
20144,0
20145,0
20146,1
20147,1
20148,1
20149,0
20150,0
20151,0
20152,2
20153,2
20154,0
20155,0
20156,1
20157,1
20158,1
20159,2
20160,0
20161,0
20162,0
20163,0
20164,0
20165,1
20166,1
20167,0
20168,2
20169,1
20170,0
20171,0
20172,0
20173,0
20174,1
20175,0
20176,1
20177,1
20178,1
20179,1
20180,2
20181,2
20182,1
20183,1
20184,3
20185,2
20186,3
20187,2
20188,0
20189,0
20190,1
20191,2
20192,0
20193,0
20194,0
20195,0
20196,0
20197,1
20198,1
20199,2
20200,3
20201,2
20202,2
20203,3
20204,1
20205,1
20206,1
20207,0
20208,1
20209,1
20210,1
20211,3
20212,1
20213,1
20214,2
20215,0
20216,0
20217,0
20218,2
20219,0
20220,0
20221,1
20222,1
20223,0
20224,0
20225,0
20226,1
20227,1
20228,1
20229,1
20230,0
20231,0
20232,0
20233,1
20234,0
20235,0
20236,0
20237,1
20238,2
20239,3
20240,1
20241,2
20242,3
20243,2
20244,0
20245,0
20246,0
20247,1
20248,0
20249,0
20250,1
20251,0
20252,2
20253,1
20254,2
20255,1
20256,1
20257,0
20258,1
20259,0
20260,0
20261,0
20262,1
20263,0
20264,1
20265,1
20266,1
20267,1
20268,2
20269,0
20270,0
20271,0
20272,0
20273,0
20274,0
20275,0
20276,1
20277,1
20278,2
20279,2
20280,2
20281,1
20282,2
20283,2
20284,1
20285,2
20286,0
20287,1
20288,0
20289,1
20290,1
20291,1
20292,2
20293,1
20294,2
20295,3
20296,1
20297,1
20298,2
20299,2
20300,1
20301,1
20302,1
20303,1
20304,0
20305,2
20306,1
20307,1
20308,1
20309,0
20310,0
20311,1
20312,0
20313,0
20314,0
20315,2
20316,1
20317,0
20318,0
20319,0
20320,1
20321,1
20322,2
20323,1
20324,1
20325,2
20326,0
20327,0
20328,2
20329,1
20330,1
20331,1
20332,0
20333,0
20334,1
20335,1
20336,1
20337,1
20338,1
20339,0
20340,0
20341,0
20342,0
20343,1
20344,1
20345,1
20346,0
20347,2
20348,1
20349,1
20350,1
20351,1
20352,1
20353,1
20354,0
20355,0
20356,0
20357,0
20358,0
20359,0
20360,0
20361,1
20362,0
20363,0
20364,0
20365,1
20366,2
20367,3
20368,1
20369,1
20370,1
20371,2
20372,2
20373,2
20374,0
20375,1
20376,1
20377,2
20378,1
20379,1
20380,2
20381,0
20382,0
20383,0
20384,0
20385,1
20386,1
20387,1
20388,1
20389,1
20390,2
20391,2
20392,2
20393,1
20394,1
20395,1
20396,1
20397,2
20398,1
20399,1
20400,0
20401,1
20402,1
20403,0
20404,1
20405,0
20406,0
20407,1
20408,1
20409,1
20410,0
20411,1
20412,1
20413,0
20414,0
20415,0
20416,1
20417,2
20418,1
20419,1
20420,1
20421,2
20422,2
20423,2
20424,2
20425,1
20426,1
20427,1
20428,1
20429,1
20430,1
20431,1
20432,0
20433,1
20434,0
20435,0
20436,0
20437,0
20438,0
20439,0
20440,0
20441,1
20442,1
20443,0
20444,0
20445,0
20446,1
20447,1
20448,2
20449,2
20450,2
20451,1
20452,2
20453,1
20454,1
20455,1
20456,1
20457,2
20458,3
20459,1
20460,1
20461,0
20462,0
20463,0
20464,0
20465,1
20466,1
20467,0
20468,0
20469,0
20470,1
20471,1
20472,2
20473,0
20474,0
20475,1
20476,1
20477,0
20478,0
20479,0
20480,2
20481,2
20482,1
20483,1
20484,1
20485,1
20486,1
20487,1
20488,0
20489,0
20490,2
20491,1
20492,1
20493,0
20494,1
20495,0
20496,0
20497,1
20498,2
20499,1
20500,1
20501,1
20502,0
20503,0
20504,0
20505,0
20506,0
20507,0
20508,2
20509,3
20510,3
20511,1
20512,1
20513,0
20514,0
20515,0
20516,0
20517,1
20518,1
20519,0
20520,0
20521,0
20522,0
20523,0
20524,0
20525,2
20526,2
20527,1
20528,0
20529,0
20530,0
20531,1
20532,1
20533,1
20534,1
20535,1
20536,1
20537,3
20538,3
20539,2
20540,3
20541,3
20542,2
20543,1
20544,0
20545,1
20546,1
20547,1
20548,0
20549,0
20550,2
20551,1
20552,0
20553,0
20554,0
20555,0
20556,0
20557,0
20558,1
20559,1
20560,1
20561,0
20562,0
20563,0
20564,1
20565,1
20566,1
20567,1
20568,1
20569,2
20570,2
20571,1
20572,4
20573,1
20574,0
20575,0
20576,0
20577,1
20578,0
20579,0
20580,1
20581,0
20582,1
20583,1
20584,1
20585,0
20586,0
20587,2
20588,1
20589,2
20590,1
20591,1
20592,1
20593,1
20594,2
20595,3
20596,3
20597,2
20598,2
20599,0
20600,1
20601,1
20602,1
20603,0
20604,1
20605,0
20606,0
20607,0
20608,1
20609,0
20610,0
20611,0
20612,0
20613,1
20614,0
20615,1
20616,3
20617,2
20618,1
20619,1
20620,1
20621,1
20622,1
20623,2
20624,2
20625,2
20626,1
20627,2
20628,2
20629,0
20630,1
20631,0
20632,0
20633,0
20634,1
20635,1
20636,0
20637,0
20638,0
20639,0
20640,0
20641,1
20642,1
20643,1
20644,1
20645,1
20646,2
20647,2
20648,2
20649,1
20650,1
20651,1
20652,2
20653,3
20654,1
20655,1
20656,1
20657,1
20658,1
20659,2
20660,0
20661,0
20662,0
20663,0
20664,0
20665,0
20666,0
20667,1
20668,1
20669,1
20670,1
20671,1
20672,1
20673,2
20674,1
20675,1
20676,1
20677,0
20678,0
20679,0
20680,1
20681,0
20682,0
20683,0
20684,1
20685,0
20686,0
20687,0
20688,0
20689,1
20690,1
20691,1
20692,1
20693,1
20694,1
20695,1
20696,2
20697,4
20698,1
20699,1
20700,1
20701,1
20702,2
20703,1
20704,2
20705,0
20706,1
20707,1
20708,2
20709,2
20710,1
20711,1
20712,1
20713,1
20714,1
20715,0
20716,1
20717,0
20718,0
20719,1
20720,0
20721,0
20722,0
20723,0
20724,2
20725,3
20726,3
20727,1
20728,0
20729,0
20730,1
20731,0
20732,0
20733,1
20734,1
20735,2
20736,1
20737,2
20738,1
20739,0
20740,0
20741,1
20742,3
20743,2
20744,2
20745,3
20746,2
20747,1
20748,1
20749,2
20750,2
20751,2
20752,1
20753,0
20754,0
20755,1
20756,0
20757,0
20758,0
20759,0
20760,0
20761,0
20762,1
20763,1
20764,1
20765,1
20766,0
20767,1
20768,0
20769,0
20770,0
20771,0
20772,0
20773,1
20774,1
20775,2
20776,1
20777,0
20778,0
20779,0
20780,0
20781,3
20782,3
20783,2
20784,2
20785,1
20786,2
20787,1
20788,0
20789,1
20790,1
20791,0
20792,0
20793,0
20794,2
20795,1
20796,1
20797,0
20798,0
20799,0
20800,2
20801,1
20802,1
20803,0
20804,1
20805,0
20806,0
20807,0
20808,0
20809,1
20810,1
20811,0
20812,0
20813,0
20814,1
20815,0
20816,1
20817,2
20818,1
20819,1
20820,1
20821,1
20822,1
20823,2
20824,1
20825,1
20826,0
20827,1
20828,1
20829,0
20830,3
20831,2
20832,2
20833,1
20834,1
20835,1
20836,1
20837,0
20838,0
20839,0
20840,0
20841,1
20842,1
20843,2
20844,1
20845,0
20846,1
20847,0
20848,0
20849,0
20850,0
20851,0
20852,0
20853,2
20854,2
20855,1
20856,1
20857,1
20858,1
20859,1
20860,1
20861,0
20862,2
20863,2
20864,1
20865,0
20866,0
20867,0
20868,0
20869,0
20870,0
20871,0
20872,0
20873,0
20874,2
20875,2
20876,3
20877,1
20878,1
20879,1
20880,1
20881,2
20882,2
20883,2
20884,2
20885,2
20886,0
20887,0
20888,0
20889,0
20890,1
20891,1
20892,1
20893,2
20894,0
20895,0
20896,0
20897,0
20898,1
20899,0
20900,2
20901,2
20902,2
20903,1
20904,1
20905,1
20906,3
20907,3
20908,1
20909,1
20910,0
20911,1
20912,1
20913,2
20914,1
20915,1
20916,0
20917,1
20918,0
20919,1
20920,0
20921,0
20922,0
20923,1
20924,1
20925,1
20926,0
20927,0
20928,0
20929,1
20930,0
20931,1
20932,1
20933,2
20934,2
20935,2
20936,2
20937,3
20938,1
20939,1
20940,0
20941,1
20942,1
20943,0
20944,1
20945,1
20946,1
20947,1
20948,0
20949,0
20950,1
20951,1
20952,0
20953,1
20954,1
20955,3
20956,3
20957,0
20958,0
20959,0
20960,1
20961,1
20962,1
20963,1
20964,1
20965,2
20966,1
20967,1
20968,1
20969,1
20970,1
20971,0
20972,0
20973,0
20974,1
20975,3
20976,1
20977,0
20978,0
20979,0
20980,0
20981,2
20982,1
20983,1
20984,1
20985,1
20986,1
20987,1
20988,0
20989,0
20990,0
20991,1
20992,0
20993,0
20994,1
20995,0
20996,1
20997,1
20998,0
20999,2
21000,1
21001,3
21002,3
21003,2
21004,3
21005,2
21006,2
21007,2
21008,0
21009,0
21010,1
21011,1
21012,2
21013,2
21014,1
21015,1
21016,1
21017,1
21018,0
21019,0
21020,0
21021,0
21022,0
21023,0
21024,1
21025,0
21026,0
21027,0
21028,0
21029,0
21030,0
21031,1
21032,1
21033,1
21034,1
21035,1
21036,0
21037,0
21038,0
21039,0
21040,1
21041,1
21042,2
21043,1
21044,2
21045,2
21046,2
21047,1
21048,1
21049,2
21050,1
21051,2
21052,1
21053,0
21054,0
21055,1
21056,0
21057,0
21058,0
21059,0
21060,1
21061,1
21062,1
21063,1
21064,1
21065,2
21066,1
21067,3
21068,1
21069,1
21070,3
21071,2
21072,2
21073,2
21074,1
21075,0
21076,0
21077,0
21078,0
21079,0
21080,0
21081,0
21082,0
21083,0
21084,0
21085,1
21086,1
21087,1
21088,2
21089,1
21090,2
21091,0
21092,1
21093,1
21094,1
21095,1
21096,3
21097,1
21098,1
21099,1
21100,1
21101,0
21102,1
21103,0
21104,0
21105,0
21106,0
21107,0
21108,0
21109,0
21110,2
21111,1
21112,0
21113,0
21114,1
21115,1
21116,1
21117,1
21118,0
21119,3
21120,1
21121,1
21122,1
21123,1
21124,1
21125,0
21126,1
21127,1
21128,1
21129,1
21130,3
21131,2
21132,1
21133,1
21134,0
21135,0
21136,2
21137,2
21138,1
21139,1
21140,1
21141,1
21142,1
21143,2
21144,1
21145,1
21146,0
21147,0
21148,0
21149,0
21150,0
21151,0
21152,0
21153,1
21154,1
21155,1
21156,1
21157,1
21158,2
21159,2
21160,1
21161,1
21162,3
21163,3
21164,0
21165,1
21166,0
21167,0
21168,1
21169,2
21170,1
21171,1
21172,0
21173,0
21174,1
21175,0
21176,0
21177,0
21178,0
21179,0
21180,1
21181,1
21182,0
21183,0
21184,1
21185,1
21186,0
21187,0
21188,0
21189,1
21190,1
21191,0
21192,0
21193,1
21194,1
21195,0
21196,2
21197,2
21198,1
21199,1
21200,2
21201,2
21202,1
21203,0
21204,0
21205,0
21206,0
21207,1
21208,2
21209,3
21210,3
21211,0
21212,0
21213,1
21214,1
21215,1
21216,1
21217,1
21218,1
21219,1
21220,1
21221,1
21222,1
21223,1
21224,1
21225,2
21226,1
21227,1
21228,1
21229,0
21230,0
21231,0
21232,1
21233,1
21234,0
21235,0
21236,0
21237,1
21238,0
21239,0
21240,1
21241,1
21242,1
21243,2
21244,2
21245,2
21246,0
21247,1
21248,0
21249,1
21250,1
21251,1
21252,1
21253,0
21254,1
21255,1
21256,1
21257,1
21258,1
21259,3
21260,2
21261,2
21262,0
21263,0
21264,1
21265,1
21266,1
21267,1
21268,1
21269,1
21270,0
21271,0
21272,1
21273,0
21274,0
21275,0
21276,1
21277,1
21278,1
21279,2
21280,0
21281,0
21282,0
21283,0
21284,1
21285,0
21286,0
21287,1
21288,0
21289,0
21290,1
21291,1
21292,2
21293,1
21294,2
21295,3
21296,1
21297,2
21298,2
21299,2
21300,2
21301,2
21302,0
21303,0
21304,1
21305,0
21306,0
21307,0
21308,0
21309,1
21310,1
21311,1
21312,2
21313,2
21314,1
21315,2
21316,1
21317,0
21318,0
21319,0
21320,0
21321,0
21322,0
21323,0
21324,0
21325,0
21326,1
21327,1
21328,1
21329,2
21330,0
21331,2
21332,3
21333,1
21334,1
21335,1
21336,0
21337,1
21338,0
21339,1
21340,1
21341,1
21342,1
21343,2
21344,0
21345,1
21346,1
21347,2
21348,1
21349,2
21350,2
21351,2
21352,0
21353,0
21354,0
21355,0
21356,1
21357,1
21358,0
21359,0
21360,0
21361,0
21362,1
21363,0
21364,0
21365,3
21366,1
21367,0
21368,1
21369,1
21370,1
21371,1
21372,0
21373,1
21374,1
21375,2
21376,1
21377,1
21378,2
21379,1
21380,0
21381,0
21382,0
21383,0
21384,0
21385,1
21386,1
21387,1
21388,1
21389,3
21390,2
21391,3
21392,2
21393,3
21394,2
21395,1
21396,0
21397,0
21398,2
21399,0
21400,0
21401,0
21402,0
21403,0
21404,0
21405,0
21406,1
21407,0
21408,1
21409,0
21410,0
21411,1
21412,1
21413,0
21414,1
21415,1
21416,0
21417,1
21418,1
21419,0
21420,0
21421,0
21422,1
21423,2
21424,1
21425,1
21426,1
21427,1
21428,1
21429,0
21430,1
21431,0
21432,1
21433,2
21434,2
21435,2
21436,2
21437,1
21438,1
21439,1
21440,1
21441,1
21442,2
21443,1
21444,1
21445,1
21446,2
21447,1
21448,1
21449,1
21450,2
21451,1
21452,1
21453,1
21454,0
21455,0
21456,2
21457,2
21458,3
21459,3
21460,1
21461,1
21462,0
21463,0
21464,0
21465,0
21466,0
21467,0
21468,2
21469,0
21470,0
21471,0
21472,2
21473,2
21474,2
21475,1
21476,2
21477,2
21478,2
21479,1
21480,1
21481,0
21482,0
21483,0
21484,0
21485,0
21486,0
21487,0
21488,1
21489,1
21490,1
21491,2
21492,1
21493,0
21494,0
21495,1
21496,2
21497,1
21498,0
21499,1
21500,1
21501,1
21502,1
21503,1
21504,1
21505,1
21506,1
21507,1
21508,1
21509,1
21510,1
21511,1
21512,0
21513,0
21514,0
21515,0
21516,1
21517,1
21518,2
21519,2
21520,1
21521,1
21522,1
21523,2
21524,2
21525,2
21526,1
21527,0
21528,1
21529,1
21530,1
21531,1
21532,0
21533,0
21534,1
21535,0
21536,1
21537,0
21538,1
21539,1
21540,1
21541,0
21542,1
21543,1
21544,0
21545,0
21546,0
21547,0
21548,0
21549,1
21550,2
21551,2
21552,0
21553,0
21554,1
21555,1
21556,2
21557,2
21558,0
21559,0
21560,1
21561,1
21562,1
21563,2
21564,1
21565,1
21566,1
21567,2
21568,0
21569,0
21570,1
21571,0
21572,1
21573,0
21574,1
21575,1
21576,1
21577,0
21578,1
21579,1
21580,1
21581,1
21582,1
21583,0
21584,0
21585,0
21586,0
21587,1
21588,1
21589,1
21590,2
21591,2
21592,2
21593,1
21594,3
21595,1
21596,1
21597,0
21598,1
21599,0
21600,0
21601,1
21602,1
21603,1
21604,1
21605,2
21606,1
21607,2
21608,0
21609,1
21610,2
21611,1
21612,1
21613,1
21614,1
21615,1
21616,2
21617,0
21618,1
21619,0
21620,1
21621,0
21622,0
21623,1
21624,2
21625,0
21626,0
21627,0
21628,0
21629,0
21630,0
21631,1
21632,0
21633,1
21634,1
21635,1
21636,1
21637,1
21638,1
21639,3
21640,2
21641,2
21642,0
21643,1
21644,2
21645,3
21646,2
21647,0
21648,0
21649,1
21650,1
21651,0
21652,0
21653,0
21654,0
21655,0
21656,1
21657,0
21658,0
21659,0
21660,0
21661,1
21662,1
21663,0
21664,1
21665,1
21666,2
21667,1
21668,1
21669,0
21670,0
21671,0
21672,0
21673,1
21674,1
21675,1
21676,0
21677,1
21678,0
21679,0
21680,1
21681,1
21682,2
21683,1
21684,1
21685,2
21686,2
21687,1
21688,1
21689,0
21690,0
21691,2
21692,1
21693,1
21694,1
21695,1
21696,1
21697,1
21698,1
21699,1
21700,3
21701,2
21702,3
21703,1
21704,0
21705,0
21706,1
21707,0
21708,0
21709,1
21710,1
21711,0
21712,0
21713,1
21714,0
21715,1
21716,0
21717,0
21718,0
21719,1
21720,0
21721,0
21722,2
21723,1
21724,1
21725,1
21726,2
21727,1
21728,0
21729,1
21730,1
21731,1
21732,1
21733,0
21734,1
21735,1
21736,0
21737,1
21738,1
21739,1
21740,2
21741,2
21742,1
21743,1
21744,1
21745,1
21746,0
21747,0
21748,2
21749,0
21750,1
21751,2
21752,0
21753,0
21754,0
21755,1
21756,1
21757,1
21758,1
21759,0
21760,1
21761,1
21762,2
21763,2
21764,4
21765,1
21766,0
21767,1
21768,1
21769,1
21770,1
21771,0
21772,1
21773,2
21774,0
21775,0
21776,0
21777,0
21778,1
21779,0
21780,1
21781,1
21782,1
21783,0
21784,0
21785,0
21786,0
21787,2
21788,0
21789,1
21790,1
21791,1
21792,1
21793,2
21794,0
21795,1
21796,1
21797,0
21798,1
21799,2
21800,1
21801,1
21802,1
21803,2
21804,0
21805,2
21806,1
21807,0
21808,0
21809,0
21810,0
21811,0
21812,1
21813,2
21814,1
21815,0
21816,1
21817,0
21818,0
21819,0
21820,1
21821,2
21822,2
21823,1
21824,0
21825,0
21826,0
21827,0
21828,1
21829,1
21830,1
21831,2
21832,1
21833,1
21834,1
21835,1
21836,1
21837,1
21838,2
21839,1
21840,0
21841,1
21842,1
21843,1
21844,1
21845,2
21846,2
21847,2
21848,1
21849,0
21850,1
21851,1
21852,0
21853,1
21854,0
21855,0
21856,1
21857,2
21858,1
21859,2
21860,2
21861,0
21862,1
21863,2
21864,3
21865,4
21866,2
21867,2
21868,0
21869,0
21870,0
21871,0
21872,0
21873,1
21874,1
21875,1
21876,0
21877,1
21878,0
21879,0
21880,0
21881,0
21882,0
21883,0
21884,0
21885,0
21886,1
21887,0
21888,2
21889,0
21890,0
21891,2
21892,1
21893,1
21894,2
21895,2
21896,0
21897,0
21898,1
21899,0
21900,0
21901,0
21902,0
21903,2
21904,1
21905,1
21906,1
21907,0
21908,0
21909,1
21910,1
21911,0
21912,0
21913,2
21914,3
21915,2
21916,1
21917,1
21918,1
21919,2
21920,1
21921,2
21922,2
21923,1
21924,1
21925,2
21926,2
21927,0
21928,0
21929,0
21930,1
21931,1
21932,0
21933,2
21934,2
21935,0
21936,0
21937,0
21938,0
21939,1
21940,0
21941,1
21942,1
21943,1
21944,1
21945,1
21946,0
21947,1
21948,0
21949,1
21950,1
21951,1
21952,0
21953,0
21954,0
21955,0
21956,2
21957,1
21958,1
21959,1
21960,1
21961,0
21962,1
21963,2
21964,2
21965,1
21966,1
21967,1
21968,0
21969,1
21970,2
21971,1
21972,0
21973,2
21974,1
21975,2
21976,1
21977,1
21978,1
21979,0
21980,1
21981,0
21982,0
21983,0
21984,0
21985,0
21986,1
21987,1
21988,0
21989,0
21990,1
21991,1
21992,0
21993,2
21994,0
21995,0
21996,1
21997,0
21998,1
21999,1
22000,0
22001,1
22002,0
22003,1
22004,0
22005,0
22006,0
22007,1
22008,1
22009,1
22010,1
22011,1
22012,2
22013,4
22014,4
22015,2
22016,0
22017,0
22018,1
22019,0
22020,1
22021,2
22022,1
22023,2
22024,1
22025,1
22026,0
22027,1
22028,1
22029,0
22030,1
22031,0
22032,1
22033,1
22034,1
22035,1
22036,1
22037,1
22038,2
22039,1
22040,1
22041,0
22042,1
22043,1
22044,1
22045,1
22046,1
22047,1
22048,0
22049,2
22050,2
22051,0
22052,1
22053,1
22054,2
22055,1
22056,1
22057,0
22058,0
22059,0
22060,0
22061,0
22062,1
22063,0
22064,1
22065,1
22066,1
22067,1
22068,1
22069,1
22070,2
22071,2
22072,2
22073,1
22074,0
22075,0
22076,1
22077,1
22078,0
22079,0
22080,0
22081,0
22082,1
22083,1
22084,1
22085,1
22086,0
22087,0
22088,0
22089,3
22090,1
22091,1
22092,1
22093,1
22094,1
22095,2
22096,1
22097,2
22098,3
22099,0
22100,0
22101,0
22102,0
22103,1
22104,1
22105,1
22106,1
22107,1
22108,1
22109,0
22110,0
22111,1
22112,0
22113,0
22114,0
22115,0
22116,2
22117,0
22118,1
22119,1
22120,2
22121,2
22122,1
22123,1
22124,1
22125,1
22126,0
22127,1
22128,1
22129,1
22130,1
22131,1
22132,2
22133,1
22134,0
22135,1
22136,1
22137,1
22138,0
22139,0
22140,1
22141,1
22142,2
22143,1
22144,0
22145,0
22146,1
22147,0
22148,0
22149,1
22150,1
22151,1
22152,2
22153,2
22154,0
22155,0
22156,0
22157,2
22158,2
22159,1
22160,2
22161,2
22162,1
22163,1
22164,1
22165,1
22166,2
22167,2
22168,0
22169,0
22170,1
22171,0
22172,1
22173,1
22174,1
22175,0
22176,0
22177,1
22178,1
22179,0
22180,1
22181,0
22182,0
22183,1
22184,0
22185,0
22186,0
22187,0
22188,0
22189,0
22190,1
22191,1
22192,1
22193,2
22194,1
22195,2
22196,1
22197,1
22198,1
22199,1
22200,1
22201,1
22202,2
22203,3
22204,1
22205,1
22206,1
22207,1
22208,0
22209,1
22210,1
22211,1
22212,1
22213,0
22214,1
22215,1
22216,1
22217,2
22218,2
22219,2
22220,0
22221,1
22222,2
22223,3
22224,1
22225,2
22226,0
22227,0
22228,1
22229,0
22230,1
22231,0
22232,0
22233,0
22234,0
22235,0
22236,1
22237,0
22238,1
22239,0
22240,1
22241,2
22242,2
22243,2
22244,2
22245,2
22246,1
22247,1
22248,1
22249,1
22250,1
22251,1
22252,0
22253,1
22254,1
22255,1
22256,0
22257,0
22258,0
22259,0
22260,0
22261,2
22262,2
22263,2
22264,0
22265,0
22266,1
22267,0
22268,1
22269,1
22270,2
22271,0
22272,3
22273,2
22274,1
22275,1
22276,3
22277,1
22278,1
22279,0
22280,0
22281,0
22282,0
22283,0
22284,2
22285,0
22286,2
22287,2
22288,0
22289,0
22290,1
22291,1
22292,1
22293,1
22294,0
22295,1
22296,0
22297,0
22298,1
22299,1
22300,1
22301,1
22302,1
22303,2
22304,1
22305,2
22306,2
22307,1
22308,1
22309,1
22310,0
22311,1
22312,1
22313,1
22314,1
22315,1
22316,1
22317,2
22318,1
22319,0
22320,0
22321,1
22322,0
22323,1
22324,1
22325,2
22326,2
22327,1
22328,0
22329,2
22330,1
22331,1
22332,0
22333,1
22334,1
22335,1
22336,2
22337,2
22338,0
22339,0
22340,2
22341,0
22342,0
22343,0
22344,0
22345,2
22346,0
22347,1
22348,1
22349,0
22350,0
22351,0
22352,0
22353,1
22354,1
22355,1
22356,1
22357,0
22358,0
22359,0
22360,0
22361,1
22362,2
22363,1
22364,2
22365,2
22366,0
22367,2
22368,1
22369,0
22370,1
22371,1
22372,3
22373,2
22374,1
22375,3
22376,3
22377,4
22378,3
22379,1
22380,1
22381,2
22382,0
22383,0
22384,0
22385,1
22386,0
22387,0
22388,1
22389,0
22390,0
22391,0
22392,0
22393,0
22394,0
22395,0
22396,0
22397,0
22398,0
22399,0
22400,0
22401,1
22402,0
22403,1
22404,2
22405,2
22406,1
22407,2
22408,1
22409,1
22410,1
22411,2
22412,2
22413,2
22414,1
22415,1
22416,0
22417,0
22418,0
22419,0
22420,0
22421,1
22422,0
22423,0
22424,0
22425,0
22426,1
22427,1
22428,1
22429,1
22430,1
22431,1
22432,1
22433,1
22434,1
22435,1
22436,2
22437,1
22438,0
22439,0
22440,0
22441,1
22442,1
22443,1
22444,0
22445,0
22446,1
22447,1
22448,1
22449,1
22450,1
22451,1
22452,0
22453,1
22454,1
22455,1
22456,2
22457,2
22458,1
22459,1
22460,2
22461,2
22462,0
22463,0
22464,1
22465,0
22466,1
22467,1
22468,2
22469,2
22470,2
22471,2
22472,1
22473,1
22474,2
22475,1
22476,1
22477,1
22478,0
22479,0
22480,1
22481,1
22482,0
22483,1
22484,0
22485,0
22486,1
22487,1
22488,0
22489,0
22490,0
22491,1
22492,0
22493,1
22494,0
22495,0
22496,1
22497,1
22498,1
22499,2
22500,1
22501,0
22502,0
22503,0
22504,1
22505,2
22506,1
22507,0
22508,1
22509,0
22510,0
22511,1
22512,1
22513,1
22514,1
22515,1
22516,1
22517,1
22518,1
22519,0
22520,1
22521,1
22522,1
22523,1
22524,1
22525,2
22526,1
22527,1
22528,1
22529,0
22530,0
22531,1
22532,0
22533,0
22534,0
22535,0
22536,0
22537,1
22538,1
22539,1
22540,0
22541,1
22542,1
22543,1
22544,1
22545,2
22546,1
22547,1
22548,1
22549,1
22550,1
22551,2
22552,1
22553,1
22554,1
22555,0
22556,2
22557,1
22558,1
22559,0
22560,1
22561,0
22562,0
22563,0
22564,0
22565,0
22566,1
22567,1
22568,0
22569,1
22570,2
22571,1
22572,1
22573,1
22574,2
22575,1
22576,1
22577,1
22578,1
22579,1
22580,1
22581,3
22582,1
22583,1
22584,1
22585,0
22586,0
22587,1
22588,1
22589,1
22590,0
22591,1
22592,1
22593,2
22594,3
22595,3
22596,3
22597,1
22598,1
22599,1
22600,3
22601,1
22602,1
22603,0
22604,0
22605,0
22606,0
22607,1
22608,0
22609,0
22610,0
22611,0
22612,1
22613,0
22614,0
22615,0
22616,0
22617,0
22618,0
22619,1
22620,1
22621,1
22622,3
22623,1
22624,2
22625,1
22626,0
22627,0
22628,0
22629,1
22630,1
22631,1
22632,2
22633,1
22634,0
22635,0
22636,0
22637,0
22638,0
22639,0
22640,0
22641,2
22642,2
22643,1
22644,1
22645,0
22646,0
22647,1
22648,1
22649,1
22650,3
22651,4
22652,1
22653,1
22654,0
22655,1
22656,1
22657,2
22658,4
22659,1
22660,1
22661,1
22662,1
22663,0
22664,1
22665,0
22666,0
22667,1
22668,1
22669,1
22670,1
22671,0
22672,0
22673,0
22674,0
22675,1
22676,2
22677,1
22678,1
22679,0
22680,0
22681,0
22682,2
22683,1
22684,1
22685,1
22686,1
22687,1
22688,1
22689,2
22690,1
22691,1
22692,1
22693,1
22694,1
22695,1
22696,0
22697,0
22698,0
22699,1
22700,0
22701,0
22702,1
22703,1
22704,0
22705,0
22706,1
22707,0
22708,1
22709,1
22710,1
22711,2
22712,1
22713,1
22714,1
22715,1
22716,2
22717,1
22718,2
22719,0
22720,1
22721,1
22722,1
22723,3
22724,2
22725,1
22726,2
22727,1
22728,2
22729,1
22730,2
22731,1
22732,1
22733,1
22734,1
22735,2
22736,2
22737,1
22738,1
22739,0
22740,0
22741,0
22742,0
22743,1
22744,2
22745,1
22746,0
22747,0
22748,0
22749,0
22750,1
22751,0
22752,1
22753,0
22754,0
22755,0
22756,1
22757,0
22758,0
22759,1
22760,3
22761,1
22762,2
22763,2
22764,1
22765,1
22766,1
22767,1
22768,0
22769,0
22770,1
22771,1
22772,1
22773,1
22774,0
22775,1
22776,0
22777,0
22778,1
22779,0
22780,0
22781,1
22782,2
22783,2
22784,1
22785,2
22786,2
22787,1
22788,1
22789,2
22790,2
22791,1
22792,1
22793,1
22794,1
22795,1
22796,1
22797,0
22798,1
22799,2
22800,0
22801,1
22802,0
22803,0
22804,0
22805,0
22806,0
22807,0
22808,1
22809,1
22810,1
22811,1
22812,1
22813,2
22814,1
22815,1
22816,0
22817,0
22818,0
22819,1
22820,1
22821,2
22822,0
22823,0
22824,0
22825,0
22826,0
22827,0
22828,1
22829,1
22830,1
22831,2
22832,1
22833,1
22834,1
22835,1
22836,1
22837,1
22838,3
22839,2
22840,3
22841,1
22842,1
22843,1
22844,1
22845,1
22846,2
22847,1
22848,1
22849,1
22850,1
22851,4
22852,2
22853,2
22854,1
22855,0
22856,1
22857,1
22858,3
22859,2
22860,1
22861,1
22862,0
22863,1
22864,1
22865,0
22866,0
22867,0
22868,0
22869,1
22870,1
22871,1
22872,1
22873,1
22874,0
22875,0
22876,0
22877,0
22878,0
22879,0
22880,1
22881,1
22882,1
22883,0
22884,1
22885,0
22886,1
22887,2
22888,2
22889,0
22890,0
22891,0
22892,0
22893,0
22894,0
22895,2
22896,1
22897,0
22898,1
22899,1
22900,1
22901,0
22902,0
22903,1
22904,0
22905,2
22906,3
22907,2
22908,2
22909,1
22910,1
22911,1
22912,0
22913,0
22914,0
22915,0
22916,0
22917,0
22918,1
22919,1
22920,0
22921,0
22922,2
22923,1
22924,2
22925,2
22926,1
22927,1
22928,2
22929,2
22930,1
22931,3
22932,1
22933,0
22934,0
22935,1
22936,0
22937,0
22938,0
22939,1
22940,0
22941,0
22942,0
22943,2
22944,1
22945,1
22946,0
22947,0
22948,0
22949,0
22950,0
22951,0
22952,1
22953,0
22954,3
22955,1
22956,3
22957,2
22958,2
22959,1
22960,2
22961,3
22962,1
22963,1
22964,2
22965,0
22966,0
22967,0
22968,0
22969,0
22970,1
22971,1
22972,0
22973,0
22974,0
22975,0
22976,1
22977,1
22978,1
22979,1
22980,1
22981,0
22982,0
22983,0
22984,0
22985,1
22986,2
22987,3
22988,3
22989,0
22990,0
22991,1
22992,1
22993,0
22994,0
22995,0
22996,0
22997,0
22998,1
22999,2
23000,1
23001,1
23002,1
23003,2
23004,2
23005,1
23006,0
23007,1
23008,2
23009,1
23010,1
23011,0
23012,0
23013,0
23014,2
23015,0
23016,1
23017,0
23018,0
23019,0
23020,0
23021,0
23022,2
23023,1
23024,2
23025,1
23026,2
23027,2
23028,1
23029,2
23030,0
23031,0
23032,0
23033,0
23034,1
23035,1
23036,1
23037,0
23038,1
23039,2
23040,1
23041,1
23042,1
23043,1
23044,1
23045,1
23046,2
23047,2
23048,0
23049,1
23050,0
23051,0
23052,1
23053,2
23054,1
23055,0
23056,0
23057,0
23058,1
23059,1
23060,0
23061,1
23062,0
23063,3
23064,2
23065,1
23066,1
23067,1
23068,0
23069,0
23070,0
23071,1
23072,2
23073,2
23074,3
23075,0
23076,0
23077,0
23078,0
23079,0
23080,0
23081,0
23082,1
23083,1
23084,1
23085,1
23086,1
23087,0
23088,2
23089,4
23090,2
23091,1
23092,0
23093,1
23094,0
23095,0
23096,0
23097,0
23098,2
23099,1
23100,1
23101,0
23102,0
23103,0
23104,1
23105,2
23106,2
23107,2
23108,2
23109,1
23110,2
23111,2
23112,0
23113,1
23114,2
23115,1
23116,0
23117,1
23118,1
23119,0
23120,0
23121,0
23122,0
23123,0
23124,0
23125,1
23126,1
23127,0
23128,0
23129,1
23130,2
23131,1
23132,0
23133,0
23134,0
23135,0
23136,1
23137,0
23138,1
23139,3
23140,2
23141,2
23142,2
23143,2
23144,3
23145,1
23146,2
23147,0
23148,0
23149,1
23150,0
23151,1
23152,1
23153,0
23154,1
23155,0
23156,1
23157,1
23158,0
23159,0
23160,0
23161,0
23162,1
23163,0
23164,0
23165,0
23166,1
23167,2
23168,1
23169,0
23170,0
23171,0
23172,0
23173,1
23174,1
23175,1
23176,1
23177,1
23178,1
23179,2
23180,1
23181,1
23182,2
23183,0
23184,0
23185,0
23186,0
23187,0
23188,1
23189,2
23190,3
23191,0
23192,3
23193,2
23194,1
23195,0
23196,0
23197,0
23198,0
23199,0
23200,0
23201,0
23202,1
23203,1
23204,1
23205,0
23206,0
23207,0
23208,0
23209,0
23210,0
23211,1
23212,1
23213,1
23214,0
23215,2
23216,2
23217,2
23218,3
23219,4
23220,1
23221,1
23222,0
23223,0
23224,1
23225,1
23226,1
23227,1
23228,1
23229,0
23230,0
23231,0
23232,1
23233,1
23234,1
23235,1
23236,1
23237,2
23238,4
23239,1
23240,2
23241,3
23242,3
23243,1
23244,0
23245,0
23246,0
23247,0
23248,1
23249,0
23250,0
23251,0
23252,0
23253,1
23254,0
23255,1
23256,1
23257,0
23258,0
23259,1
23260,1
23261,1
23262,0
23263,0
23264,1
23265,0
23266,0
23267,0
23268,0
23269,1
23270,1
23271,1
23272,0
23273,1
23274,1
23275,0
23276,0
23277,0
23278,0
23279,1
23280,0
23281,1
23282,2
23283,2
23284,1
23285,2
23286,2
23287,1
23288,2
23289,0
23290,1
23291,1
23292,1
23293,1
23294,1
23295,1
23296,2
23297,1
23298,1
23299,1
23300,1
23301,1
23302,0
23303,1
23304,1
23305,1
23306,0
23307,1
23308,0
23309,1
23310,1
23311,1
23312,0
23313,0
23314,1
23315,2
23316,1
23317,1
23318,0
23319,1
23320,1
23321,1
23322,0
23323,0
23324,2
23325,2
23326,2
23327,1
23328,1
23329,2
23330,2
23331,2
23332,0
23333,0
23334,1
23335,1
23336,1
23337,0
23338,2
23339,1
23340,1
23341,1
23342,1
23343,1
23344,2
23345,2
23346,1
23347,1
23348,0
23349,0
23350,1
23351,2
23352,2
23353,1
23354,0
23355,0
23356,0
23357,0
23358,1
23359,0
23360,1
23361,1
23362,1
23363,0
23364,2
23365,3
23366,2
23367,1
23368,3
23369,3
23370,1
23371,2
23372,0
23373,1
23374,0
23375,1
23376,1
23377,1
23378,1
23379,1
23380,1
23381,0
23382,0
23383,0
23384,0
23385,0
23386,0
23387,0
23388,0
23389,0
23390,0
23391,0
23392,1
23393,1
23394,1
23395,2
23396,1
23397,0
23398,0
23399,0
23400,0
23401,0
23402,0
23403,0
23404,2
23405,2
23406,3
23407,2
23408,1
23409,1
23410,1
23411,1
23412,2
23413,2
23414,2
23415,1
23416,1
23417,0
23418,1
23419,0
23420,0
23421,0
23422,0
23423,0
23424,0
23425,0
23426,1
23427,0
23428,0
23429,0
23430,0
23431,0
23432,0
23433,1
23434,1
23435,1
23436,1
23437,1
23438,1
23439,0
23440,2
23441,1
23442,0
23443,1
23444,0
23445,1
23446,1
23447,1
23448,1
23449,1
23450,1
23451,1
23452,2
23453,1
23454,2
23455,1
23456,2
23457,2
23458,2
23459,3
23460,2
23461,0
23462,1
23463,1
23464,1
23465,0
23466,0
23467,1
23468,1
23469,2
23470,2
23471,1
23472,0
23473,0
23474,0
23475,1
23476,1
23477,1
23478,0
23479,0
23480,0
23481,0
23482,1
23483,1
23484,1
23485,1
23486,0
23487,2
23488,1
23489,0
23490,0
23491,1
23492,1
23493,1
23494,2
23495,2
23496,2
23497,2
23498,2
23499,0
23500,1
23501,1
23502,1
23503,1
23504,0
23505,1
23506,1
23507,1
23508,0
23509,0
23510,0
23511,0
23512,0
23513,1
23514,1
23515,1
23516,1
23517,1
23518,1
23519,1
23520,1
23521,1
23522,0
23523,0
23524,0
23525,1
23526,2
23527,1
23528,0
23529,0
23530,1
23531,1
23532,1
23533,2
23534,3
23535,0
23536,0
23537,0
23538,1
23539,2
23540,1
23541,1
23542,0
23543,0
23544,0
23545,0
23546,0
23547,2
23548,1
23549,1
23550,0
23551,0
23552,1
23553,1
23554,3
23555,2
23556,3
23557,2
23558,1
23559,1
23560,1
23561,1
23562,1
23563,1
23564,1
23565,0
23566,0
23567,0
23568,0
23569,0
23570,0
23571,0
23572,0
23573,0
23574,1
23575,0
23576,1
23577,1
23578,0
23579,0
23580,1
23581,0
23582,1
23583,1
23584,0
23585,0
23586,0
23587,1
23588,3
23589,2
23590,1
23591,2
23592,1
23593,0
23594,0
23595,0
23596,1
23597,1
23598,1
23599,0
23600,1
23601,3
23602,1
23603,1
23604,0
23605,1
23606,1
23607,2
23608,1
23609,0
23610,0
23611,1
23612,1
23613,0
23614,0
23615,1
23616,0
23617,0
23618,0
23619,1
23620,1
23621,1
23622,1
23623,1
23624,1
23625,1
23626,2
23627,2
23628,0
23629,0
23630,1
23631,2
23632,2
23633,2
23634,2
23635,0
23636,0
23637,1
23638,2
23639,0
23640,0
23641,0
23642,0
23643,0
23644,0
23645,0
23646,0
23647,0
23648,0
23649,1
23650,1
23651,2
23652,2
23653,1
23654,2
23655,2
23656,3
23657,2
23658,1
23659,0
23660,0
23661,1
23662,2
23663,2
23664,2
23665,0
23666,0
23667,0
23668,1
23669,2
23670,1
23671,0
23672,0
23673,0
23674,0
23675,1
23676,1
23677,0
23678,0
23679,0
23680,0
23681,0
23682,1
23683,2
23684,2
23685,1
23686,1
23687,1
23688,1
23689,1
23690,0
23691,0
23692,0
23693,0
23694,1
23695,1
23696,1
23697,1
23698,2
23699,2
23700,1
23701,0
23702,0
23703,0
23704,0
23705,1
23706,0
23707,0
23708,1
23709,1
23710,2
23711,1
23712,0
23713,0
23714,0
23715,0
23716,0
23717,1
23718,0
23719,0
23720,0
23721,2
23722,0
23723,0
23724,2
23725,2
23726,2
23727,2
23728,2
23729,1
23730,2
23731,2
23732,2
23733,1
23734,1
23735,4
23736,1
23737,0
23738,0
23739,0
23740,0
23741,0
23742,0
23743,0
23744,1
23745,1
23746,0
23747,0
23748,0
23749,0
23750,1
23751,1
23752,0
23753,0
23754,1
23755,1
23756,1
23757,1
23758,2
23759,2
23760,1
23761,1
23762,1
23763,2
23764,1
23765,1
23766,1
23767,1
23768,1
23769,1
23770,1
23771,0
23772,0
23773,1
23774,0
23775,1
23776,1
23777,1
23778,2
23779,1
23780,1
23781,0
23782,0
23783,1
23784,1
23785,1
23786,1
23787,2
23788,0
23789,0
23790,4
23791,1
23792,0
23793,1
23794,2
23795,1
23796,2
23797,1
23798,1
23799,1
23800,1
23801,0
23802,0
23803,0
23804,0
23805,0
23806,0
23807,0
23808,1
23809,1
23810,2
23811,3
23812,1
23813,1
23814,1
23815,1
23816,1
23817,1
23818,0
23819,2
23820,0
23821,0
23822,0
23823,0
23824,1
23825,0
23826,0
23827,0
23828,0
23829,0
23830,0
23831,1
23832,2
23833,0
23834,1
23835,2
23836,2
23837,2
23838,2
23839,1
23840,0
23841,0
23842,0
23843,1
23844,1
23845,2
23846,1
23847,0
23848,0
23849,0
23850,0
23851,0
23852,1
23853,0
23854,0
23855,0
23856,1
23857,2
23858,2
23859,0
23860,0
23861,0
23862,2
23863,1
23864,1
23865,1
23866,1
23867,2
23868,2
23869,1
23870,1
23871,1
23872,0
23873,1
23874,0
23875,0
23876,1
23877,0
23878,1
23879,1
23880,1
23881,1
23882,1
23883,1
23884,1
23885,2
23886,3
23887,2
23888,1
23889,0
23890,0
23891,0
23892,0
23893,0
23894,1
23895,1
23896,0
23897,0
23898,1
23899,1
23900,2
23901,1
23902,1
23903,1
23904,1
23905,0
23906,1
23907,0
23908,0
23909,0
23910,0
23911,2
23912,2
23913,1
23914,3
23915,1
23916,1
23917,3
23918,1
23919,0
23920,0
23921,0
23922,2
23923,0
23924,0
23925,0
23926,0
23927,0
23928,0
23929,0
23930,0
23931,1
23932,1
23933,1
23934,2
23935,2
23936,0
23937,2
23938,2
23939,2
23940,0
23941,1
23942,0
23943,1
23944,0
23945,0
23946,0
23947,0
23948,1
23949,1
23950,0
23951,2
23952,2
23953,1
23954,0
23955,0
23956,1
23957,1
23958,2
23959,1
23960,1
23961,1
23962,1
23963,1
23964,0
23965,1
23966,1
23967,0
23968,1
23969,1
23970,1
23971,0
23972,1
23973,1
23974,0
23975,1
23976,1
23977,1
23978,2
23979,2
23980,1
23981,1
23982,1
23983,0
23984,1
23985,0
23986,0
23987,1
23988,1
23989,0
23990,1
23991,0
23992,1
23993,1
23994,1
23995,0
23996,1
23997,1
23998,1
23999,2
24000,0
24001,0
24002,1
24003,1
24004,1
24005,1
24006,1
24007,3
24008,2
24009,0
24010,2
24011,2
24012,1
24013,0
24014,1
24015,2
24016,2
24017,1
24018,4
24019,2
24020,2
24021,0
24022,0
24023,0
24024,0
24025,0
24026,0
24027,0
24028,1
24029,1
24030,1
24031,1
24032,0
24033,0
24034,0
24035,2
24036,2
24037,1
24038,2
24039,2
24040,1
24041,1
24042,2
24043,3
24044,2
24045,0
24046,0
24047,1
24048,0
24049,1
24050,0
24051,0
24052,0
24053,0
24054,1
24055,1
24056,2
24057,2
24058,2
24059,0
24060,0
24061,0
24062,0
24063,1
24064,1
24065,2
24066,1
24067,1
24068,0
24069,0
24070,0
24071,1
24072,1
24073,1
24074,1
24075,1
24076,0
24077,0
24078,0
24079,0
24080,1
24081,1
24082,2
24083,1
24084,1
24085,2
24086,0
24087,1
24088,1
24089,2
24090,3
24091,0
24092,1
24093,1
24094,1
24095,1
24096,0
24097,0
24098,0
24099,1
24100,3
24101,0
24102,0
24103,1
24104,1
24105,1
24106,3
24107,2
24108,2
24109,1
24110,1
24111,1
24112,2
24113,0
24114,0
24115,0
24116,0
24117,0
24118,0
24119,0
24120,1
24121,0
24122,1
24123,0
24124,1
24125,0
24126,0
24127,1
24128,1
24129,1
24130,1
24131,0
24132,0
24133,0
24134,0
24135,0
24136,1
24137,1
24138,2
24139,1
24140,1
24141,2
24142,2
24143,1
24144,1
24145,1
24146,1
24147,0
24148,2
24149,1
24150,1
24151,1
24152,0
24153,0
24154,1
24155,1
24156,1
24157,1
24158,1
24159,1
24160,2
24161,2
24162,1
24163,1
24164,2
24165,1
24166,0
24167,1
24168,2
24169,2
24170,0
24171,1
24172,1
24173,1
24174,1
24175,0
24176,0
24177,0
24178,0
24179,1
24180,1
24181,1
24182,1
24183,0
24184,1
24185,2
24186,1
24187,1
24188,0
24189,0
24190,2
24191,1
24192,0
24193,0
24194,1
24195,0
24196,1
24197,2
24198,1
24199,1
24200,1
24201,1
24202,1
24203,1
24204,1
24205,2
24206,1
24207,0
24208,1
24209,1
24210,1
24211,1
24212,0
24213,0
24214,1
24215,0
24216,0
24217,1
24218,0
24219,0
24220,0
24221,2
24222,1
24223,1
24224,2
24225,0
24226,0
24227,1
24228,1
24229,1
24230,0
24231,1
24232,2
24233,1
24234,1
24235,0
24236,0
24237,0
24238,0
24239,0
24240,0
24241,0
24242,0
24243,0
24244,1
24245,2
24246,1
24247,1
24248,1
24249,1
24250,1
24251,3
24252,2
24253,1
24254,1
24255,1
24256,0
24257,2
24258,0
24259,0
24260,1
24261,1
24262,2
24263,1
24264,1
24265,0
24266,0
24267,1
24268,0
24269,0
24270,1
24271,1
24272,1
24273,1
24274,1
24275,1
24276,3
24277,1
24278,1
24279,1
24280,1
24281,1
24282,1
24283,2
24284,1
24285,1
24286,0
24287,0
24288,1
24289,1
24290,1
24291,1
24292,1
24293,1
24294,1
24295,1
24296,1
24297,1
24298,2
24299,1
24300,0
24301,0
24302,0
24303,0
24304,0
24305,1
24306,1
24307,1
24308,0
24309,1
24310,1
24311,1
24312,1
24313,1
24314,1
24315,2
24316,0
24317,1
24318,1
24319,1
24320,0
24321,0
24322,0
24323,1
24324,1
24325,2
24326,2
24327,2
24328,1
24329,0
24330,2
24331,2
24332,2
24333,2
24334,0
24335,1
24336,0
24337,0
24338,0
24339,1
24340,1
24341,0
24342,0
24343,1
24344,1
24345,1
24346,2
24347,2
24348,0
24349,0
24350,0
24351,0
24352,0
24353,2
24354,1
24355,2
24356,2
24357,2
24358,1
24359,2
24360,2
24361,1
24362,1
24363,1
24364,1
24365,0
24366,1
24367,1
24368,0
24369,1
24370,0
24371,0
24372,0
24373,0
24374,2
24375,1
24376,1
24377,0
24378,0
24379,1
24380,1
24381,1
24382,1
24383,0
24384,2
24385,0
24386,0
24387,0
24388,0
24389,0
24390,0
24391,1
24392,1
24393,0
24394,1
24395,0
24396,0
24397,0
24398,0
24399,1
24400,2
24401,1
24402,0
24403,0
24404,1
24405,2
24406,1
24407,1
24408,0
24409,0
24410,1
24411,2
24412,2
24413,2
24414,1
24415,1
24416,0
24417,1
24418,0
24419,0
24420,0
24421,0
24422,0
24423,0
24424,0
24425,1
24426,1
24427,0
24428,0
24429,1
24430,1
24431,1
24432,2
24433,1
24434,1
24435,1
24436,3
24437,2
24438,1
24439,1
24440,2
24441,2
24442,1
24443,2
24444,1
24445,1
24446,0
24447,0
24448,1
24449,0
24450,0
24451,0
24452,0
24453,0
24454,2
24455,2
24456,0
24457,2
24458,1
24459,1
24460,0
24461,2
24462,1
24463,1
24464,1
24465,1
24466,1
24467,1
24468,1
24469,1
24470,1
24471,2
24472,1
24473,1
24474,0
24475,0
24476,1
24477,1
24478,0
24479,0
24480,1
24481,0
24482,1
24483,0
24484,0
24485,0
24486,0
24487,0
24488,1
24489,2
24490,0
24491,1
24492,0
24493,0
24494,0
24495,0
24496,1
24497,1
24498,1
24499,1
24500,1
24501,1
24502,1
24503,1
24504,1
24505,1
24506,2
24507,3
24508,2
24509,2
24510,2
24511,2
24512,0
24513,1
24514,0
24515,0
24516,0
24517,1
24518,1
24519,0
24520,0
24521,0
24522,0
24523,0
24524,2
24525,2
24526,1
24527,0
24528,2
24529,2
24530,1
24531,1
24532,0
24533,1
24534,1
24535,2
24536,1
24537,1
24538,3
24539,2
24540,0
24541,1
24542,1
24543,0
24544,0
24545,0
24546,1
24547,1
24548,1
24549,0
24550,1
24551,1
24552,1
24553,1
24554,1
24555,1
24556,2
24557,1
24558,1
24559,1
24560,1
24561,0
24562,0
24563,2
24564,1
24565,1
24566,1
24567,1
24568,0
24569,0
24570,2
24571,1
24572,0
24573,1
24574,1
24575,0
24576,4
24577,2
24578,0
24579,0
24580,0
24581,0
24582,0
24583,2
24584,1
24585,0
24586,0
24587,0
24588,0
24589,0
24590,0
24591,1
24592,0
24593,1
24594,0
24595,0
24596,2
24597,1
24598,0
24599,0
24600,0
24601,1
24602,2
24603,4
24604,3
24605,1
24606,1
24607,2
24608,1
24609,1
24610,1
24611,2
24612,2
24613,2
24614,1
24615,2
24616,1
24617,2
24618,2
24619,1
24620,1
24621,1
24622,1
24623,0
24624,1
24625,2
24626,1
24627,0
24628,0
24629,2
24630,2
24631,0
24632,3
24633,2
24634,0
24635,0
24636,0
24637,1
24638,2
24639,1
24640,0
24641,0
24642,1
24643,2
24644,1
24645,1
24646,1
24647,1
24648,1
24649,1
24650,1
24651,1
24652,0
24653,1
24654,2
24655,2
24656,1
24657,1
24658,1
24659,0
24660,1
24661,1
24662,0
24663,0
24664,1
24665,1
24666,3
24667,2
24668,0
24669,1
24670,2
24671,1
24672,0
24673,0
24674,0
24675,1
24676,1
24677,0
24678,0
24679,1
24680,0
24681,0
24682,1
24683,1
24684,2
24685,2
24686,2
24687,0
24688,0
24689,0
24690,0
24691,1
24692,1
24693,1
24694,1
24695,2
24696,1
24697,0
24698,1
24699,1
24700,5
24701,5
24702,0
24703,0
24704,1
24705,1
24706,2
24707,2
24708,0
24709,0
24710,1
24711,0
24712,0
24713,1
24714,2
24715,3
24716,2
24717,0
24718,0
24719,2
24720,3
24721,0
24722,0
24723,1
24724,1
24725,3
24726,1
24727,1
24728,2
24729,1
24730,0
24731,1
24732,0
24733,0
24734,0
24735,0
24736,2
24737,3
24738,2
24739,2
24740,3
24741,4
24742,6
24743,4
24744,2
24745,2
24746,1
24747,2
24748,2
24749,0
24750,0
24751,1
24752,2
24753,3
24754,2
24755,1
24756,1
24757,0
24758,0
24759,0
24760,0
24761,1
24762,0
24763,0
24764,0
24765,0
24766,0
24767,2
24768,2
24769,2
24770,2
24771,1
24772,0
24773,2
24774,2
24775,2
24776,1
24777,1
24778,1
24779,1
24780,2
24781,2
24782,0
24783,1
24784,2
24785,1
24786,1
24787,1
24788,2
24789,2
24790,1
24791,1
24792,1
24793,1
24794,0
24795,1
24796,1
24797,0
24798,0
24799,1
24800,2
24801,1
24802,0
24803,1
24804,2
24805,1
24806,1
24807,3
24808,1
24809,1
24810,1
24811,0
24812,0
24813,1
24814,2
24815,1
24816,0
24817,0
24818,2
24819,2
24820,2
24821,3
24822,1
24823,0
24824,0
24825,0
24826,0
24827,0
24828,0
24829,1
24830,2
24831,2
24832,0
24833,1
24834,3
24835,2
24836,0
24837,1
24838,1
24839,1
24840,2
24841,1
24842,0
24843,1
24844,1
24845,0
24846,1
24847,1
24848,1
24849,1
24850,0
24851,0
24852,1
24853,0
24854,1
24855,0
24856,0
24857,0
24858,1
24859,4
24860,0
24861,1
24862,1
24863,1
24864,2
24865,3
24866,2
24867,1
24868,1
24869,1
24870,0
24871,0
24872,4
24873,1
24874,0
24875,0
24876,0
24877,1
24878,1
24879,0
24880,0
24881,1
24882,1
24883,0
24884,0
24885,0
24886,0
24887,3
24888,1
24889,1
24890,2
24891,1
24892,0
24893,0
24894,0
24895,1
24896,1
24897,1
24898,0
24899,0
24900,0
24901,1
24902,0
24903,0
24904,0
24905,1
24906,0
24907,2
24908,3
24909,2
24910,1
24911,0
24912,2
24913,2
24914,1
24915,2
24916,2
24917,2
24918,1
24919,0
24920,0
24921,0
24922,2
24923,1
24924,0
24925,1
24926,1
24927,1
24928,1
24929,1
24930,1
24931,1
24932,1
24933,1
24934,0
24935,0
24936,2
24937,2
24938,1
24939,2
24940,2
24941,0
24942,1
24943,1
24944,0
24945,1
24946,1
24947,2
24948,0
24949,0
24950,1
24951,2
24952,0
24953,0
24954,0
24955,1
24956,2
24957,1
24958,1
24959,1
24960,0
24961,1
24962,0
24963,0
24964,1
24965,3
24966,1
24967,0
24968,1
24969,2
24970,1
24971,0
24972,0
24973,0
24974,0
24975,1
24976,1
24977,1
24978,2
24979,1
24980,1
24981,1
24982,1
24983,1
24984,2
24985,2
24986,2
24987,1
24988,2
24989,2
24990,1
24991,1
24992,0
24993,0
24994,1
24995,2
24996,0
24997,0
24998,1
24999,2
25000,2
25001,1
25002,1
25003,1
25004,0
25005,2
25006,2
25007,2
25008,0
25009,1
25010,3
25011,3
25012,1
25013,2
25014,1
25015,0
25016,1
25017,1
25018,0
25019,0
25020,0
25021,1
25022,1
25023,1
25024,1
25025,1
25026,2
25027,1
25028,1
25029,0
25030,0
25031,1
25032,1
25033,1
25034,1
25035,0
25036,1
25037,1
25038,2
25039,2
25040,1
25041,2
25042,1
25043,2
25044,1
25045,0
25046,0
25047,1
25048,1
25049,0
25050,1
25051,1
25052,2
25053,1
25054,0
25055,0
25056,2
25057,2
25058,0
25059,1
25060,1
25061,1
25062,2
25063,1
25064,1
25065,1
25066,1
25067,1
25068,1
25069,1
25070,1
25071,1
25072,1
25073,2
25074,1
25075,1
25076,1
25077,0
25078,0
25079,0
25080,1
25081,1
25082,0
25083,1
25084,0
25085,0
25086,1
25087,2
25088,1
25089,1
25090,0
25091,1
25092,1
25093,0
25094,0
25095,0
25096,2
25097,0
25098,0
25099,0
25100,0
25101,0
25102,1
25103,0
25104,0
25105,0
25106,2
25107,2
25108,0
25109,2
25110,1
25111,0
25112,0
25113,1
25114,1
25115,1
25116,0
25117,2
25118,2
25119,2
25120,1
25121,1
25122,2
25123,2
25124,1
25125,0
25126,0
25127,0
25128,0
25129,1
25130,1
25131,1
25132,1
25133,1
25134,1
25135,1
25136,1
25137,2
25138,2
25139,2
25140,1
25141,1
25142,1
25143,1
25144,1
25145,0
25146,0
25147,0
25148,0
25149,0
25150,1
25151,2
25152,1
25153,1
25154,3
25155,3
25156,3
25157,1
25158,0
25159,0
25160,1
25161,1
25162,0
25163,0
25164,0
25165,1
25166,0
25167,1
25168,0
25169,0
25170,0
25171,1
25172,1
25173,0
25174,1
25175,0
25176,0
25177,1
25178,1
25179,2
25180,2
25181,2
25182,2
25183,1
25184,1
25185,1
25186,1
25187,2
25188,2
25189,2
25190,1
25191,2
25192,3
25193,1
25194,1
25195,1
25196,0
25197,0
25198,1
25199,2
25200,1
25201,0
25202,0
25203,1
25204,1
25205,0
25206,1
25207,0
25208,0
25209,1
25210,1
25211,0
25212,0
25213,1
25214,1
25215,0
25216,1
25217,0
25218,0
25219,0
25220,0
25221,0
25222,1
25223,0
25224,0
25225,1
25226,1
25227,2
25228,1
25229,1
25230,2
25231,0
25232,1
25233,1
25234,0
25235,1
25236,1
25237,2
25238,1
25239,1
25240,2
25241,2
25242,2
25243,1
25244,3
25245,2
25246,1
25247,2
25248,0
25249,2
25250,2
25251,1
25252,1
25253,1
25254,2
25255,2
25256,2
25257,0
25258,1
25259,0
25260,0
25261,1
25262,1
25263,1
25264,0
25265,1
25266,1
25267,1
25268,0
25269,2
25270,2
25271,2
25272,0
25273,1
25274,1
25275,2
25276,1
25277,0
25278,0
25279,0
25280,1
25281,0
25282,0
25283,1
25284,0
25285,0
25286,0
25287,0
25288,0
25289,0
25290,1
25291,0
25292,1
25293,1
25294,2
25295,0
25296,0
25297,0
25298,0
25299,0
25300,1
25301,2
25302,2
25303,0
25304,0
25305,1
25306,1
25307,1
25308,2
25309,2
25310,2
25311,2
25312,2
25313,0
25314,0
25315,0
25316,1
25317,1
25318,0
25319,1
25320,2
25321,1
25322,1
25323,1
25324,2
25325,1
25326,1
25327,0
25328,0
25329,1
25330,0
25331,0
25332,1
25333,1
25334,2
25335,2
25336,1
25337,1
25338,1
25339,1
25340,1
25341,1
25342,2
25343,3
25344,2
25345,2
25346,1
25347,0
25348,0
25349,1
25350,2
25351,2
25352,1
25353,1
25354,0
25355,1
25356,1
25357,0
25358,0
25359,0
25360,0
25361,0
25362,0
25363,0
25364,0
25365,1
25366,2
25367,2
25368,1
25369,0
25370,1
25371,2
25372,1
25373,2
25374,1
25375,1
25376,0
25377,1
25378,0
25379,2
25380,1
25381,0
25382,2
25383,1
25384,1
25385,0
25386,1
25387,0
25388,1
25389,1
25390,0
25391,0
25392,0
25393,0
25394,0
25395,1
25396,3
25397,1
25398,1
25399,1
25400,2
25401,2
25402,1
25403,1
25404,1
25405,2
25406,1
25407,0
25408,1
25409,1
25410,1
25411,1
25412,1
25413,0
25414,2
25415,2
25416,2
25417,1
25418,1
25419,1
25420,1
25421,1
25422,2
25423,1
25424,3
25425,0
25426,1
25427,0
25428,0
25429,0
25430,0
25431,1
25432,2
25433,0
25434,0
25435,1
25436,2
25437,0
25438,0
25439,0
25440,0
25441,0
25442,2
25443,1
25444,1
25445,1
25446,0
25447,0
25448,1
25449,1
25450,1
25451,1
25452,1
25453,1
25454,1
25455,1
25456,1
25457,1
25458,1
25459,2
25460,1
25461,1
25462,1
25463,1
25464,1
25465,0
25466,1
25467,1
25468,1
25469,2
25470,2
25471,1
25472,3
25473,2
25474,1
25475,0
25476,0
25477,2
25478,1
25479,2
25480,0
25481,0
25482,1
25483,1
25484,1
25485,0
25486,1
25487,0
25488,2
25489,1
25490,1
25491,0
25492,0
25493,1
25494,1
25495,2
25496,3
25497,2
25498,1
25499,1
25500,0
25501,0
25502,0
25503,0
25504,1
25505,1
25506,1
25507,0
25508,1
25509,1
25510,1
25511,1
25512,2
25513,1
25514,3
25515,2
25516,3
25517,1
25518,1
25519,1
25520,0
25521,0
25522,1
25523,1
25524,0
25525,1
25526,0
25527,0
25528,1
25529,0
25530,0
25531,0
25532,0
25533,0
25534,0
25535,1
25536,2
25537,1
25538,0
25539,0
25540,0
25541,0
25542,0
25543,0
25544,1
25545,1
25546,1
25547,1
25548,0
25549,1
25550,1
25551,0
25552,0
25553,1
25554,1
25555,0
25556,0
25557,1
25558,1
25559,1
25560,1
25561,2
25562,2
25563,2
25564,2
25565,2
25566,0
25567,1
25568,3
25569,3
25570,1
25571,1
25572,1
25573,1
25574,0
25575,1
25576,0
25577,0
25578,0
25579,0
25580,0
25581,0
25582,0
25583,0
25584,0
25585,1
25586,0
25587,0
25588,1
25589,1
25590,1
25591,2
25592,2
25593,2
25594,0
25595,0
25596,1
25597,1
25598,2
25599,1
25600,1
25601,1
25602,0
25603,0
25604,0
25605,1
25606,0
25607,1
25608,1
25609,0
25610,0
25611,0
25612,1
25613,1
25614,1
25615,1
25616,2
25617,2
25618,2
25619,1
25620,0
25621,1
25622,2
25623,1
25624,2
25625,3
25626,0
25627,2
25628,2
25629,0
25630,0
25631,1
25632,1
25633,0
25634,0
25635,1
25636,1
25637,0
25638,1
25639,1
25640,2
25641,2
25642,2
25643,1
25644,2
25645,2
25646,1
25647,1
25648,1
25649,2
25650,3
25651,2
25652,0
25653,0
25654,0
25655,0
25656,0
25657,1
25658,0
25659,1
25660,1
25661,1
25662,1
25663,1
25664,0
25665,0
25666,0
25667,0
25668,1
25669,1
25670,1
25671,0
25672,0
25673,0
25674,1
25675,1
25676,1
25677,0
25678,0
25679,1
25680,1
25681,0
25682,1
25683,1
25684,1
25685,0
25686,1
25687,2
25688,3
25689,2
25690,3
25691,5
25692,1
25693,1
25694,0
25695,0
25696,1
25697,1
25698,1
25699,0
25700,1
25701,2
25702,4
25703,2
25704,0
25705,0
25706,0
25707,1
25708,1
25709,0
25710,0
25711,0
25712,0
25713,0
25714,0
25715,2
25716,1
25717,2
25718,3
25719,2
25720,2
25721,1
25722,1
25723,0
25724,0
25725,0
25726,1
25727,1
25728,2
25729,1
25730,0
25731,0
25732,0
25733,0
25734,2
25735,2
25736,2
25737,2
25738,1
25739,1
25740,0
25741,0
25742,1
25743,1
25744,1
25745,1
25746,1
25747,1
25748,2
25749,0
25750,0
25751,0
25752,0
25753,0
25754,2
25755,1
25756,0
25757,1
25758,0
25759,1
25760,0
25761,1
25762,2
25763,2
25764,1
25765,1
25766,3
25767,1
25768,1
25769,1
25770,1
25771,1
25772,1
25773,2
25774,1
25775,1
25776,0
25777,0
25778,0
25779,0
25780,0
25781,0
25782,0
25783,1
25784,1
25785,1
25786,2
25787,1
25788,1
25789,1
25790,0
25791,0
25792,1
25793,1
25794,0
25795,1
25796,1
25797,0
25798,2
25799,0
25800,2
25801,1
25802,2
25803,0
25804,0
25805,0
25806,0
25807,1
25808,1
25809,1
25810,1
25811,1
25812,2
25813,2
25814,1
25815,1
25816,1
25817,0
25818,0
25819,2
25820,1
25821,1
25822,1
25823,0
25824,1
25825,1
25826,2
25827,2
25828,1
25829,1
25830,1
25831,1
25832,2
25833,2
25834,0
25835,0
25836,1
25837,1
25838,0
25839,0
25840,0
25841,0
25842,0
25843,0
25844,2
25845,2
25846,2
25847,1
25848,0
25849,0
25850,1
25851,1
25852,1
25853,3
25854,2
25855,1
25856,0
25857,0
25858,0
25859,0
25860,1
25861,1
25862,1
25863,1
25864,0
25865,1
25866,1
25867,0
25868,1
25869,1
25870,2
25871,2
25872,4
25873,2
25874,1
25875,0
25876,0
25877,0
25878,1
25879,1
25880,2
25881,1
25882,0
25883,1
25884,1
25885,1
25886,1
25887,1
25888,0
25889,0
25890,1
25891,0
25892,0
25893,0
25894,0
25895,1
25896,0
25897,0
25898,1
25899,1
25900,0
25901,1
25902,1
25903,1
25904,1
25905,1
25906,1
25907,2
25908,5
25909,4
25910,3
25911,1
25912,1
25913,0
25914,0
25915,1
25916,2
25917,1
25918,0
25919,0
25920,0
25921,0
25922,1
25923,0
25924,1
25925,2
25926,0
25927,0
25928,1
25929,0
25930,0
25931,2
25932,1
25933,0
25934,0
25935,0
25936,0
25937,1
25938,3
25939,2
25940,0
25941,2
25942,1
25943,3
25944,2
25945,1
25946,0
25947,1
25948,1
25949,0
25950,1
25951,0
25952,2
25953,2
25954,1
25955,1
25956,0
25957,0
25958,0
25959,0
25960,0
25961,0
25962,0
25963,0
25964,0
25965,1
25966,1
25967,1
25968,1
25969,0
25970,0
25971,0
25972,2
25973,3
25974,2
25975,2
25976,2
25977,2
25978,0
25979,1
25980,3
25981,1
25982,1
25983,1
25984,1
25985,1
25986,1
25987,1
25988,1
25989,1
25990,2
25991,2
25992,1
25993,2
25994,0
25995,0
25996,2
25997,3
25998,1
25999,1
26000,1
26001,0
26002,1
26003,2
26004,0
26005,0
26006,0
26007,0
26008,0
26009,0
26010,1
26011,1
26012,0
26013,1
26014,1
26015,1
26016,1
26017,1
26018,1
26019,1
26020,0
26021,0
26022,1
26023,1
26024,0
26025,0
26026,1
26027,0
26028,0
26029,1
26030,1
26031,1
26032,1
26033,1
26034,1
26035,1
26036,2
26037,1
26038,1
26039,1
26040,1
26041,1
26042,1
26043,1
26044,2
26045,0
26046,0
26047,1
26048,1
26049,1
26050,1
26051,1
26052,0
26053,0
26054,0
26055,1
26056,1
26057,1
26058,1
26059,1
26060,0
26061,0
26062,0
26063,1
26064,1
26065,0
26066,1
26067,2
26068,2
26069,2
26070,2
26071,2
26072,1
26073,2
26074,1
26075,1
26076,1
26077,2
26078,1
26079,0
26080,0
26081,0
26082,0
26083,0
26084,0
26085,0
26086,1
26087,2
26088,2
26089,1
26090,1
26091,1
26092,0
26093,1
26094,1
26095,1
26096,2
26097,1
26098,1
26099,0
26100,2
26101,1
26102,1
26103,1
26104,2
26105,2
26106,0
26107,0
26108,2
26109,1
26110,1
26111,0
26112,1
26113,1
26114,0
26115,1
26116,0
26117,0
26118,1
26119,0
26120,0
26121,1
26122,2
26123,1
26124,1
26125,1
26126,0
26127,1
26128,1
26129,1
26130,1
26131,1
26132,1
26133,1
26134,1
26135,1
26136,1
26137,2
26138,3
26139,1
26140,0
26141,0
26142,0
26143,1
26144,0
26145,1
26146,1
26147,1
26148,0
26149,0
26150,0
26151,1
26152,1
26153,1
26154,1
26155,1
26156,0
26157,2
26158,3
26159,2
26160,2
26161,3
26162,2
26163,1
26164,1
26165,1
26166,1
26167,1
26168,1
26169,1
26170,1
26171,1
26172,1
26173,0
26174,0
26175,0
26176,2
26177,2
26178,1
26179,1
26180,1
26181,1
26182,1
26183,0
26184,0
26185,1
26186,1
26187,2
26188,0
26189,0
26190,1
26191,1
26192,1
26193,1
26194,1
26195,1
26196,0
26197,0
26198,0
26199,1
26200,1
26201,2
26202,1
26203,1
26204,1
26205,1
26206,1
26207,2
26208,2
26209,0
26210,0
26211,1
26212,0
26213,1
26214,1
26215,2
26216,1
26217,2
26218,1
26219,1
26220,1
26221,1
26222,2
26223,3
26224,1
26225,1
26226,1
26227,0
26228,0
26229,0
26230,0
26231,1
26232,1
26233,0
26234,1
26235,1
26236,1
26237,1
26238,1
26239,2
26240,0
26241,0
26242,0
26243,0
26244,0
26245,1
26246,1
26247,1
26248,1
26249,1
26250,1
26251,1
26252,1
26253,2
26254,2
26255,1
26256,1
26257,1
26258,3
26259,2
26260,1
26261,2
26262,1
26263,0
26264,1
26265,1
26266,1
26267,1
26268,0
26269,0
26270,1
26271,1
26272,1
26273,1
26274,1
26275,1
26276,1
26277,0
26278,0
26279,0
26280,0
26281,1
26282,1
26283,1
26284,0
26285,0
26286,1
26287,1
26288,0
26289,1
26290,1
26291,1
26292,0
26293,0
26294,1
26295,3
26296,3
26297,1
26298,1
26299,2
26300,1
26301,1
26302,1
26303,1
26304,0
26305,0
26306,1
26307,0
26308,1
26309,2
26310,2
26311,0
26312,1
26313,1
26314,1
26315,1
26316,1
26317,1
26318,2
26319,3
26320,3
26321,1
26322,1
26323,0
26324,1
26325,0
26326,1
26327,1
26328,0
26329,0
26330,0
26331,0
26332,1
26333,1
26334,1
26335,0
26336,1
26337,1
26338,1
26339,1
26340,0
26341,0
26342,1
26343,1
26344,1
26345,1
26346,1
26347,1
26348,1
26349,3
26350,3
26351,2
26352,3
26353,2
26354,0
26355,1
26356,1
26357,0
26358,0
26359,0
26360,0
26361,1
26362,1
26363,1
26364,1
26365,1
26366,0
26367,0
26368,1
26369,0
26370,0
26371,0
26372,1
26373,2
26374,1
26375,1
26376,1
26377,1
26378,0
26379,0
26380,2
26381,3
26382,0
26383,1
26384,1
26385,0
26386,0
26387,1
26388,4
26389,1
26390,0
26391,0
26392,0
26393,0
26394,1
26395,0
26396,2
26397,2
26398,1
26399,1
26400,1
26401,1
26402,0
26403,1
26404,0
26405,0
26406,2
26407,2
26408,2
26409,1
26410,1
26411,1
26412,1
26413,2
26414,3
26415,4
26416,2
26417,0
26418,0
26419,0
26420,0
26421,0
26422,0
26423,0
26424,2
26425,0
26426,0
26427,0
26428,0
26429,0
26430,0
26431,0
26432,0
26433,0
26434,0
26435,0
26436,0
26437,1
26438,0
26439,0
26440,0
26441,0
26442,0
26443,1
26444,2
26445,2
26446,1
26447,2
26448,1
26449,2
26450,2
26451,1
26452,1
26453,0
26454,0
26455,1
26456,1
26457,2
26458,1
26459,1
26460,1
26461,1
26462,0
26463,1
26464,2
26465,1
26466,1
26467,1
26468,1
26469,1
26470,3
26471,1
26472,1
26473,2
26474,2
26475,1
26476,0
26477,0
26478,1
26479,0
26480,0
26481,1
26482,2
26483,1
26484,1
26485,0
26486,0
26487,1
26488,1
26489,0
26490,0
26491,1
26492,1
26493,0
26494,0
26495,1
26496,1
26497,1
26498,1
26499,0
26500,0
26501,0
26502,0
26503,0
26504,0
26505,0
26506,0
26507,0
26508,0
26509,0
26510,0
26511,0
26512,1
26513,1
26514,1
26515,3
26516,0
26517,1
26518,1
26519,2
26520,1
26521,2
26522,3
26523,3
26524,3
26525,2
26526,1
26527,1
26528,1
26529,1
26530,1
26531,1
26532,1
26533,2
26534,2
26535,2
26536,1
26537,1
26538,1
26539,1
26540,1
26541,1
26542,1
26543,1
26544,2
26545,1
26546,0
26547,2
26548,1
26549,1
26550,0
26551,1
26552,1
26553,1
26554,1
26555,0
26556,0
26557,0
26558,0
26559,0
26560,1
26561,1
26562,1
26563,2
26564,1
26565,0
26566,0
26567,0
26568,2
26569,2
26570,1
26571,0
26572,0
26573,0
26574,1
26575,0
26576,1
26577,2
26578,0
26579,0
26580,0
26581,1
26582,1
26583,1
26584,1
26585,1
26586,1
26587,1
26588,1
26589,1
26590,1
26591,1
26592,1
26593,0
26594,0
26595,0
26596,0
26597,0
26598,1
26599,1
26600,0
26601,0
26602,0
26603,0
26604,1
26605,2
26606,2
26607,0
26608,1
26609,2
26610,2
26611,1
26612,3
26613,3
26614,3
26615,2
26616,3
26617,2
26618,0
26619,0
26620,0
26621,1
26622,1
26623,1
26624,2
26625,1
26626,0
26627,0
26628,2
26629,1
26630,1
26631,1
26632,1
26633,1
26634,0
26635,0
26636,0
26637,0
26638,2
26639,1
26640,0
26641,1
26642,3
26643,2
26644,1
26645,1
26646,1
26647,1
26648,1
26649,2
26650,2
26651,1
26652,1
26653,1
26654,0
26655,0
26656,3
26657,2
26658,1
26659,1
26660,2
26661,3
26662,2
26663,1
26664,0
26665,0
26666,1
26667,0
26668,0
26669,0
26670,0
26671,1
26672,1
26673,1
26674,1
26675,0
26676,0
26677,0
26678,0
26679,0
26680,0
26681,1
26682,2
26683,2
26684,1
26685,1
26686,2
26687,1
26688,1
26689,1
26690,1
26691,0
26692,1
26693,1
26694,1
26695,1
26696,2
26697,1
26698,2
26699,2
26700,0
26701,0
26702,0
26703,1
26704,2
26705,1
26706,0
26707,0
26708,0
26709,0
26710,1
26711,1
26712,1
26713,0
26714,0
26715,1
26716,1
26717,1
26718,2
26719,1
26720,1
26721,3
26722,3
26723,3
26724,2
26725,1
26726,0
26727,1
26728,1
26729,1
26730,0
26731,0
26732,0
26733,0
26734,0
26735,1
26736,1
26737,1
26738,0
26739,0
26740,0
26741,0
26742,0
26743,0
26744,0
26745,0
26746,1
26747,0
26748,2
26749,2
26750,2
26751,1
26752,1
26753,2
26754,1
26755,0
26756,0
26757,0
26758,1
26759,1
26760,1
26761,1
26762,0
26763,1
26764,1
26765,1
26766,1
26767,1
26768,1
26769,2
26770,1
26771,1
26772,1
26773,2
26774,1
26775,1
26776,1
26777,1
26778,1
26779,1
26780,1
26781,1
26782,0
26783,0
26784,0
26785,0
26786,1
26787,0
26788,1
26789,1
26790,1
26791,2
26792,1
26793,1
26794,1
26795,1
26796,1
26797,2
26798,2
26799,1
26800,2
26801,2
26802,1
26803,1
26804,1
26805,0
26806,0
26807,0
26808,1
26809,1
26810,1
26811,0
26812,1
26813,1
26814,0
26815,0
26816,1
26817,2
26818,1
26819,2
26820,1
26821,1
26822,1
26823,1
26824,1
26825,1
26826,1
26827,1
26828,1
26829,1
26830,0
26831,2
26832,1
26833,0
26834,0
26835,0
26836,1
26837,1
26838,1
26839,0
26840,0
26841,1
26842,1
26843,2
26844,2
26845,1
26846,0
26847,1
26848,0
26849,1
26850,0
26851,0
26852,1
26853,0
26854,1
26855,2
26856,2
26857,2
26858,1
26859,1
26860,2
26861,4
26862,1
26863,0
26864,1
26865,1
26866,0
26867,0
26868,1
26869,1
26870,1
26871,0
26872,0
26873,0
26874,0
26875,0
26876,3
26877,1
26878,1
26879,0
26880,0
26881,0
26882,1
26883,2
26884,2
26885,1
26886,1
26887,0
26888,0
26889,0
26890,0
26891,0
26892,0
26893,1
26894,1
26895,0
26896,1
26897,1
26898,1
26899,1
26900,2
26901,2
26902,3
26903,2
26904,0
26905,0
26906,1
26907,0
26908,0
26909,0
26910,2
26911,1
26912,1
26913,1
26914,1
26915,1
26916,1
26917,1
26918,1
26919,2
26920,2
26921,1
26922,1
26923,1
26924,1
26925,1
26926,0
26927,1
26928,1
26929,0
26930,2
26931,1
26932,0
26933,0
26934,0
26935,1
26936,1
26937,0
26938,1
26939,1
26940,1
26941,1
26942,1
26943,1
26944,0
26945,1
26946,1
26947,1
26948,1
26949,0
26950,0
26951,0
26952,0
26953,1
26954,1
26955,2
26956,1
26957,4
26958,2
26959,1
26960,2
26961,0
26962,0
26963,0
26964,0
26965,0
26966,0
26967,2
26968,1
26969,1
26970,0
26971,0
26972,3
26973,3
26974,3
26975,0
26976,1
26977,2
26978,1
26979,1
26980,1
26981,0
26982,0
26983,1
26984,1
26985,3
26986,2
26987,2
26988,1
26989,0
26990,0
26991,0
26992,1
26993,2
26994,2
26995,1
26996,0
26997,0
26998,0
26999,0
27000,0
27001,0
27002,1
27003,1
27004,1
27005,1
27006,1
27007,1
27008,0
27009,0
27010,0
27011,1
27012,1
27013,0
27014,0
27015,0
27016,0
27017,1
27018,1
27019,1
27020,1
27021,1
27022,3
27023,2
27024,2
27025,3
27026,3
27027,1
27028,2
27029,1
27030,1
27031,0
27032,0
27033,0
27034,1
27035,1
27036,0
27037,0
27038,1
27039,0
27040,0
27041,0
27042,0
27043,1
27044,1
27045,1
27046,2
27047,1
27048,1
27049,1
27050,2
27051,2
27052,1
27053,2
27054,1
27055,1
27056,1
27057,0
27058,1
27059,1
27060,2
27061,1
27062,0
27063,2
27064,0
27065,1
27066,0
27067,0
27068,0
27069,0
27070,0
27071,0
27072,0
27073,2
27074,2
27075,1
27076,3
27077,2
27078,1
27079,2
27080,0
27081,0
27082,0
27083,1
27084,1
27085,0
27086,0
27087,0
27088,0
27089,0
27090,0
27091,0
27092,0
27093,1
27094,1
27095,1
27096,3
27097,1
27098,2
27099,1
27100,0
27101,1
27102,1
27103,0
27104,2
27105,3
27106,1
27107,1
27108,0
27109,0
27110,1
27111,1
27112,1
27113,0
27114,1
27115,2
27116,1
27117,0
27118,0
27119,0
27120,2
27121,1
27122,1
27123,1
27124,1
27125,0
27126,0
27127,0
27128,0
27129,1
27130,1
27131,2
27132,1
27133,1
27134,1
27135,1
27136,0
27137,0
27138,0
27139,4
27140,3
27141,2
27142,2
27143,2
27144,0
27145,0
27146,0
27147,0
27148,0
27149,2
27150,1
27151,1
27152,1
27153,0
27154,0
27155,0
27156,0
27157,0
27158,0
27159,1
27160,2
27161,1
27162,2
27163,1
27164,0
27165,0
27166,0
27167,0
27168,1
27169,1
27170,1
27171,0
27172,1
27173,1
27174,1
27175,1
27176,1
27177,1
27178,1
27179,1
27180,0
27181,1
27182,3
27183,2
27184,0
27185,0
27186,1
27187,0
27188,0
27189,2
27190,0
27191,0
27192,0
27193,0
27194,1
27195,1
27196,0
27197,1
27198,1
27199,0
27200,1
27201,1
27202,1
27203,0
27204,1
27205,1
27206,1
27207,0
27208,0
27209,0
27210,0
27211,0
27212,0
27213,0
27214,0
27215,0
27216,1
27217,1
27218,3
27219,1
27220,1
27221,0
27222,3
27223,2
27224,1
27225,2
27226,1
27227,0
27228,1
27229,2
27230,2
27231,1
27232,0
27233,2
27234,2
27235,0
27236,0
27237,0
27238,1
27239,2
27240,0
27241,0
27242,1
27243,2
27244,2
27245,2
27246,3
27247,2
27248,1
27249,1
27250,2
27251,1
27252,1
27253,1
27254,0
27255,0
27256,1
27257,0
27258,0
27259,1
27260,0
27261,1
27262,1
27263,0
27264,1
27265,2
27266,1
27267,2
27268,0
27269,0
27270,1
27271,0
27272,1
27273,3
27274,1
27275,1
27276,1
27277,0
27278,0
27279,0
27280,1
27281,0
27282,0
27283,1
27284,1
27285,1
27286,0
27287,0
27288,0
27289,2
27290,1
27291,0
27292,0
27293,1
27294,1
27295,3
27296,0
27297,0
27298,0
27299,1
27300,1
27301,0
27302,1
27303,0
27304,0
27305,0
27306,0
27307,0
27308,0
27309,0
27310,0
27311,0
27312,0
27313,1
27314,1
27315,0
27316,2
27317,0
27318,0
27319,3
27320,1
27321,3
27322,1
27323,2
27324,2
27325,1
27326,2
27327,2
27328,0
27329,0
27330,0
27331,0
27332,0
27333,0
27334,0
27335,0
27336,0
27337,0
27338,1
27339,1
27340,1
27341,1
27342,1
27343,2
27344,2
27345,2
27346,2
27347,1
27348,1
27349,2
27350,1
27351,1
27352,2
27353,0
27354,0
27355,1
27356,1
27357,0
27358,0
27359,1
27360,0
27361,0
27362,1
27363,0
27364,0
27365,1
27366,0
27367,0
27368,1
27369,2
27370,2
27371,3
27372,1
27373,2
27374,3
27375,3
27376,1
27377,0
27378,1
27379,2
27380,0
27381,0
27382,0
27383,2
27384,1
27385,1
27386,0
27387,0
27388,0
27389,0
27390,0
27391,0
27392,1
27393,1
27394,2
27395,2
27396,0
27397,0
27398,1
27399,1
27400,2
27401,1
27402,1
27403,1
27404,2
27405,1
27406,1
27407,3
27408,2
27409,0
27410,1
27411,2
27412,1
27413,0
27414,0
27415,1
27416,1
27417,1
27418,0
27419,0
27420,0
27421,0
27422,0
27423,0
27424,2
27425,0
27426,1
27427,1
27428,1
27429,2
27430,1
27431,2
27432,2
27433,0
27434,0
27435,0
27436,1
27437,1
27438,0
27439,0
27440,1
27441,0
27442,0
27443,0
27444,0
27445,0
27446,1
27447,0
27448,1
27449,3
27450,2
27451,1
27452,1
27453,1
27454,0
27455,0
27456,0
27457,2
27458,1
27459,1
27460,0
27461,1
27462,0
27463,0
27464,0
27465,1
27466,2
27467,0
27468,0
27469,0
27470,0
27471,1
27472,1
27473,1
27474,2
27475,0
27476,0
27477,0
27478,0
27479,2
27480,3
27481,2
27482,0
27483,1
27484,2
27485,2
27486,1
27487,0
27488,1
27489,0
27490,0
27491,0
27492,0
27493,0
27494,1
27495,0
27496,0
27497,1
27498,1
27499,1
27500,1
27501,1
27502,1
27503,1
27504,1
27505,3
27506,3
27507,1
27508,0
27509,1
27510,0
27511,1
27512,1
27513,1
27514,0
27515,1
27516,1
27517,1
27518,0
27519,0
27520,0
27521,1
27522,2
27523,1
27524,3
27525,0
27526,2
27527,0
27528,0
27529,0
27530,0
27531,1
27532,0
27533,2
27534,1
27535,0
27536,0
27537,0
27538,0
27539,0
27540,0
27541,0
27542,0
27543,1
27544,2
27545,1
27546,1
27547,1
27548,1
27549,2
27550,1
27551,1
27552,0
27553,3
27554,0
27555,0
27556,0
27557,0
27558,2
27559,1
27560,2
27561,2
27562,1
27563,1
27564,0
27565,0
27566,0
27567,0
27568,0
27569,1
27570,1
27571,1
27572,2
27573,1
27574,1
27575,1
27576,2
27577,1
27578,2
27579,2
27580,0
27581,1
27582,0
27583,0
27584,0
27585,1
27586,1
27587,0
27588,0
27589,0
27590,0
27591,0
27592,2
27593,2
27594,1
27595,1
27596,2
27597,2
27598,1
27599,3
27600,2
27601,2
27602,2
27603,1
27604,0
27605,1
27606,0
27607,0
27608,0
27609,1
27610,2
27611,1
27612,0
27613,0
27614,1
27615,0
27616,1
27617,0
27618,0
27619,0
27620,1
27621,2
27622,0
27623,0
27624,0
27625,0
27626,0
27627,0
27628,1
27629,2
27630,1
27631,2
27632,1
27633,1
27634,1
27635,0
27636,1
27637,1
27638,2
27639,1
27640,3
27641,2
27642,1
27643,0
27644,0
27645,0
27646,1
27647,1
27648,1
27649,0
27650,0
27651,0
27652,0
27653,2
27654,1
27655,0
27656,0
27657,0
27658,2
27659,3
27660,2
27661,2
27662,1
27663,1
27664,1
27665,1
27666,0
27667,1
27668,3
27669,1
27670,0
27671,0
27672,1
27673,1
27674,1
27675,0
27676,1
27677,0
27678,0
27679,0
27680,1
27681,0
27682,0
27683,1
27684,0
27685,1
27686,1
27687,1
27688,0
27689,0
27690,1
27691,0
27692,1
27693,2
27694,1
27695,1
27696,1
27697,2
27698,2
27699,1
27700,1
27701,1
27702,2
27703,2
27704,2
27705,1
27706,1
27707,1
27708,1
27709,1
27710,1
27711,0
27712,0
27713,0
27714,1
27715,2
27716,2
27717,2
27718,3
27719,1
27720,1
27721,1
27722,1
27723,2
27724,2
27725,2
27726,0
27727,0
27728,2
27729,1
27730,0
27731,0
27732,0
27733,0
27734,0
27735,1
27736,0
27737,0
27738,0
27739,0
27740,0
27741,1
27742,1
27743,0
27744,0
27745,0
27746,0
27747,1
27748,2
27749,0
27750,0
27751,0
27752,0
27753,1
27754,2
27755,3
27756,2
27757,1
27758,1
27759,0
27760,0
27761,1
27762,1
27763,3
27764,1
27765,0
27766,1
27767,1
27768,1
27769,2
27770,1
27771,0
27772,1
27773,1
27774,1
27775,0
27776,2
27777,2
27778,1
27779,0
27780,1
27781,1
27782,1
27783,0
27784,0
27785,0
27786,0
27787,0
27788,1
27789,1
27790,1
27791,2
27792,1
27793,2
27794,3
27795,1
27796,0
27797,0
27798,2
27799,1
27800,1
27801,1
27802,2
27803,0
27804,0
27805,0
27806,0
27807,1
27808,2
27809,1
27810,1
27811,1
27812,2
27813,1
27814,1
27815,0
27816,0
27817,0
27818,0
27819,0
27820,0
27821,1
27822,0
27823,0
27824,1
27825,1
27826,1
27827,0
27828,0
27829,1
27830,2
27831,2
27832,2
27833,1
27834,1
27835,1
27836,1
27837,1
27838,2
27839,2
27840,2
27841,1
27842,1
27843,0
27844,1
27845,1
27846,1
27847,1
27848,0
27849,0
27850,0
27851,0
27852,0
27853,0
27854,1
27855,0
27856,0
27857,2
27858,2
27859,3
27860,1
27861,1
27862,2
27863,1
27864,1
27865,1
27866,0
27867,1
27868,1
27869,0
27870,1
27871,2
27872,0
27873,1
27874,2
27875,2
27876,1
27877,1
27878,2
27879,1
27880,0
27881,1
27882,1
27883,2
27884,3
27885,2
27886,0
27887,1
27888,1
27889,0
27890,0
27891,0
27892,0
27893,2
27894,1
27895,0
27896,1
27897,1
27898,1
27899,0
27900,0
27901,1
27902,0
27903,1
27904,0
27905,0
27906,0
27907,0
27908,0
27909,1
27910,2
27911,2
27912,1
27913,1
27914,1
27915,1
27916,1
27917,1
27918,3
27919,1
27920,1
27921,1
27922,2
27923,3
27924,1
27925,0
27926,1
27927,0
27928,0
27929,1
27930,2
27931,0
27932,0
27933,0
27934,0
27935,1
27936,0
27937,1
27938,1
27939,0
27940,0
27941,0
27942,0
27943,2
27944,1
27945,1
27946,0
27947,1
27948,3
27949,1
27950,1
27951,2
27952,0
27953,0
27954,0
27955,2
27956,0
27957,0
27958,1
27959,1
27960,1
27961,1
27962,0
27963,0
27964,1
27965,1
27966,1
27967,1
27968,1
27969,0
27970,1
27971,1
27972,0
27973,1
27974,0
27975,1
27976,0
27977,0
27978,1
27979,2
27980,3
27981,0
27982,0
27983,0
27984,0
27985,0
27986,1
27987,3
27988,1
27989,1
27990,1
27991,1
27992,1
27993,1
27994,1
27995,1
27996,1
27997,1
27998,0
27999,0
28000,0
28001,2
28002,2
28003,1
28004,1
28005,1
28006,1
28007,1
28008,1
28009,0
28010,0
28011,0
28012,0
28013,0
28014,1
28015,0
28016,1
28017,1
28018,1
28019,1
28020,1
28021,2
28022,1
28023,1
28024,1
28025,1
28026,2
28027,2
28028,1
28029,1
28030,1
28031,0
28032,1
28033,0
28034,2
28035,2
28036,2
28037,1
28038,0
28039,0
28040,1
28041,1
28042,1
28043,0
28044,0
28045,0
28046,0
28047,1
28048,1
28049,1
28050,1
28051,0
28052,0
28053,1
28054,0
28055,0
28056,1
28057,1
28058,1
28059,3
28060,1
28061,1
28062,2
28063,1
28064,1
28065,0
28066,0
28067,1
28068,1
28069,1
28070,1
28071,2
28072,1
28073,1
28074,1
28075,1
28076,0
28077,0
28078,2
28079,1
28080,2
28081,2
28082,1
28083,0
28084,0
28085,1
28086,1
28087,0
28088,0
28089,0
28090,1
28091,1
28092,2
28093,0
28094,0
28095,1
28096,0
28097,0
28098,0
28099,0
28100,1
28101,2
28102,0
28103,1
28104,2
28105,1
28106,1
28107,0
28108,3
28109,3
28110,2
28111,3
28112,2
28113,0
28114,0
28115,0
28116,0
28117,0
28118,0
28119,0
28120,1
28121,1
28122,2
28123,1
28124,0
28125,0
28126,0
28127,0
28128,0
28129,0
28130,1
28131,0
28132,0
28133,1
28134,1
28135,1
28136,0
28137,0
28138,2
28139,1
28140,1
28141,2
28142,2
28143,1
28144,1
28145,1
28146,1
28147,1
28148,1
28149,2
28150,3
28151,0
28152,1
28153,1
28154,0
28155,1
28156,0
28157,0
28158,0
28159,0
28160,0
28161,2
28162,1
28163,0
28164,0
28165,0
28166,0
28167,1
28168,1
28169,0
28170,0
28171,2
28172,2
28173,1
28174,2
28175,1
28176,1
28177,1
28178,1
28179,1
28180,1
28181,1
28182,1
28183,1
28184,1
28185,2
28186,1
28187,1
28188,1
28189,1
28190,0
28191,1
28192,0
28193,0
28194,0
28195,1
28196,2
28197,1
28198,1
28199,0
28200,0
28201,0
28202,0
28203,0
28204,1
28205,0
28206,1
28207,2
28208,2
28209,1
28210,2
28211,2
28212,2
28213,1
28214,1
28215,1
28216,1
28217,1
28218,2
28219,2
28220,1
28221,1
28222,1
28223,0
28224,2
28225,1
28226,1
28227,1
28228,1
28229,1
28230,1
28231,2
28232,1
28233,1
28234,0
28235,2
28236,1
28237,1
28238,2
28239,2
28240,1
28241,1
28242,1
28243,0
28244,1
28245,1
28246,1
28247,1
28248,0
28249,0
28250,0
28251,0
28252,0
28253,1
28254,0
28255,1
28256,1
28257,1
28258,2
28259,1
28260,1
28261,0
28262,1
28263,0
28264,0
28265,0
28266,2
28267,2
28268,1
28269,1
28270,0
28271,0
28272,0
28273,0
28274,0
28275,0
28276,0
28277,1
28278,3
28279,2
28280,2
28281,1
28282,1
28283,1
28284,2
28285,2
28286,0
28287,1
28288,1
28289,1
28290,1
28291,1
28292,0
28293,0
28294,1
28295,1
28296,1
28297,1
28298,1
28299,1
28300,2
28301,2
28302,1
28303,1
28304,4
28305,2
28306,1
28307,1
28308,0
28309,1
28310,1
28311,1
28312,1
28313,1
28314,0
28315,0
28316,0
28317,0
28318,0
28319,0
28320,1
28321,1
28322,2
28323,1
28324,1
28325,0
28326,2
28327,1
28328,1
28329,0
28330,0
28331,1
28332,1
28333,1
28334,1
28335,1
28336,1
28337,1
28338,0
28339,0
28340,0
28341,0
28342,0
28343,1
28344,2
28345,1
28346,1
28347,1
28348,1
28349,1
28350,1
28351,1
28352,0
28353,0
28354,0
28355,0
28356,0
28357,0
28358,0
28359,0
28360,2
28361,1
28362,0
28363,0
28364,0
28365,0
28366,1
28367,1
28368,1
28369,1
28370,1
28371,1
28372,1
28373,1
28374,2
28375,2
28376,2
28377,2
28378,2
28379,2
28380,1
28381,1
28382,1
28383,3
28384,0
28385,0
28386,0
28387,0
28388,0
28389,1
28390,1
28391,1
28392,2
28393,2
28394,2
28395,3
28396,1
28397,1
28398,1
28399,0
28400,1
28401,1
28402,1
28403,3
28404,1
28405,2
28406,2
28407,0
28408,0
28409,0
28410,1
28411,0
28412,0
28413,2
28414,0
28415,0
28416,0
28417,0
28418,0
28419,1
28420,1
28421,0
28422,0
28423,0
28424,0
28425,2
28426,0
28427,1
28428,1
28429,2
28430,1
28431,2
28432,0
28433,2
28434,4
28435,2
28436,1
28437,0
28438,0
28439,1
28440,0
28441,0
28442,0
28443,0
28444,2
28445,1
28446,2
28447,1
28448,1
28449,0
28450,0
28451,0
28452,0
28453,0
28454,1
28455,0
28456,1
28457,1
28458,1
28459,2
28460,2
28461,0
28462,0
28463,0
28464,0
28465,0
28466,0
28467,1
28468,2
28469,1
28470,2
28471,2
28472,2
28473,1
28474,2
28475,2
28476,1
28477,1
28478,0
28479,1
28480,1
28481,1
28482,1
28483,1
28484,2
28485,1
28486,1
28487,2
28488,1
28489,1
28490,2
28491,2
28492,1
28493,1
28494,1
28495,1
28496,0
28497,2
28498,0
28499,1
28500,1
28501,0
28502,0
28503,1
28504,1
28505,1
28506,0
28507,2
28508,1
28509,0
28510,0
28511,1
28512,1
28513,0
28514,0
28515,0
28516,0
28517,1
28518,1
28519,1
28520,1
28521,1
28522,1
28523,1
28524,1
28525,1
28526,1
28527,2
28528,2
28529,1
28530,1
28531,0
28532,0
28533,0
28534,0
28535,1
28536,2
28537,2
28538,0
28539,2
28540,1
28541,1
28542,1
28543,1
28544,1
28545,1
28546,2
28547,1
28548,0
28549,0
28550,0
28551,0
28552,0
28553,1
28554,0
28555,0
28556,0
28557,1
28558,1
28559,2
28560,1
28561,1
28562,1
28563,1
28564,1
28565,2
28566,0
28567,1
28568,1
28569,2
28570,1
28571,1
28572,2
28573,0
28574,0
28575,0
28576,0
28577,0
28578,0
28579,0
28580,1
28581,2
28582,2
28583,2
28584,3
28585,2
28586,1
28587,1
28588,1
28589,2
28590,1
28591,1
28592,0
28593,1
28594,1
28595,0
28596,1
28597,0
28598,0
28599,1
28600,1
28601,1
28602,0
28603,1
28604,1
28605,0
28606,0
28607,0
28608,1
28609,2
28610,1
28611,1
28612,1
28613,2
28614,3
28615,3
28616,2
28617,0
28618,0
28619,1
28620,1
28621,1
28622,1
28623,1
28624,0
28625,1
28626,0
28627,0
28628,0
28629,0
28630,0
28631,0
28632,0
28633,1
28634,1
28635,0
28636,0
28637,0
28638,1
28639,1
28640,4
28641,3
28642,2
28643,1
28644,2
28645,2
28646,2
28647,1
28648,2
28649,0
28650,1
28651,2
28652,1
28653,0
28654,1
28655,1
28656,0
28657,0
28658,1
28659,0
28660,0
28661,0
28662,0
28663,0
28664,0
28665,0
28666,0
28667,1
28668,1
28669,1
28670,0
28671,1
28672,2
28673,2
28674,1
28675,1
28676,2
28677,1
28678,1
28679,1
28680,1
28681,1
28682,1
28683,0
28684,1
28685,0
28686,1
28687,0
28688,0
28689,1
28690,2
28691,1
28692,1
28693,1
28694,0
28695,1
28696,1
28697,0
28698,0
28699,1
28700,1
28701,2
28702,3
28703,1
28704,1
28705,0
28706,0
28707,0
28708,0
28709,1
28710,1
28711,0
28712,0
28713,0
28714,0
28715,0
28716,0
28717,1
28718,1
28719,1
28720,0
28721,0
28722,0
28723,1
28724,2
28725,2
28726,1
28727,1
28728,2
28729,3
28730,3
28731,2
28732,2
28733,2
28734,2
28735,1
28736,1
28737,1
28738,1
28739,2
28740,1
28741,0
28742,1
28743,1
28744,0
28745,0
28746,0
28747,0
28748,0
28749,0
28750,1
28751,1
28752,0
28753,0
28754,0
28755,0
28756,1
28757,1
28758,1
28759,1
28760,2
28761,3
28762,2
28763,1
28764,3
28765,1
28766,0
28767,1
28768,0
28769,1
28770,0
28771,0
28772,1
28773,0
28774,1
28775,1
28776,1
28777,0
28778,0
28779,2
28780,1
28781,2
28782,1
28783,1
28784,1
28785,1
28786,2
28787,3
28788,3
28789,2
28790,2
28791,0
28792,2
28793,1
28794,0
28795,0
28796,1
28797,0
28798,0
28799,0
28800,1
28801,0
28802,0
28803,0
28804,0
28805,1
28806,0
28807,0
28808,2
28809,2
28810,1
28811,1
28812,1
28813,1
28814,1
28815,2
28816,2
28817,2
28818,1
28819,2
28820,3
28821,1
28822,1
28823,0
28824,0
28825,0
28826,1
28827,1
28828,0
28829,0
28830,0
28831,0
28832,1
28833,1
28834,1
28835,1
28836,2
28837,2
28838,2
28839,1
28840,1
28841,2
28842,1
28843,1
28844,1
28845,2
28846,1
28847,1
28848,1
28849,1
28850,1
28851,2
28852,1
28853,1
28854,0
28855,0
28856,0
28857,1
28858,0
28859,1
28860,1
28861,0
28862,0
28863,0
28864,1
28865,1
28866,1
28867,0
28868,0
28869,0
28870,0
28871,0
28872,0
28873,0
28874,1
28875,0
28876,2
28877,1
28878,1
28879,0
28880,0
28881,1
28882,1
28883,2
28884,1
28885,1
28886,1
28887,1
28888,2
28889,3
28890,1
28891,2
28892,2
28893,1
28894,1
28895,1
28896,2
28897,0
28898,1
28899,1
28900,2
28901,2
28902,1
28903,1
28904,1
28905,1
28906,1
28907,0
28908,1
28909,0
28910,0
28911,1
28912,0
28913,0
28914,0
28915,0
28916,2
28917,3
28918,3
28919,1
28920,0
28921,0
28922,2
28923,0
28924,0
28925,0
28926,1
28927,2
28928,1
28929,2
28930,1
28931,1
28932,1
28933,1
28934,3
28935,2
28936,2
28937,2
28938,1
28939,1
28940,1
28941,2
28942,1
28943,1
28944,1
28945,0
28946,0
28947,1
28948,0
28949,0
28950,0
28951,0
28952,0
28953,0
28954,1
28955,1
28956,2
28957,2
28958,0
28959,1
28960,0
28961,0
28962,0
28963,0
28964,0
28965,1
28966,2
28967,0
28968,1
28969,0
28970,0
28971,0
28972,0
28973,2
28974,2
28975,2
28976,2
28977,1
28978,2
28979,3
28980,1
28981,1
28982,1
28983,0
28984,0
28985,0
28986,2
28987,1
28988,1
28989,0
28990,0
28991,0
28992,3
28993,2
28994,2
28995,0
28996,1
28997,0
28998,0
28999,0
29000,0
29001,0
29002,2
29003,0
29004,0
29005,0
29006,1
29007,0
29008,1
29009,1
29010,1
29011,1
29012,1
29013,1
29014,1
29015,1
29016,0
29017,0
29018,0
29019,1
29020,1
29021,0
29022,3
29023,2
29024,2
29025,1
29026,2
29027,1
29028,0
29029,0
29030,0
29031,0
29032,0
29033,1
29034,1
29035,2
29036,1
29037,0
29038,2
29039,1
29040,0
29041,0
29042,0
29043,0
29044,0
29045,1
29046,1
29047,1
29048,1
29049,1
29050,1
29051,1
29052,1
29053,0
29054,2
29055,2
29056,0
29057,0
29058,0
29059,1
29060,0
29061,0
29062,1
29063,1
29064,0
29065,0
29066,1
29067,1
29068,2
29069,1
29070,1
29071,1
29072,1
29073,2
29074,2
29075,2
29076,2
29077,1
29078,0
29079,1
29080,1
29081,0
29082,1
29083,0
29084,1
29085,2
29086,0
29087,0
29088,0
29089,0
29090,0
29091,2
29092,4
29093,2
29094,2
29095,2
29096,2
29097,1
29098,3
29099,3
29100,1
29101,1
29102,0
29103,1
29104,2
29105,2
29106,1
29107,1
29108,0
29109,0
29110,0
29111,1
29112,0
29113,0
29114,0
29115,0
29116,0
29117,0
29118,0
29119,0
29120,1
29121,1
29122,0
29123,1
29124,1
29125,2
29126,2
29127,3
29128,2
29129,2
29130,1
29131,1
29132,0
29133,1
29134,1
29135,0
29136,1
29137,1
29138,1
29139,1
29140,0
29141,0
29142,1
29143,1
29144,0
29145,0
29146,0
29147,3
29148,3
29149,0
29150,0
29151,1
29152,1
29153,1
29154,1
29155,1
29156,2
29157,2
29158,1
29159,1
29160,1
29161,2
29162,2
29163,1
29164,1
29165,0
29166,1
29167,2
29168,1
29169,0
29170,0
29171,0
29172,0
29173,1
29174,1
29175,1
29176,1
29177,1
29178,1
29179,1
29180,0
29181,0
29182,0
29183,1
29184,0
29185,0
29186,1
29187,0
29188,1
29189,1
29190,0
29191,2
29192,2
29193,3
29194,3
29195,2
29196,3
29197,2
29198,2
29199,2
29200,0
29201,0
29202,1
29203,1
29204,2
29205,2
29206,1
29207,1
29208,0
29209,1
29210,0
29211,0
29212,0
29213,0
29214,0
29215,0
29216,1
29217,0
29218,0
29219,0
29220,0
29221,0
29222,0
29223,1
29224,1
29225,1
29226,1
29227,1
29228,0
29229,0
29230,0
29231,0
29232,1
29233,1
29234,2
29235,1
29236,2
29237,2
29238,2
29239,1
29240,1
29241,2
29242,1
29243,2
29244,1
29245,0
29246,0
29247,1
29248,0
29249,0
29250,0
29251,0
29252,1
29253,1
29254,1
29255,1
29256,1
29257,1
29258,1
29259,3
29260,1
29261,1
29262,3
29263,2
29264,2
29265,2
29266,1
29267,0
29268,0
29269,0
29270,0
29271,1
29272,2
29273,1
29274,0
29275,0
29276,0
29277,1
29278,0
29279,0
29280,2
29281,1
29282,2
29283,0
29284,1
29285,1
29286,2
29287,2
29288,2
29289,1
29290,1
29291,0
29292,0
29293,0
29294,1
29295,0
29296,0
29297,0
29298,0
29299,0
29300,0
29301,0
29302,2
29303,1
29304,0
29305,0
29306,1
29307,1
29308,1
29309,1
29310,0
29311,3
29312,0
29313,1
29314,2
29315,2
29316,1
29317,1
29318,1
29319,1
29320,1
29321,1
29322,2
29323,2
29324,1
29325,2
29326,1
29327,0
29328,2
29329,2
29330,1
29331,1
29332,1
29333,1
29334,0
29335,2
29336,1
29337,1
29338,0
29339,0
29340,0
29341,0
29342,0
29343,0
29344,1
29345,1
29346,1
29347,1
29348,1
29349,1
29350,2
29351,2
29352,1
29353,2
29354,2
29355,3
29356,0
29357,0
29358,1
29359,1
29360,1
29361,1
29362,1
29363,1
29364,0
29365,0
29366,1
29367,0
29368,0
29369,0
29370,0
29371,0
29372,1
29373,1
29374,0
29375,0
29376,0
29377,1
29378,0
29379,0
29380,0
29381,1
29382,1
29383,1
29384,1
29385,1
29386,1
29387,0
29388,2
29389,1
29390,0
29391,1
29392,2
29393,2
29394,1
29395,0
29396,0
29397,1
29398,1
29399,2
29400,3
29401,2
29402,2
29403,0
29404,0
29405,1
29406,1
29407,0
29408,1
29409,1
29410,1
29411,1
29412,1
29413,1
29414,1
29415,1
29416,1
29417,2
29418,1
29419,1
29420,1
29421,1
29422,0
29423,0
29424,0
29425,1
29426,0
29427,0
29428,0
29429,1
29430,0
29431,0
29432,1
29433,1
29434,1
29435,2
29436,2
29437,2
29438,0
29439,1
29440,0
29441,1
29442,1
29443,1
29444,1
29445,0
29446,1
29447,1
29448,1
29449,2
29450,3
29451,3
29452,3
29453,1
29454,0
29455,0
29456,1
29457,1
29458,1
29459,1
29460,0
29461,0
29462,0
29463,0
29464,1
29465,0
29466,0
29467,0
29468,1
29469,1
29470,2
29471,2
29472,0
29473,0
29474,0
29475,0
29476,1
29477,1
29478,0
29479,1
29480,0
29481,0
29482,1
29483,1
29484,2
29485,2
29486,2
29487,3
29488,1
29489,1
29490,1
29491,2
29492,2
29493,1
29494,0
29495,0
29496,1
29497,0
29498,0
29499,0
29500,0
29501,1
29502,1
29503,1
29504,2
29505,2
29506,2
29507,1
29508,0
29509,0
29510,0
29511,0
29512,0
29513,0
29514,0
29515,0
29516,0
29517,0
29518,1
29519,1
29520,1
29521,2
29522,0
29523,1
29524,2
29525,1
29526,1
29527,1
29528,0
29529,1
29530,1
29531,1
29532,0
29533,0
29534,1
29535,3
29536,0
29537,1
29538,1
29539,1
29540,1
29541,1
29542,1
29543,3
29544,1
29545,0
29546,1
29547,0
29548,1
29549,1
29550,0
29551,0
29552,0
29553,0
29554,2
29555,1
29556,2
29557,1
29558,0
29559,0
29560,1
29561,1
29562,1
29563,1
29564,0
29565,1
29566,1
29567,2
29568,1
29569,1
29570,2
29571,1
29572,0
29573,0
29574,0
29575,0
29576,0
29577,1
29578,1
29579,1
29580,1
29581,3
29582,2
29583,3
29584,2
29585,3
29586,2
29587,1
29588,0
29589,0
29590,1
29591,0
29592,0
29593,0
29594,0
29595,1
29596,0
29597,0
29598,1
29599,0
29600,1
29601,0
29602,0
29603,1
29604,1
29605,0
29606,1
29607,1
29608,0
29609,1
29610,1
29611,0
29612,0
29613,0
29614,2
29615,2
29616,1
29617,1
29618,1
29619,1
29620,0
29621,1
29622,2
29623,0
29624,2
29625,2
29626,0
29627,2
29628,2
29629,1
29630,1
29631,1
29632,1
29633,1
29634,1
29635,2
29636,1
29637,1
29638,2
29639,1
29640,1
29641,1
29642,2
29643,1
29644,1
29645,1
29646,0
29647,0
29648,2
29649,2
29650,3
29651,3
29652,1
29653,1
29654,0
29655,0
29656,0
29657,0
29658,0
29659,0
29660,2
29661,0
29662,0
29663,0
29664,2
29665,2
29666,2
29667,1
29668,2
29669,2
29670,2
29671,1
29672,1
29673,0
29674,0
29675,0
29676,0
29677,0
29678,0
29679,0
29680,1
29681,1
29682,2
29683,2
29684,0
29685,0
29686,0
29687,1
29688,2
29689,1
29690,0
29691,1
29692,1
29693,1
29694,1
29695,1
29696,1
29697,1
29698,1
29699,0
29700,0
29701,0
29702,0
29703,0
29704,0
29705,0
29706,1
29707,1
29708,1
29709,1
29710,2
29711,2
29712,1
29713,1
29714,1
29715,2
29716,2
29717,1
29718,1
29719,1
29720,1
29721,0
29722,0
29723,1
29724,0
29725,1
29726,2
29727,1
29728,1
29729,0
29730,1
29731,2
29732,1
29733,0
29734,1
29735,0
29736,0
29737,1
29738,0
29739,0
29740,0
29741,1
29742,2
29743,2
29744,0
29745,0
29746,0
29747,0
29748,1
29749,1
29750,0
29751,0
29752,1
29753,1
29754,1
29755,1
29756,1
29757,2
29758,2
29759,2
29760,1
29761,0
29762,2
29763,0
29764,1
29765,1
29766,1
29767,1
29768,1
29769,1
29770,1
29771,1
29772,1
29773,1
29774,1
29775,0
29776,0
29777,0
29778,0
29779,1
29780,2
29781,2
29782,2
29783,1
29784,0
29785,0
29786,1
29787,1
29788,1
29789,0
29790,0
29791,1
29792,0
29793,1
29794,1
29795,1
29796,1
29797,2
29798,2
29799,2
29800,0
29801,1
29802,1
29803,1
29804,1
29805,1
29806,1
29807,1
29808,2
29809,0
29810,0
29811,1
29812,1
29813,0
29814,0
29815,1
29816,2
29817,0
29818,0
29819,1
29820,1
29821,0
29822,0
29823,1
29824,0
29825,1
29826,1
29827,1
29828,1
29829,1
29830,1
29831,4
29832,2
29833,2
29834,0
29835,1
29836,2
29837,3
29838,1
29839,0
29840,0
29841,1
29842,1
29843,0
29844,0
29845,0
29846,0
29847,0
29848,1
29849,0
29850,0
29851,0
29852,0
29853,1
29854,1
29855,0
29856,1
29857,1
29858,1
29859,1
29860,1
29861,2
29862,0
29863,0
29864,0
29865,1
29866,1
29867,1
29868,0
29869,1
29870,0
29871,0
29872,1
29873,0
29874,2
29875,1
29876,1
29877,2
29878,1
29879,0
29880,0
29881,1
29882,1
29883,2
29884,1
29885,1
29886,1
29887,1
29888,1
29889,1
29890,2
29891,2
29892,1
29893,1
29894,2
29895,0
29896,0
29897,0
29898,1
29899,0
29900,0
29901,1
29902,1
29903,0
29904,0
29905,1
29906,0
29907,1
29908,1
29909,1
29910,0
29911,1
29912,2
29913,1
29914,1
29915,1
29916,1
29917,1
29918,1
29919,1
29920,0
29921,2
29922,2
29923,0
29924,0
29925,0
29926,1
29927,1
29928,0
29929,1
29930,1
29931,1
29932,2
29933,2
29934,2
29935,2
29936,1
29937,1
29938,1
29939,1
29940,1
29941,0
29942,2
29943,2
29944,0
29945,0
29946,1
29947,1
29948,1
29949,0
29950,0
29951,0
29952,0
29953,0
29954,1
29955,1
29956,4
29957,2
29958,0
29959,1
29960,1
29961,1
29962,2
29963,1
29964,1
29965,1
29966,0
29967,1
29968,1
29969,0
29970,1
29971,0
29972,1
29973,1
29974,1
29975,0
29976,0
29977,1
29978,1
29979,1
29980,0
29981,1
29982,1
29983,1
29984,1
29985,2
29986,0
29987,1
29988,1
29989,0
29990,1
29991,2
29992,1
29993,1
29994,1
29995,2
29996,0
29997,2
29998,1
29999,0
30000,0
30001,0
30002,0
30003,0
30004,1
30005,1
30006,0
30007,0
30008,2
30009,1
30010,0
30011,0
30012,1
30013,2
30014,2
30015,1
30016,1
30017,1
30018,0
30019,0
30020,1
30021,1
30022,1
30023,0
30024,0
30025,0
30026,1
30027,1
30028,1
30029,1
30030,2
30031,1
30032,0
30033,1
30034,1
30035,1
30036,1
30037,2
30038,2
30039,2
30040,1
30041,0
30042,2
30043,1
30044,0
30045,1
30046,0
30047,0
30048,1
30049,2
30050,2
30051,1
30052,1
30053,1
30054,1
30055,2
30056,1
30057,3
30058,1
30059,1
30060,0
30061,0
30062,0
30063,1
30064,1
30065,1
30066,1
30067,1
30068,0
30069,1
30070,0
30071,0
30072,1
30073,1
30074,0
30075,0
30076,0
30077,0
30078,1
30079,0
30080,2
30081,0
30082,0
30083,2
30084,1
30085,1
30086,2
30087,2
30088,1
30089,0
30090,1
30091,0
30092,0
30093,0
30094,0
30095,2
30096,1
30097,2
30098,2
30099,0
30100,0
30101,0
30102,0
30103,0
30104,0
30105,1
30106,2
30107,2
30108,1
30109,1
30110,1
30111,2
30112,1
30113,1
30114,1
30115,1
30116,2
30117,2
30118,1
30119,0
30120,1
30121,0
30122,1
30123,1
30124,1
30125,2
30126,1
30127,0
30128,0
30129,0
30130,0
30131,1
30132,1
30133,1
30134,1
30135,1
30136,1
30137,0
30138,0
30139,1
30140,0
30141,1
30142,1
30143,1
30144,1
30145,0
30146,0
30147,0
30148,2
30149,1
30150,1
30151,1
30152,1
30153,0
30154,1
30155,1
30156,1
30157,1
30158,1
30159,1
30160,0
30161,1
30162,2
30163,1
30164,0
30165,2
30166,1
30167,1
30168,1
30169,1
30170,1
30171,0
30172,2
30173,0
30174,0
30175,0
30176,0
30177,0
30178,1
30179,1
30180,0
30181,0
30182,0
30183,0
30184,0
30185,2
30186,1
30187,1
30188,1
30189,0
30190,1
30191,1
30192,0
30193,1
30194,0
30195,1
30196,1
30197,1
30198,1
30199,1
30200,1
30201,1
30202,1
30203,1
30204,2
30205,4
30206,2
30207,0
30208,0
30209,0
30210,1
30211,0
30212,1
30213,2
30214,1
30215,2
30216,1
30217,1
30218,0
30219,0
30220,2
30221,1
30222,1
30223,0
30224,1
30225,1
30226,1
30227,1
30228,1
30229,1
30230,2
30231,1
30232,1
30233,0
30234,1
30235,1
30236,1
30237,1
30238,1
30239,1
30240,1
30241,3
30242,1
30243,0
30244,1
30245,2
30246,2
30247,2
30248,2
30249,0
30250,0
30251,0
30252,0
30253,0
30254,1
30255,0
30256,1
30257,1
30258,1
30259,1
30260,1
30261,1
30262,2
30263,1
30264,1
30265,0
30266,0
30267,0
30268,1
30269,1
30270,0
30271,0
30272,1
30273,1
30274,0
30275,0
30276,1
30277,1
30278,1
30279,0
30280,0
30281,2
30282,1
30283,1
30284,1
30285,1
30286,1
30287,2
30288,1
30289,2
30290,2
30291,0
30292,0
30293,0
30294,0
30295,1
30296,1
30297,2
30298,1
30299,1
30300,1
30301,0
30302,0
30303,1
30304,1
30305,1
30306,1
30307,2
30308,2
30309,0
30310,1
30311,1
30312,1
30313,1
30314,1
30315,1
30316,1
30317,1
30318,0
30319,0
30320,1
30321,1
30322,1
30323,1
30324,2
30325,1
30326,0
30327,1
30328,1
30329,0
30330,0
30331,0
30332,1
30333,1
30334,2
30335,1
30336,0
30337,1
30338,2
30339,0
30340,0
30341,1
30342,1
30343,1
30344,2
30345,2
30346,0
30347,0
30348,0
30349,3
30350,2
30351,1
30352,2
30353,2
30354,0
30355,0
30356,0
30357,1
30358,1
30359,1
30360,1
30361,0
30362,1
30363,0
30364,1
30365,1
30366,1
30367,0
30368,0
30369,0
30370,0
30371,0
30372,1
30373,0
30374,1
30375,1
30376,0
30377,0
30378,0
30379,0
30380,0
30381,0
30382,2
30383,1
30384,1
30385,2
30386,1
30387,2
30388,1
30389,1
30390,1
30391,1
30392,1
30393,2
30394,2
30395,3
30396,1
30397,1
30398,0
30399,0
30400,0
30401,1
30402,2
30403,1
30404,1
30405,0
30406,1
30407,1
30408,1
30409,2
30410,2
30411,2
30412,0
30413,1
30414,1
30415,1
30416,1
30417,2
30418,2
30419,0
30420,1
30421,0
30422,1
30423,0
30424,0
30425,0
30426,0
30427,0
30428,1
30429,0
30430,1
30431,0
30432,2
30433,3
30434,2
30435,1
30436,2
30437,1
30438,1
30439,1
30440,1
30441,1
30442,1
30443,1
30444,1
30445,1
30446,0
30447,0
30448,1
30449,1
30450,0
30451,0
30452,0
30453,1
30454,1
30455,1
30456,0
30457,0
30458,1
30459,2
30460,1
30461,1
30462,2
30463,0
30464,1
30465,1
30466,1
30467,1
30468,3
30469,1
30470,1
30471,0
30472,0
30473,0
30474,0
30475,0
30476,2
30477,0
30478,2
30479,2
30480,0
30481,0
30482,1
30483,1
30484,1
30485,1
30486,1
30487,2
30488,1
30489,1
30490,1
30491,1
30492,1
30493,1
30494,1
30495,1
30496,1
30497,1
30498,1
30499,1
30500,1
30501,1
30502,0
30503,1
30504,1
30505,1
30506,1
30507,2
30508,1
30509,2
30510,1
30511,0
30512,1
30513,0
30514,0
30515,1
30516,1
30517,1
30518,1
30519,1
30520,1
30521,1
30522,1
30523,1
30524,1
30525,2
30526,1
30527,1
30528,2
30529,2
30530,0
30531,0
30532,2
30533,0
30534,0
30535,0
30536,0
30537,1
30538,0
30539,1
30540,1
30541,0
30542,0
30543,0
30544,0
30545,1
30546,1
30547,1
30548,1
30549,0
30550,0
30551,0
30552,0
30553,1
30554,2
30555,1
30556,2
30557,2
30558,1
30559,2
30560,1
30561,0
30562,1
30563,1
30564,2
30565,2
30566,1
30567,3
30568,2
30569,4
30570,3
30571,1
30572,1
30573,1
30574,1
30575,1
30576,0
30577,0
30578,0
30579,0
30580,1
30581,0
30582,0
30583,0
30584,0
30585,0
30586,0
30587,0
30588,2
30589,1
30590,1
30591,1
30592,0
30593,1
30594,0
30595,1
30596,2
30597,2
30598,1
30599,1
30600,1
30601,1
30602,2
30603,2
30604,2
30605,2
30606,1
30607,1
30608,0
30609,0
30610,0
30611,0
30612,0
30613,0
30614,0
30615,0
30616,0
30617,0
30618,2
30619,1
30620,1
30621,1
30622,1
30623,1
30624,1
30625,1
30626,1
30627,2
30628,2
30629,1
30630,0
30631,0
30632,0
30633,1
30634,2
30635,1
30636,0
30637,0
30638,1
30639,1
30640,0
30641,0
30642,1
30643,1
30644,0
30645,1
30646,1
30647,1
30648,1
30649,1
30650,1
30651,1
30652,2
30653,2
30654,0
30655,0
30656,0
30657,0
30658,1
30659,1
30660,3
30661,2
30662,2
30663,3
30664,1
30665,1
30666,2
30667,1
30668,1
30669,0
30670,0
30671,0
30672,1
30673,1
30674,0
30675,1
30676,0
30677,0
30678,1
30679,1
30680,0
30681,0
30682,0
30683,1
30684,0
30685,1
30686,0
30687,0
30688,1
30689,1
30690,1
30691,2
30692,1
30693,0
30694,0
30695,0
30696,1
30697,1
30698,0
30699,0
30700,1
30701,0
30702,1
30703,1
30704,1
30705,1
30706,1
30707,1
30708,1
30709,1
30710,2
30711,1
30712,2
30713,1
30714,2
30715,0
30716,0
30717,1
30718,1
30719,1
30720,2
30721,1
30722,0
30723,0
30724,0
30725,0
30726,0
30727,1
30728,0
30729,1
30730,1
30731,1
30732,0
30733,1
30734,2
30735,1
30736,1
30737,2
30738,1
30739,1
30740,1
30741,1
30742,1
30743,2
30744,1
30745,1
30746,1
30747,0
30748,0
30749,1
30750,1
30751,0
30752,1
30753,0
30754,0
30755,0
30756,0
30757,1
30758,1
30759,1
30760,1
30761,0
30762,1
30763,1
30764,1
30765,1
30766,1
30767,1
30768,0
30769,0
30770,0
30771,1
30772,1
30773,4
30774,2
30775,0
30776,1
30777,0
30778,0
30779,2
30780,1
30781,1
30782,1
30783,2
30784,1
30785,2
30786,2
30787,2
30788,3
30789,1
30790,2
30791,2
30792,2
30793,0
30794,0
30795,0
30796,0
30797,0
30798,0
30799,0
30800,0
30801,0
30802,0
30803,0
30804,1
30805,0
30806,0
30807,0
30808,0
30809,1
30810,3
30811,2
30812,1
30813,1
30814,3
30815,0
30816,2
30817,1
30818,0
30819,0
30820,0
30821,1
30822,1
30823,0
30824,1
30825,1
30826,0
30827,0
30828,0
30829,0
30830,0
30831,0
30832,0
30833,2
30834,2
30835,1
30836,1
30837,0
30838,0
30839,1
30840,1
30841,2
30842,3
30843,3
30844,1
30845,1
30846,0
30847,1
30848,1
30849,3
30850,3
30851,1
30852,1
30853,1
30854,1
30855,0
30856,1
30857,0
30858,0
30859,1
30860,0
30861,1
30862,1
30863,0
30864,1
30865,0
30866,0
30867,0
30868,1
30869,1
30870,1
30871,0
30872,1
30873,2
30874,2
30875,1
30876,1
30877,0
30878,1
30879,1
30880,1
30881,1
30882,1
30883,1
30884,1
30885,1
30886,1
30887,1
30888,0
30889,0
30890,0
30891,1
30892,1
30893,0
30894,1
30895,1
30896,1
30897,1
30898,1
30899,0
30900,1
30901,1
30902,1
30903,1
30904,0
30905,1
30906,2
30907,2
30908,1
30909,1
30910,2
30911,0
30912,1
30913,1
30914,1
30915,2
30916,1
30917,1
30918,1
30919,1
30920,2
30921,1
30922,2
30923,1
30924,1
30925,1
30926,1
30927,2
30928,2
30929,2
30930,1
30931,0
30932,0
30933,0
30934,0
30935,1
30936,1
30937,1
30938,0
30939,0
30940,0
30941,0
30942,0
30943,0
30944,1
30945,1
30946,1
30947,1
30948,0
30949,1
30950,1
30951,1
30952,2
30953,0
30954,1
30955,1
30956,1
30957,0
30958,1
30959,0
30960,0
30961,0
30962,1
30963,1
30964,1
30965,1
30966,0
30967,3
30968,1
30969,0
30970,1
30971,0
30972,0
30973,1
30974,2
30975,2
30976,1
30977,2
30978,2
30979,1
30980,1
30981,3
30982,3
30983,1
30984,1
30985,1
30986,1
30987,0
30988,0
30989,0
30990,1
30991,2
30992,0
30993,1
30994,0
30995,0
30996,0
30997,0
30998,0
30999,0
31000,1
31001,1
31002,1
31003,1
31004,1
31005,2
31006,1
31007,1
31008,0
31009,1
31010,1
31011,0
31012,0
31013,1
31014,0
31015,0
31016,0
31017,0
31018,0
31019,0
31020,1
31021,1
31022,1
31023,1
31024,1
31025,2
31026,1
31027,1
31028,2
31029,1
31030,3
31031,3
31032,4
31033,1
31034,1
31035,1
31036,1
31037,1
31038,1
31039,0
31040,1
31041,2
31042,1
31043,3
31044,2
31045,2
31046,1
31047,0
31048,1
31049,1
31050,2
31051,2
31052,1
31053,1
31054,1
31055,1
31056,1
31057,0
31058,0
31059,0
31060,0
31061,1
31062,1
31063,1
31064,1
31065,1
31066,0
31067,0
31068,0
31069,0
31070,0
31071,0
31072,2
31073,2
31074,1
31075,0
31076,1
31077,0
31078,0
31079,0
31080,0
31081,0
31082,2
31083,1
31084,0
31085,0
31086,0
31087,1
31088,0
31089,0
31090,0
31091,2
31092,2
31093,1
31094,1
31095,1
31096,0
31097,2
31098,3
31099,2
31100,2
31101,1
31102,2
31103,1
31104,0
31105,0
31106,0
31107,0
31108,0
31109,0
31110,1
31111,1
31112,0
31113,0
31114,2
31115,2
31116,2
31117,1
31118,1
31119,1
31120,2
31121,2
31122,1
31123,2
31124,1
31125,0
31126,0
31127,0
31128,1
31129,0
31130,0
31131,1
31132,1
31133,1
31134,0
31135,2
31136,1
31137,0
31138,1
31139,0
31140,0
31141,0
31142,0
31143,0
31144,0
31145,2
31146,3
31147,1
31148,2
31149,2
31150,1
31151,1
31152,1
31153,3
31154,3
31155,1
31156,1
31157,0
31158,0
31159,0
31160,0
31161,0
31162,0
31163,1
31164,0
31165,1
31166,1
31167,0
31168,2
31169,2
31170,1
31171,1
31172,1
31173,0
31174,0
31175,0
31176,0
31177,1
31178,2
31179,3
31180,3
31181,0
31182,0
31183,1
31184,1
31185,0
31186,0
31187,0
31188,0
31189,0
31190,0
31191,0
31192,0
31193,1
31194,1
31195,2
31196,2
31197,2
31198,1
31199,1
31200,2
31201,1
31202,1
31203,0
31204,0
31205,0
31206,2
31207,0
31208,1
31209,0
31210,0
31211,0
31212,0
31213,0
31214,2
31215,1
31216,1
31217,1
31218,2
31219,1
31220,1
31221,3
31222,1
31223,1
31224,0
31225,0
31226,1
31227,2
31228,1
31229,0
31230,1
31231,2
31232,1
31233,1
31234,1
31235,1
31236,1
31237,1
31238,2
31239,2
31240,0
31241,2
31242,1
31243,1
31244,1
31245,2
31246,1
31247,0
31248,0
31249,0
31250,0
31251,0
31252,0
31253,0
31254,0
31255,0
31256,2
31257,2
31258,1
31259,1
31260,0
31261,1
31262,1
31263,1
31264,2
31265,1
31266,2
31267,0
31268,0
31269,0
31270,0
31271,0
31272,0
31273,0
31274,0
31275,1
31276,1
31277,1
31278,1
31279,1
31280,2
31281,4
31282,2
31283,1
31284,0
31285,1
31286,0
31287,0
31288,0
31289,0
31290,2
31291,1
31292,1
31293,1
31294,0
31295,0
31296,1
31297,2
31298,2
31299,2
31300,2
31301,1
31302,2
31303,2
31304,1
31305,2
31306,1
31307,1
31308,0
31309,2
31310,1
31311,1
31312,0
31313,0
31314,0
31315,0
31316,0
31317,1
31318,0
31319,0
31320,0
31321,1
31322,2
31323,0
31324,0
31325,0
31326,0
31327,0
31328,1
31329,0
31330,1
31331,4
31332,2
31333,1
31334,1
31335,1
31336,2
31337,1
31338,2
31339,0
31340,0
31341,1
31342,0
31343,0
31344,0
31345,1
31346,1
31347,0
31348,0
31349,0
31350,1
31351,0
31352,0
31353,0
31354,0
31355,1
31356,1
31357,1
31358,3
31359,1
31360,1
31361,0
31362,1
31363,1
31364,1
31365,1
31366,1
31367,1
31368,1
31369,1
31370,1
31371,1
31372,2
31373,1
31374,1
31375,0
31376,0
31377,0
31378,0
31379,1
31380,0
31381,2
31382,3
31383,0
31384,2
31385,1
31386,1
31387,0
31388,0
31389,0
31390,0
31391,0
31392,0
31393,0
31394,1
31395,1
31396,1
31397,0
31398,0
31399,0
31400,0
31401,0
31402,1
31403,2
31404,1
31405,1
31406,0
31407,2
31408,2
31409,3
31410,2
31411,3
31412,1
31413,1
31414,0
31415,0
31416,1
31417,1
31418,1
31419,1
31420,1
31421,0
31422,0
31423,0
31424,1
31425,1
31426,1
31427,1
31428,1
31429,2
31430,2
31431,1
31432,2
31433,3
31434,3
31435,2
31436,1
31437,0
31438,0
31439,0
31440,1
31441,0
31442,0
31443,0
31444,0
31445,0
31446,0
31447,1
31448,1
31449,2
31450,1
31451,1
31452,1
31453,1
31454,0
31455,0
31456,0
31457,0
31458,0
31459,0
31460,0
31461,1
31462,1
31463,1
31464,0
31465,1
31466,1
31467,1
31468,2
31469,1
31470,2
31471,1
31472,0
31473,1
31474,1
31475,1
31476,1
31477,2
31478,2
31479,1
31480,2
31481,0
31482,1
31483,1
31484,1
31485,0
31486,0
31487,0
31488,2
31489,0
31490,0
31491,2
31492,1
31493,1
31494,1
31495,0
31496,0
31497,0
31498,0
31499,1
31500,1
31501,2
31502,1
31503,1
31504,0
31505,0
31506,0
31507,1
31508,1
31509,2
31510,0
31511,1
31512,1
31513,1
31514,0
31515,0
31516,1
31517,3
31518,2
31519,1
31520,0
31521,0
31522,0
31523,1
31524,1
31525,1
31526,1
31527,3
31528,1
31529,0
31530,2
31531,1
31532,1
31533,1
31534,2
31535,3
31536,1
31537,1
31538,1
31539,0
31540,0
31541,0
31542,1
31543,1
31544,0
31545,0
31546,0
31547,0
31548,0
31549,1
31550,2
31551,0
31552,1
31553,1
31554,1
31555,0
31556,0
31557,3
31558,3
31559,1
31560,3
31561,3
31562,1
31563,2
31564,1
31565,0
31566,0
31567,1
31568,1
31569,1
31570,1
31571,1
31572,1
31573,1
31574,1
31575,0
31576,0
31577,0
31578,0
31579,0
31580,0
31581,0
31582,0
31583,0
31584,1
31585,1
31586,1
31587,2
31588,1
31589,0
31590,0
31591,0
31592,0
31593,0
31594,0
31595,0
31596,1
31597,0
31598,3
31599,2
31600,1
31601,1
31602,1
31603,1
31604,1
31605,2
31606,2
31607,1
31608,1
31609,1
31610,2
31611,0
31612,0
31613,0
31614,0
31615,1
31616,1
31617,0
31618,2
31619,1
31620,0
31621,0
31622,0
31623,1
31624,0
31625,0
31626,0
31627,0
31628,1
31629,1
31630,1
31631,0
31632,2
31633,1
31634,0
31635,0
31636,0
31637,1
31638,2
31639,2
31640,1
31641,1
31642,1
31643,1
31644,1
31645,1
31646,2
31647,1
31648,2
31649,2
31650,2
31651,3
31652,3
31653,0
31654,1
31655,1
31656,0
31657,1
31658,1
31659,1
31660,0
31661,1
31662,2
31663,3
31664,1
31665,0
31666,0
31667,0
31668,1
31669,1
31670,0
31671,0
31672,0
31673,0
31674,0
31675,1
31676,1
31677,1
31678,0
31679,2
31680,1
31681,0
31682,0
31683,1
31684,1
31685,1
31686,2
31687,2
31688,1
31689,1
31690,1
31691,0
31692,2
31693,1
31694,2
31695,1
31696,0
31697,1
31698,1
31699,1
31700,0
31701,0
31702,0
31703,0
31704,0
31705,1
31706,1
31707,1
31708,1
31709,1
31710,1
31711,1
31712,1
31713,1
31714,1
31715,0
31716,0
31717,1
31718,2
31719,1
31720,0
31721,0
31722,1
31723,1
31724,1
31725,1
31726,2
31727,0
31728,0
31729,0
31730,1
31731,2
31732,1
31733,0
31734,0
31735,1
31736,1
31737,0
31738,0
31739,2
31740,1
31741,1
31742,0
31743,0
31744,2
31745,2
31746,3
31747,2
31748,3
31749,1
31750,1
31751,1
31752,1
31753,1
31754,1
31755,2
31756,2
31757,0
31758,0
31759,0
31760,0
31761,0
31762,0
31763,0
31764,0
31765,0
31766,1
31767,0
31768,0
31769,0
31770,0
31771,0
31772,1
31773,0
31774,1
31775,1
31776,0
31777,0
31778,0
31779,1
31780,3
31781,3
31782,1
31783,2
31784,1
31785,1
31786,0
31787,1
31788,2
31789,2
31790,1
31791,0
31792,0
31793,2
31794,1
31795,1
31796,0
31797,1
31798,1
31799,0
31800,1
31801,0
31802,0
31803,0
31804,0
31805,0
31806,0
31807,1
31808,0
31809,0
31810,0
31811,1
31812,1
31813,1
31814,2
31815,1
31816,1
31817,1
31818,3
31819,2
31820,0
31821,0
31822,1
31823,1
31824,2
31825,2
31826,2
31827,0
31828,1
31829,2
31830,1
31831,0
31832,0
31833,0
31834,0
31835,0
31836,0
31837,0
31838,0
31839,0
31840,0
31841,1
31842,1
31843,1
31844,1
31845,2
31846,3
31847,3
31848,2
31849,1
31850,1
31851,0
31852,0
31853,1
31854,1
31855,1
31856,1
31857,0
31858,0
31859,0
31860,1
31861,2
31862,1
31863,1
31864,1
31865,2
31866,1
31867,0
31868,1
31869,1
31870,1
31871,0
31872,0
31873,1
31874,2
31875,2
31876,1
31877,1
31878,1
31879,1
31880,1
31881,1
31882,0
31883,1
31884,0
31885,0
31886,0
31887,1
31888,1
31889,1
31890,1
31891,1
31892,0
31893,0
31894,0
31895,0
31896,0
31897,1
31898,0
31899,0
31900,1
31901,1
31902,2
31903,2
31904,0
31905,0
31906,0
31907,0
31908,0
31909,2
31910,0
31911,1
31912,1
31913,2
31914,3
31915,1
31916,2
31917,2
31918,2
31919,2
31920,1
31921,0
31922,1
31923,2
31924,0
31925,0
31926,1
31927,3
31928,0
31929,0
31930,0
31931,0
31932,0
31933,0
31934,0
31935,0
31936,1
31937,1
31938,0
31939,0
31940,0
31941,0
31942,1
31943,1
31944,0
31945,0
31946,1
31947,1
31948,1
31949,1
31950,2
31951,2
31952,1
31953,1
31954,1
31955,1
31956,1
31957,1
31958,1
31959,0
31960,1
31961,1
31962,1
31963,1
31964,0
31965,1
31966,0
31967,2
31968,0
31969,1
31970,2
31971,1
31972,1
31973,1
31974,1
31975,1
31976,1
31977,1
31978,1
31979,1
31980,0
31981,0
31982,3
31983,1
31984,1
31985,1
31986,1
31987,0
31988,2
31989,1
31990,1
31991,1
31992,1
31993,0
31994,0
31995,0
31996,0
31997,0
31998,0
31999,0
32000,1
32001,1
32002,2
32003,3
32004,1
32005,2
32006,0
32007,0
32008,0
32009,0
32010,0
32011,1
32012,0
32013,0
32014,0
32015,0
32016,1
32017,0
32018,0
32019,0
32020,0
32021,0
32022,0
32023,2
32024,3
32025,1
32026,2
32027,1
32028,2
32029,2
32030,2
32031,1
32032,0
32033,0
32034,1
32035,2
32036,1
32037,1
32038,0
32039,0
32040,0
32041,0
32042,0
32043,0
32044,1
32045,0
32046,0
32047,0
32048,1
32049,2
32050,2
32051,1
32052,0
32053,0
32054,2
32055,1
32056,1
32057,1
32058,1
32059,2
32060,2
32061,1
32062,1
32063,1
32064,1
32065,1
32066,0
32067,0
32068,1
32069,0
32070,1
32071,1
32072,1
32073,1
32074,1
32075,1
32076,1
32077,3
32078,3
32079,2
32080,1
32081,0
32082,0
32083,0
32084,0
32085,0
32086,1
32087,1
32088,1
32089,0
32090,1
32091,1
32092,1
32093,1
32094,1
32095,1
32096,1
32097,0
32098,1
32099,0
32100,0
32101,0
32102,0
32103,2
32104,2
32105,1
32106,1
32107,1
32108,2
32109,3
32110,1
32111,0
32112,0
32113,0
32114,1
32115,0
32116,0
32117,1
32118,0
32119,0
32120,0
32121,0
32122,0
32123,1
32124,1
32125,2
32126,1
32127,1
32128,0
32129,1
32130,0
32131,1
32132,0
32133,1
32134,0
32135,1
32136,0
32137,0
32138,0
32139,0
32140,1
32141,1
32142,0
32143,2
32144,2
32145,1
32146,1
32147,1
32148,2
32149,1
32150,2
32151,1
32152,0
32153,0
32154,1
32155,1
32156,0
32157,1
32158,2
32159,0
32160,1
32161,3
32162,1
32163,0
32164,0
32165,0
32166,0
32167,0
32168,2
32169,2
32170,1
32171,1
32172,0
32173,0
32174,0
32175,0
32176,1
32177,0
32178,0
32179,0
32180,0
32181,0
32182,2
32183,1
32184,1
32185,1
32186,2
32187,2
32188,1
32189,1
32190,2
32191,2
32192,1
32193,1
32194,0
32195,0
32196,1
32197,1
32198,1
32199,2
32200,3
32201,1
32202,0
32203,0
32204,0
32205,2
32206,1
32207,2
32208,2
32209,3
32210,5
32211,1
32212,1
32213,0
32214,0
32215,0
32216,0
32217,0
32218,0
32219,0
32220,1
32221,1
32222,1
32223,2
32224,0
32225,0
32226,0
32227,2
32228,3
32229,2
32230,2
32231,2
32232,1
32233,1
32234,2
32235,3
32236,2
32237,0
32238,0
32239,0
32240,0
32241,0
32242,1
32243,0
32244,0
32245,0
32246,1
32247,1
32248,2
32249,2
32250,2
32251,0
32252,0
32253,0
32254,0
32255,1
32256,1
32257,3
32258,2
32259,2
32260,0
32261,1
32262,1
32263,1
32264,1
32265,0
32266,0
32267,0
32268,0
32269,0
32270,0
32271,1
32272,1
32273,1
32274,1
32275,0
32276,0
32277,0
32278,1
32279,3
32280,1
32281,1
32282,1
32283,0
32284,1
32285,1
32286,2
32287,1
32288,0
32289,0
32290,0
32291,1
32292,3
32293,0
32294,0
32295,1
32296,1
32297,1
32298,2
32299,2
32300,2
32301,1
32302,1
32303,1
32304,2
32305,0
32306,0
32307,0
32308,0
32309,1
32310,0
32311,0
32312,1
32313,0
32314,1
32315,0
32316,1
32317,0
32318,0
32319,1
32320,1
32321,1
32322,1
32323,0
32324,0
32325,0
32326,0
32327,1
32328,0
32329,2
32330,2
32331,1
32332,1
32333,2
32334,2
32335,2
32336,2
32337,1
32338,1
32339,0
32340,2
32341,1
32342,1
32343,1
32344,0
32345,0
32346,1
32347,0
32348,0
32349,0
32350,1
32351,1
32352,2
32353,3
32354,1
32355,1
32356,1
32357,1
32358,0
32359,0
32360,1
32361,1
32362,2
32363,1
32364,0
32365,1
32366,1
32367,1
32368,0
32369,1
32370,0
32371,0
32372,0
32373,0
32374,0
32375,0
32376,1
32377,2
32378,1
32379,1
32380,0
32381,1
32382,2
32383,1
32384,1
32385,0
32386,1
32387,0
32388,1
32389,2
32390,1
32391,1
32392,1
32393,1
32394,1
32395,1
32396,1
32397,1
32398,1
32399,0
32400,0
32401,2
32402,2
32403,1
32404,1
32405,1
32406,1
32407,0
32408,0
32409,1
32410,0
32411,0
32412,0
32413,1
32414,0
32415,1
32416,2
32417,0
32418,0
32419,1
32420,1
32421,0
32422,0
32423,2
32424,1
32425,1
32426,1
32427,0
32428,0
32429,0
32430,0
32431,0
32432,0
32433,0
32434,0
32435,0
32436,1
32437,1
32438,1
32439,1
32440,1
32441,1
32442,2
32443,1
32444,2
32445,2
32446,2
32447,2
32448,1
32449,1
32450,1
32451,0
32452,0
32453,0
32454,1
32455,1
32456,1
32457,0
32458,0
32459,1
32460,1
32461,1
32462,1
32463,1
32464,0
32465,1
32466,1
32467,1
32468,2
32469,0
32470,1
32471,1
32472,1
32473,1
32474,1
32475,3
32476,1
32477,1
32478,0
32479,2
32480,1
32481,1
32482,1
32483,1
32484,1
32485,1
32486,1
32487,2
32488,1
32489,1
32490,2
32491,1
32492,0
32493,0
32494,0
32495,1
32496,0
32497,0
32498,2
32499,1
32500,0
32501,1
32502,1
32503,0
32504,2
32505,1
32506,0
32507,0
32508,0
32509,1
32510,1
32511,1
32512,0
32513,0
32514,0
32515,1
32516,2
32517,3
32518,2
32519,2
32520,1
32521,1
32522,2
32523,1
32524,3
32525,3
32526,1
32527,0
32528,0
32529,0
32530,0
32531,0
32532,0
32533,0
32534,0
32535,1
32536,1
32537,1
32538,1
32539,1
32540,0
32541,0
32542,0
32543,0
32544,0
32545,1
32546,1
32547,2
32548,1
32549,1
32550,1
32551,2
32552,2
32553,1
32554,1
32555,1
32556,1
32557,0
32558,1
32559,1
32560,1
32561,1
32562,0
32563,0
32564,1
32565,1
32566,2
32567,1
32568,1
32569,0
32570,0
32571,1
32572,1
32573,1
32574,1
32575,0
32576,2
32577,0
32578,0
32579,0
32580,0
32581,0
32582,0
32583,1
32584,1
32585,0
32586,1
32587,0
32588,0
32589,0
32590,0
32591,1
32592,1
32593,1
32594,0
32595,0
32596,1
32597,2
32598,1
32599,0
32600,1
32601,1
32602,1
32603,2
32604,2
32605,2
32606,1
32607,1
32608,1
32609,0
32610,0
32611,0
32612,1
32613,0
32614,0
32615,0
32616,0
32617,1
32618,1
32619,0
32620,0
32621,1
32622,1
32623,1
32624,2
32625,2
32626,1
32627,1
32628,2
32629,1
32630,1
32631,1
32632,2
32633,1
32634,1
32635,3
32636,1
32637,1
32638,0
32639,1
32640,1
32641,0
32642,0
32643,0
32644,0
32645,0
32646,2
32647,2
32648,0
32649,2
32650,1
32651,1
32652,0
32653,2
32654,1
32655,1
32656,1
32657,1
32658,1
32659,1
32660,1
32661,2
32662,2
32663,1
32664,1
32665,2
32666,1
32667,0
32668,0
32669,1
32670,0
32671,0
32672,0
32673,0
32674,0
32675,0
32676,0
32677,0
32678,0
32679,0
32680,1
32681,2
32682,2
32683,1
32684,0
32685,0
32686,0
32687,0
32688,0
32689,1
32690,1
32691,1
32692,1
32693,1
32694,0
32695,2
32696,2
32697,2
32698,2
32699,3
32700,2
32701,2
32702,2
32703,1
32704,1
32705,2
32706,0
32707,0
32708,0
32709,0
32710,0
32711,1
32712,0
32713,0
32714,0
32715,0
32716,2
32717,2
32718,1
32719,0
32720,0
32721,1
32722,1
32723,1
32724,0
32725,1
32726,1
32727,2
32728,1
32729,1
32730,3
32731,2
32732,0
32733,1
32734,1
32735,0
32736,0
32737,1
32738,1
32739,1
32740,1
32741,1
32742,1
32743,1
32744,1
32745,1
32746,1
32747,1
32748,3
32749,2
32750,1
32751,1
32752,2
32753,1
32754,1
32755,0
32756,0
32757,0
32758,0
32759,0
32760,0
32761,0
32762,2
32763,1
32764,1
32765,1
32766,0
32767,0
