plane_index,reads_count
0,6
1,4
2,3
3,3
4,6
5,4
6,3
7,2
8,2
9,3
10,5
11,3
12,2
13,3
14,4
15,3
16,2
17,5
18,6
19,7
20,5
21,7
22,6
23,6
24,6
25,7
26,6
27,5
28,6
29,7
30,6
31,2
32,6
33,4
34,2
35,4
36,5
37,5
38,3
39,6
40,5
41,5
42,8
43,6
44,8
45,9
46,7
47,6
48,10
49,8
50,7
51,5
52,5
53,5
54,4
55,5
56,6
57,7
58,8
59,4
60,1
61,3
62,5
63,4
64,3
65,4
66,4
67,7
68,5
69,4
70,7
71,6
72,4
73,3
74,3
75,3
76,3
77,7
78,8
79,8
80,3
81,6
82,2
83,2
84,5
85,7
86,5
87,3
88,6
89,7
90,8
91,5
92,3
93,3
94,4
95,4
96,9
97,3
98,2
99,4
100,5
101,4
102,4
103,7
104,3
105,4
106,6
107,5
108,3
109,5
110,9
111,3
112,1
113,3
114,2
115,4
116,5
117,6
118,9
119,7
120,6
121,4
122,5
123,9
124,7
125,7
126,7
127,6
128,9
129,9
130,7
131,3
132,2
133,5
134,5
135,6
136,5
137,3
138,4
139,6
140,5
141,3
142,2
143,6
144,6
145,6
146,6
147,4
148,6
149,7
150,5
151,4
152,5
153,6
154,3
155,4
156,7
157,4
158,7
159,7
160,7
161,7
162,7
163,8
164,9
165,7
166,9
167,10
168,9
169,7
170,5
171,8
172,8
173,3
174,4
175,6
176,5
177,7
178,9
179,5
180,3
181,5
182,2
183,1
184,1
185,4
186,4
187,5
188,4
189,4
190,3
191,5
192,4
193,6
194,5
195,3
196,4
197,5
198,5
199,4
200,7
201,4
202,6
203,7
204,5
205,6
206,5
207,7
208,6
209,7
210,6
211,8
212,8
213,8
214,7
215,5
216,7
217,7
218,3
219,4
220,7
221,6
222,3
223,2
224,5
225,3
226,5
227,8
228,7
229,5
230,5
231,7
232,5
233,6
234,7
235,4
236,2
237,4
238,6
239,4
240,4
241,2
242,4
243,4
244,5
245,8
246,4
247,3
248,3
249,5
250,6
251,4
252,4
253,6
254,4
255,5
256,4
257,5
258,3
259,3
260,3
261,8
262,7
263,4
264,6
265,7
266,4
267,3
268,4
269,4
270,6
271,5
272,6
273,5
274,4
275,2
276,4
277,5
278,4
279,3
280,4
281,5
282,3
283,5
284,2
285,4
286,5
287,4
288,6
289,5
290,4
291,4
292,2
293,3
294,3
295,3
296,6
297,6
298,7
299,6
300,2
301,4
302,5
303,7
304,5
305,6
306,7
307,2
308,5
309,6
310,7
311,5
312,3
313,6
314,7
315,5
316,5
317,3
318,2
319,4
320,6
321,5
322,2
323,5
324,5
325,5
326,5
327,5
328,8
329,8
330,4
331,5
332,5
333,3
334,3
335,4
336,3
337,4
338,6
339,5
340,4
341,5
342,5
343,2
344,2
345,3
346,4
347,6
348,4
349,5
350,6
351,7
352,5
353,5
354,6
355,3
356,5
357,6
358,5
359,5
360,6
361,2
362,2
363,8
364,5
365,6
366,7
367,4
368,6
369,7
370,5
371,6
372,5
373,2
374,5
375,5
376,5
377,4
378,2
379,4
380,4
381,3
382,3
383,4
384,5
385,3
386,5
387,7
388,6
389,6
390,8
391,7
392,5
393,5
394,7
395,6
396,3
397,4
398,4
399,3
400,2
401,3
402,5
403,4
404,5
405,7
406,7
407,4
408,6
409,5
410,3
411,5
412,5
413,3
414,3
415,6
416,4
417,4
418,4
419,5
420,3
421,7
422,8
423,7
424,7
425,6
426,9
427,7
428,3
429,5
430,3
431,3
432,5
433,4
434,5
435,4
436,4
437,5
438,4
439,6
440,7
441,9
442,7
443,5
444,5
445,3
446,3
447,4
448,5
449,1
450,4
451,3
452,4
453,3
454,4
455,5
456,5
457,4
458,4
459,5
460,7
461,4
462,7
463,5
464,4
465,5
466,5
467,4
468,5
469,4
470,4
471,9
472,5
473,4
474,6
475,5
476,7
477,9
478,9
479,5
480,4
481,7
482,4
483,4
484,4
485,3
486,4
487,3
488,4
489,4
490,4
491,4
492,3
493,4
494,5
495,3
496,5
497,5
498,3
499,4
500,4
501,7
502,6
503,7
504,5
505,7
506,7
507,8
508,8
509,5
510,4
511,3
512,3
513,3
514,4
515,4
516,5
517,3
518,5
519,4
520,6
521,4
522,5
523,6
524,5
525,7
526,5
527,3
528,4
529,4
530,4
531,3
532,3
533,3
534,5
535,5
536,5
537,4
538,6
539,7
540,5
541,6
542,5
543,4
544,6
545,6
546,5
547,6
548,6
549,4
550,4
551,5
552,3
553,3
554,2
555,1
556,3
557,2
558,3
559,4
560,5
561,5
562,4
563,5
564,4
565,3
566,3
567,3
568,4
569,4
570,5
571,5
572,8
573,7
574,6
575,5
576,6
577,7
578,6
579,5
580,4
581,3
582,3
583,5
584,5
585,5
586,4
587,4
588,5
589,6
590,7
591,3
592,4
593,3
594,3
595,4
596,4
597,4
598,7
599,4
600,4
601,5
602,5
603,5
604,5
605,4
606,6
607,5
608,4
609,2
610,3
611,3
612,3
613,5
614,3
615,7
616,7
617,5
618,9
619,5
620,3
621,2
622,2
623,2
624,3
625,6
626,4
627,7
628,4
629,1
630,2
631,3
632,6
633,6
634,5
635,9
636,7
637,2
638,2
639,3
640,4
641,3
642,2
643,3
644,4
645,6
646,5
647,5
648,6
649,3
650,4
651,5
652,5
653,5
654,4
655,3
656,5
657,4
658,5
659,5
660,5
661,5
662,6
663,6
664,5
665,7
666,5
667,6
668,6
669,4
670,5
671,4
672,8
673,3
674,1
675,3
676,5
677,7
678,6
679,3
680,6
681,3
682,3
683,1
684,6
685,6
686,7
687,2
688,2
689,3
690,4
691,6
692,5
693,4
694,2
695,4
696,7
697,6
698,6
699,4
700,5
701,4
702,4
703,3
704,1
705,4
706,3
707,4
708,3
709,3
710,3
711,4
712,3
713,4
714,4
715,3
716,6
717,6
718,4
719,4
720,4
721,3
722,5
723,6
724,6
725,9
726,4
727,5
728,2
729,2
730,4
731,5
732,5
733,4
734,7
735,6
736,4
737,6
738,7
739,6
740,5
741,4
742,3
743,7
744,9
745,7
746,6
747,5
748,5
749,2
750,2
751,2
752,2
753,5
754,5
755,3
756,2
757,5
758,7
759,6
760,2
761,2
762,3
763,4
764,4
765,5
766,4
767,5
768,6
769,4
770,3
771,4
772,1
773,4
774,3
775,4
776,3
777,8
778,3
779,3
780,4
781,5
782,4
783,4
784,2
785,3
786,5
787,6
788,5
789,4
790,5
791,5
792,4
793,5
794,7
795,5
796,3
797,5
798,9
799,7
800,3
801,4
802,3
803,7
804,4
805,1
806,3
807,3
808,5
809,6
810,5
811,5
812,4
813,5
814,3
815,4
816,5
817,5
818,6
819,7
820,5
821,4
822,7
823,3
824,2
825,5
826,7
827,5
828,5
829,6
830,4
831,6
832,7
833,6
834,4
835,3
836,3
837,3
838,6
839,5
840,6
841,5
842,5
843,3
844,4
845,5
846,4
847,3
848,4
849,7
850,6
851,7
852,4
853,4
854,2
855,4
856,5
857,4
858,3
859,8
860,6
861,1
862,2
863,5
864,4
865,4
866,4
867,6
868,5
869,2
870,4
871,4
872,6
873,4
874,5
875,5
876,4
877,6
878,7
879,7
880,6
881,7
882,4
883,6
884,5
885,3
886,3
887,5
888,4
889,5
890,3
891,3
892,3
893,4
894,4
895,4
896,5
897,5
898,4
899,7
900,8
901,5
902,2
903,4
904,4
905,2
906,3
907,3
908,4
909,2
910,6
911,9
912,9
913,7
914,5
915,3
916,3
917,4
918,5
919,8
920,6
921,4
922,6
923,6
924,5
925,8
926,5
927,5
928,6
929,4
930,4
931,4
932,4
933,6
934,4
935,4
936,5
937,5
938,7
939,7
940,6
941,7
942,7
943,4
944,5
945,5
946,6
947,7
948,5
949,7
950,4
951,4
952,3
953,3
954,3
955,1
956,4
957,2
958,3
959,3
960,6
961,3
962,4
963,4
964,4
965,4
966,2
967,2
968,4
969,4
970,4
971,4
972,4
973,6
974,5
975,4
976,3
977,3
978,2
979,6
980,6
981,7
982,6
983,7
984,9
985,7
986,5
987,4
988,7
989,7
990,3
991,5
992,5
993,5
994,6
995,4
996,3
997,5
998,3
999,2
1000,1
1001,1
1002,1
1003,1
1004,1
1005,3
1006,2
1007,1
1008,5
1009,7
1010,6
1011,5
1012,7
1013,8
1014,9
1015,7
1016,7
1017,6
1018,4
1019,5
1020,7
1021,7
1022,8
1023,7
1024,3
1025,3
1026,4
1027,5
1028,5
1029,6
1030,4
1031,3
1032,5
1033,5
1034,6
1035,5
1036,6
1037,4
1038,2
1039,3
1040,4
1041,5
1042,7
1043,4
1044,6
1045,5
1046,7
1047,6
1048,5
1049,6
1050,5
1051,4
1052,5
1053,3
1054,4
1055,3
1056,5
1057,3
1058,1
1059,2
1060,3
1061,2
1062,2
1063,4
1064,5
1065,4
1066,6
1067,7
1068,7
1069,6
1070,8
1071,9
1072,6
1073,6
1074,5
1075,5
1076,5
1077,7
1078,8
1079,5
1080,3
1081,4
1082,3
1083,3
1084,3
1085,4
1086,5
1087,3
1088,2
1089,1
1090,4
1091,4
1092,4
1093,3
1094,6
1095,4
1096,4
1097,5
1098,6
1099,6
1100,7
1101,6
1102,4
1103,4
1104,5
1105,4
1106,6
1107,6
1108,4
1109,4
1110,3
1111,4
1112,6
1113,5
1114,5
1115,8
1116,5
1117,4
1118,3
1119,6
1120,7
1121,6
1122,5
1123,5
1124,4
1125,4
1126,5
1127,6
1128,3
1129,4
1130,5
1131,3
1132,4
1133,4
1134,4
1135,4
1136,4
1137,4
1138,2
1139,2
1140,2
1141,4
1142,4
1143,6
1144,8
1145,5
1146,5
1147,7
1148,7
1149,5
1150,4
1151,6
1152,3
1153,5
1154,6
1155,6
1156,5
1157,3
1158,6
1159,6
1160,4
1161,5
1162,4
1163,4
1164,3
1165,2
1166,3
1167,5
1168,4
1169,4
1170,4
1171,4
1172,4
1173,5
1174,4
1175,3
1176,5
1177,6
1178,5
1179,6
1180,4
1181,3
1182,5
1183,4
1184,4
1185,5
1186,3
1187,3
1188,2
1189,2
1190,5
1191,4
1192,4
1193,5
1194,4
1195,4
1196,6
1197,6
1198,5
1199,5
1200,6
1201,7
1202,5
1203,5
1204,6
1205,6
1206,5
1207,4
1208,4
1209,4
1210,3
1211,5
1212,6
1213,4
1214,3
1215,3
1216,4
1217,4
1218,6
1219,5
1220,5
1221,6
1222,8
1223,5
1224,5
1225,6
1226,4
1227,3
1228,4
1229,4
1230,4
1231,8
1232,4
1233,3
1234,3
1235,4
1236,2
1237,4
1238,6
1239,7
1240,4
1241,4
1242,3
1243,3
1244,5
1245,5
1246,6
1247,5
1248,4
1249,5
1250,5
1251,4
1252,7
1253,6
1254,4
1255,8
1256,7
1257,8
1258,3
1259,3
1260,3
1261,3
1262,4
1263,6
1264,2
1265,5
1266,6
1267,5
1268,6
1269,7
1270,6
1271,3
1272,3
1273,3
1274,4
1275,3
1276,1
1277,4
1278,4
1279,5
1280,4
1281,5
1282,3
1283,3
1284,2
1285,2
1286,2
1287,3
1288,5
1289,5
1290,3
1291,3
1292,3
1293,5
1294,7
1295,7
1296,6
1297,6
1298,6
1299,5
1300,5
1301,5
1302,7
1303,7
1304,6
1305,6
1306,5
1307,5
1308,7
1309,7
1310,4
1311,4
1312,3
1313,3
1314,2
1315,3
1316,4
1317,4
1318,3
1319,3
1320,4
1321,5
1322,4
1323,5
1324,5
1325,5
1326,3
1327,5
1328,4
1329,5
1330,8
1331,8
1332,8
1333,7
1334,7
1335,3
1336,5
1337,5
1338,4
1339,5
1340,5
1341,4
1342,4
1343,5
1344,6
1345,2
1346,4
1347,7
1348,3
1349,4
1350,5
1351,6
1352,4
1353,7
1354,6
1355,6
1356,4
1357,6
1358,3
1359,3
1360,3
1361,4
1362,7
1363,5
1364,2
1365,3
1366,6
1367,7
1368,2
1369,6
1370,6
1371,3
1372,3
1373,1
1374,2
1375,7
1376,4
1377,5
1378,5
1379,5
1380,4
1381,6
1382,3
1383,5
1384,5
1385,5
1386,7
1387,5
1388,4
1389,4
1390,5
1391,6
1392,7
1393,2
1394,4
1395,4
1396,5
1397,4
1398,7
1399,5
1400,4
1401,6
1402,4
1403,6
1404,7
1405,3
1406,2
1407,4
1408,4
1409,4
1410,4
1411,3
1412,4
1413,5
1414,7
1415,8
1416,6
1417,6
1418,7
1419,4
1420,4
1421,6
1422,6
1423,5
1424,4
1425,4
1426,4
1427,6
1428,4
1429,3
1430,3
1431,3
1432,6
1433,5
1434,6
1435,4
1436,2
1437,3
1438,3
1439,5
1440,4
1441,3
1442,5
1443,3
1444,4
1445,4
1446,6
1447,4
1448,5
1449,6
1450,8
1451,4
1452,5
1453,4
1454,5
1455,3
1456,3
1457,5
1458,4
1459,4
1460,4
1461,4
1462,4
1463,4
1464,4
1465,4
1466,7
1467,6
1468,6
1469,3
1470,3
1471,4
1472,5
1473,5
1474,4
1475,3
1476,4
1477,4
1478,4
1479,3
1480,4
1481,6
1482,5
1483,4
1484,4
1485,3
1486,4
1487,4
1488,4
1489,5
1490,6
1491,5
1492,4
1493,5
1494,7
1495,5
1496,5
1497,6
1498,7
1499,5
1500,6
1501,7
1502,4
1503,5
1504,6
1505,4
1506,3
1507,2
1508,1
1509,2
1510,5
1511,4
1512,4
1513,4
1514,7
1515,4
1516,3
1517,4
1518,4
1519,4
1520,5
1521,5
1522,5
1523,5
1524,5
1525,5
1526,7
1527,7
1528,8
1529,7
1530,6
1531,4
1532,6
1533,6
1534,4
1535,3
1536,6
1537,5
1538,4
1539,4
1540,7
1541,6
1542,5
1543,4
1544,4
1545,4
1546,7
1547,6
1548,4
1549,5
1550,3
1551,2
1552,3
1553,2
1554,2
1555,4
1556,6
1557,4
1558,3
1559,4
1560,5
1561,6
1562,7
1563,5
1564,4
1565,4
1566,5
1567,5
1568,4
1569,4
1570,4
1571,4
1572,5
1573,5
1574,5
1575,4
1576,2
1577,3
1578,6
1579,4
1580,5
1581,6
1582,5
1583,6
1584,6
1585,6
1586,6
1587,5
1588,6
1589,6
1590,5
1591,2
1592,5
1593,6
1594,6
1595,5
1596,4
1597,4
1598,5
1599,5
1600,6
1601,6
1602,4
1603,6
1604,6
1605,4
1606,3
1607,4
1608,5
1609,5
1610,5
1611,6
1612,5
1613,3
1614,3
1615,3
1616,4
1617,3
1618,5
1619,7
1620,5
1621,8
1622,5
1623,3
1624,5
1625,7
1626,7
1627,4
1628,4
1629,6
1630,6
1631,4
1632,6
1633,4
1634,6
1635,3
1636,3
1637,8
1638,6
1639,8
1640,7
1641,4
1642,3
1643,3
1644,4
1645,4
1646,6
1647,4
1648,4
1649,5
1650,5
1651,5
1652,4
1653,2
1654,3
1655,3
1656,5
1657,6
1658,8
1659,7
1660,3
1661,3
1662,4
1663,5
1664,2
1665,2
1666,5
1667,2
1668,2
1669,4
1670,5
1671,3
1672,6
1673,7
1674,6
1675,4
1676,2
1677,2
1678,4
1679,5
1680,7
1681,8
1682,6
1683,6
1684,5
1685,6
1686,8
1687,5
1688,6
1689,6
1690,4
1691,6
1692,6
1693,5
1694,3
1695,4
1696,6
1697,7
1698,4
1699,4
1700,5
1701,3
1702,4
1703,5
1704,3
1705,3
1706,4
1707,6
1708,5
1709,6
1710,5
1711,5
1712,5
1713,4
1714,4
1715,4
1716,5
1717,5
1718,5
1719,5
1720,5
1721,5
1722,7
1723,5
1724,5
1725,3
1726,4
1727,4
1728,4
1729,3
1730,4
1731,3
1732,4
1733,4
1734,6
1735,7
1736,5
1737,5
1738,3
1739,3
1740,3
1741,4
1742,5
1743,5
1744,7
1745,7
1746,7
1747,6
1748,5
1749,5
1750,3
1751,5
1752,4
1753,3
1754,4
1755,2
1756,4
1757,5
1758,4
1759,2
1760,4
1761,5
1762,7
1763,2
1764,4
1765,3
1766,3
1767,3
1768,2
1769,5
1770,8
1771,4
1772,2
1773,8
1774,7
1775,5
1776,6
1777,3
1778,3
1779,4
1780,5
1781,5
1782,6
1783,5
1784,5
1785,4
1786,5
1787,6
1788,6
1789,7
1790,6
1791,3
1792,3
1793,3
1794,3
1795,5
1796,4
1797,4
1798,4
1799,3
1800,3
1801,3
1802,5
1803,6
1804,5
1805,6
1806,3
1807,6
1808,4
1809,5
1810,6
1811,7
1812,6
1813,6
1814,4
1815,3
1816,1
1817,4
1818,6
1819,6
1820,8
1821,6
1822,3
1823,4
1824,2
1825,4
1826,5
1827,7
1828,7
1829,5
1830,6
1831,7
1832,5
1833,5
1834,7
1835,4
1836,4
1837,4
1838,4
1839,6
1840,6
1841,4
1842,4
1843,6
1844,3
1845,3
1846,4
1847,3
1848,5
1849,4
1850,3
1851,6
1852,5
1853,7
1854,5
1855,3
1856,5
1857,4
1858,3
1859,3
1860,3
1861,2
1862,2
1863,6
1864,3
1865,3
1866,5
1867,4
1868,4
1869,5
1870,7
1871,6
1872,6
1873,6
1874,6
1875,6
1876,7
1877,6
1878,4
1879,5
1880,6
1881,8
1882,6
1883,5
1884,4
1885,5
1886,6
1887,6
1888,8
1889,5
1890,5
1891,7
1892,4
1893,4
1894,4
1895,5
1896,5
1897,7
1898,5
1899,3
1900,2
1901,3
1902,5
1903,4
1904,6
1905,4
1906,3
1907,6
1908,9
1909,8
1910,8
1911,5
1912,3
1913,3
1914,3
1915,2
1916,5
1917,5
1918,2
1919,5
1920,7
1921,5
1922,4
1923,3
1924,3
1925,3
1926,3
1927,3
1928,3
1929,5
1930,3
1931,2
1932,4
1933,1
1934,3
1935,2
1936,2
1937,4
1938,5
1939,5
1940,4
1941,4
1942,5
1943,4
1944,7
1945,8
1946,7
1947,10
1948,9
1949,8
1950,6
1951,6
1952,6
1953,5
1954,5
1955,6
1956,6
1957,7
1958,6
1959,5
1960,5
1961,5
1962,4
1963,3
1964,4
1965,5
1966,4
1967,4
1968,4
1969,4
1970,5
1971,5
1972,5
1973,4
1974,3
1975,4
1976,5
1977,4
1978,5
1979,5
1980,4
1981,4
1982,7
1983,6
1984,7
1985,6
1986,6
1987,5
1988,8
1989,4
1990,5
1991,5
1992,5
1993,5
1994,3
1995,3
1996,4
1997,4
1998,5
1999,6
2000,5
2001,3
2002,3
2003,4
2004,3
2005,4
2006,4
2007,4
2008,3
2009,3
2010,4
2011,4
2012,4
2013,5
2014,6
2015,6
2016,6
2017,5
2018,2
2019,3
2020,3
2021,4
2022,3
2023,4
2024,4
2025,6
2026,4
2027,2
2028,3
2029,4
2030,4
2031,4
2032,3
2033,5
2034,5
2035,6
2036,7
2037,5
2038,8
2039,8
2040,7
2041,7
2042,4
2043,3
2044,3
2045,4
2046,5
2047,5
2048,4
2049,5
2050,5
2051,4
2052,4
2053,3
2054,2
2055,3
2056,4
2057,3
2058,2
2059,4
2060,5
2061,4
2062,4
2063,5
2064,4
2065,5
2066,9
2067,8
2068,7
2069,4
2070,5
2071,4
2072,5
2073,7
2074,4
2075,4
2076,5
2077,6
2078,6
2079,5
2080,5
2081,5
2082,6
2083,7
2084,7
2085,8
2086,5
2087,5
2088,4
2089,3
2090,4
2091,3
2092,5
2093,5
2094,4
2095,3
2096,4
2097,4
2098,3
2099,3
2100,5
2101,4
2102,5
2103,5
2104,6
2105,4
2106,6
2107,6
2108,3
2109,3
2110,4
2111,5
2112,5
2113,4
2114,5
2115,5
2116,1
2117,1
2118,4
2119,4
2120,3
2121,5
2122,9
2123,8
2124,3
2125,5
2126,4
2127,5
2128,6
2129,3
2130,4
2131,6
2132,3
2133,3
2134,7
2135,8
2136,5
2137,5
2138,4
2139,4
2140,6
2141,5
2142,6
2143,5
2144,4
2145,7
2146,7
2147,8
2148,8
2149,8
2150,8
2151,4
2152,3
2153,5
2154,3
2155,3
2156,2
2157,7
2158,2
2159,4
2160,6
2161,7
2162,6
2163,2
2164,2
2165,2
2166,2
2167,1
2168,2
2169,3
2170,4
2171,5
2172,5
2173,6
2174,10
2175,5
2176,3
2177,3
2178,4
2179,4
2180,3
2181,3
2182,4
2183,6
2184,6
2185,7
2186,6
2187,4
2188,5
2189,7
2190,5
2191,5
2192,4
2193,6
2194,5
2195,6
2196,5
2197,5
2198,6
2199,5
2200,4
2201,5
2202,5
2203,6
2204,4
2205,4
2206,4
2207,5
2208,3
2209,6
2210,5
2211,5
2212,6
2213,7
2214,6
2215,7
2216,6
2217,6
2218,7
2219,3
2220,6
2221,5
2222,6
2223,5
2224,5
2225,4
2226,3
2227,3
2228,1
2229,1
2230,3
2231,5
2232,5
2233,3
2234,3
2235,6
2236,4
2237,4
2238,3
2239,3
2240,5
2241,4
2242,5
2243,7
2244,7
2245,7
2246,6
2247,4
2248,4
2249,5
2250,6
2251,4
2252,4
2253,4
2254,5
2255,4
2256,4
2257,2
2258,3
2259,2
2260,2
2261,6
2262,3
2263,6
2264,4
2265,5
2266,5
2267,6
2268,4
2269,8
2270,6
2271,4
2272,3
2273,3
2274,3
2275,5
2276,4
2277,4
2278,1
2279,4
2280,3
2281,3
2282,2
2283,5
2284,6
2285,6
2286,5
2287,5
2288,3
2289,6
2290,6
2291,8
2292,6
2293,6
2294,6
2295,2
2296,2
2297,5
2298,9
2299,5
2300,7
2301,5
2302,7
2303,2
2304,5
2305,5
2306,7
2307,9
2308,8
2309,8
2310,8
2311,5
2312,3
2313,3
2314,4
2315,2
2316,4
2317,3
2318,2
2319,4
2320,3
2321,5
2322,5
2323,3
2324,2
2325,5
2326,5
2327,4
2328,3
2329,2
2330,8
2331,5
2332,5
2333,5
2334,4
2335,3
2336,5
2337,4
2338,5
2339,6
2340,5
2341,7
2342,5
2343,4
2344,3
2345,5
2346,6
2347,5
2348,6
2349,6
2350,6
2351,5
2352,5
2353,5
2354,5
2355,6
2356,3
2357,4
2358,5
2359,4
2360,3
2361,3
2362,4
2363,3
2364,3
2365,2
2366,4
2367,4
2368,4
2369,7
2370,8
2371,7
2372,4
2373,2
2374,4
2375,4
2376,6
2377,6
2378,3
2379,6
2380,7
2381,5
2382,4
2383,6
2384,6
2385,4
2386,6
2387,2
2388,4
2389,5
2390,5
2391,6
2392,6
2393,4
2394,4
2395,7
2396,6
2397,5
2398,4
2399,3
2400,4
2401,5
2402,8
2403,4
2404,5
2405,2
2406,1
2407,5
2408,5
2409,6
2410,7
2411,5
2412,3
2413,4
2414,3
2415,5
2416,5
2417,4
2418,3
2419,4
2420,5
2421,7
2422,6
2423,4
2424,3
2425,3
2426,3
2427,4
2428,3
2429,5
2430,5
2431,5
2432,4
2433,2
2434,2
2435,4
2436,5
2437,7
2438,5
2439,3
2440,5
2441,7
2442,6
2443,6
2444,6
2445,4
2446,4
2447,4
2448,4
2449,4
2450,5
2451,5
2452,4
2453,3
2454,3
2455,3
2456,5
2457,7
2458,6
2459,6
2460,5
2461,4
2462,4
2463,6
2464,4
2465,4
2466,3
2467,4
2468,5
2469,4
2470,4
2471,6
2472,6
2473,6
2474,4
2475,6
2476,6
2477,7
2478,6
2479,7
2480,6
2481,5
2482,4
2483,5
2484,6
2485,5
2486,5
2487,5
2488,4
2489,3
2490,4
2491,3
2492,2
2493,2
2494,4
2495,4
2496,3
2497,6
2498,4
2499,3
2500,3
2501,4
2502,4
2503,5
2504,2
2505,1
2506,3
2507,5
2508,5
2509,6
2510,4
2511,1
2512,3
2513,3
2514,5
2515,6
2516,5
2517,5
2518,6
2519,6
2520,9
2521,7
2522,8
2523,6
2524,3
2525,5
2526,7
2527,4
2528,6
2529,7
2530,6
2531,7
2532,5
2533,3
2534,4
2535,4
2536,4
2537,5
2538,3
2539,6
2540,5
2541,6
2542,2
2543,0
2544,2
2545,2
2546,2
2547,4
2548,6
2549,6
2550,4
2551,5
2552,6
2553,3
2554,4
2555,6
2556,6
2557,7
2558,6
2559,4
2560,5
2561,7
2562,8
2563,9
2564,7
2565,7
2566,5
2567,7
2568,6
2569,5
2570,3
2571,3
2572,1
2573,5
2574,5
2575,4
2576,3
2577,3
2578,5
2579,4
2580,2
2581,1
2582,3
2583,7
2584,2
2585,6
2586,3
2587,4
2588,4
2589,4
2590,4
2591,3
2592,4
2593,5
2594,6
2595,2
2596,3
2597,2
2598,2
2599,3
2600,3
2601,1
2602,3
2603,5
2604,5
2605,3
2606,7
2607,6
2608,3
2609,3
2610,7
2611,4
2612,5
2613,7
2614,2
2615,3
2616,4
2617,6
2618,5
2619,5
2620,2
2621,4
2622,6
2623,5
2624,5
2625,5
2626,5
2627,4
2628,5
2629,3
2630,5
2631,6
2632,3
2633,3
2634,2
2635,3
2636,2
2637,2
2638,4
2639,5
2640,4
2641,5
2642,6
2643,7
2644,7
2645,6
2646,6
2647,6
2648,4
2649,6
2650,6
2651,6
2652,6
2653,7
2654,6
2655,8
2656,3
2657,5
2658,6
2659,4
2660,6
2661,4
2662,6
2663,8
2664,3
2665,3
2666,6
2667,6
2668,6
2669,6
2670,9
2671,6
2672,2
2673,3
2674,5
2675,5
2676,5
2677,7
2678,7
2679,4
2680,4
2681,5
2682,3
2683,4
2684,4
2685,3
2686,4
2687,3
2688,7
2689,9
2690,9
2691,9
2692,4
2693,5
2694,4
2695,5
2696,8
2697,6
2698,4
2699,3
2700,2
2701,4
2702,4
2703,4
2704,4
2705,1
2706,2
2707,5
2708,3
2709,3
2710,4
2711,2
2712,3
2713,5
2714,5
2715,4
2716,3
2717,5
2718,6
2719,4
2720,4
2721,5
2722,5
2723,2
2724,5
2725,4
2726,3
2727,3
2728,3
2729,1
2730,1
2731,2
2732,3
2733,3
2734,4
2735,5
2736,4
2737,4
2738,4
2739,4
2740,7
2741,7
2742,5
2743,7
2744,8
2745,8
2746,6
2747,6
2748,7
2749,5
2750,5
2751,4
2752,1
2753,3
2754,5
2755,3
2756,4
2757,4
2758,3
2759,5
2760,2
2761,2
2762,4
2763,4
2764,5
2765,3
2766,3
2767,5
2768,7
2769,6
2770,8
2771,7
2772,6
2773,5
2774,8
2775,8
2776,6
2777,5
2778,4
2779,3
2780,6
2781,6
2782,4
2783,2
2784,3
2785,2
2786,3
2787,4
2788,4
2789,2
2790,3
2791,3
2792,3
2793,4
2794,5
2795,4
2796,2
2797,5
2798,7
2799,6
2800,5
2801,8
2802,8
2803,6
2804,4
2805,4
2806,5
2807,5
2808,5
2809,8
2810,5
2811,4
2812,5
2813,5
2814,4
2815,4
2816,5
2817,6
2818,6
2819,5
2820,6
2821,5
2822,3
2823,3
2824,3
2825,3
2826,3
2827,3
2828,6
2829,4
2830,5
2831,6
2832,5
2833,4
2834,6
2835,6
2836,4
2837,5
2838,4
2839,2
2840,4
2841,4
2842,3
2843,5
2844,3
2845,5
2846,6
2847,7
2848,5
2849,4
2850,6
2851,9
2852,8
2853,6
2854,9
2855,6
2856,5
2857,3
2858,3
2859,4
2860,4
2861,3
2862,3
2863,2
2864,3
2865,5
2866,4
2867,3
2868,2
2869,3
2870,3
2871,5
2872,2
2873,4
2874,3
2875,2
2876,5
2877,5
2878,5
2879,5
2880,5
2881,5
2882,5
2883,5
2884,3
2885,1
2886,4
2887,4
2888,4
2889,5
2890,4
2891,4
2892,6
2893,5
2894,5
2895,5
2896,6
2897,6
2898,8
2899,4
2900,6
2901,5
2902,3
2903,8
2904,9
2905,4
2906,4
2907,4
2908,3
2909,4
2910,4
2911,5
2912,2
2913,6
2914,5
2915,4
2916,3
2917,3
2918,3
2919,3
2920,5
2921,3
2922,5
2923,4
2924,5
2925,8
2926,5
2927,5
2928,6
2929,5
2930,5
2931,4
2932,4
2933,4
2934,2
2935,3
2936,6
2937,6
2938,7
2939,9
2940,5
2941,5
2942,3
2943,3
2944,8
2945,6
2946,3
2947,5
2948,5
2949,6
2950,5
2951,2
2952,3
2953,5
2954,5
2955,4
2956,5
2957,5
2958,4
2959,5
2960,4
2961,4
2962,2
2963,3
2964,4
2965,5
2966,3
2967,4
2968,4
2969,4
2970,5
2971,6
2972,6
2973,4
2974,5
2975,6
2976,5
2977,7
2978,5
2979,5
2980,4
2981,6
2982,6
2983,3
2984,5
2985,4
2986,2
2987,7
2988,6
2989,4
2990,3
2991,4
2992,4
2993,2
2994,3
2995,5
2996,5
2997,3
2998,4
2999,5
3000,9
3001,7
3002,7
3003,6
3004,3
3005,4
3006,5
3007,4
3008,3
3009,3
3010,3
3011,4
3012,3
3013,3
3014,5
3015,7
3016,6
3017,6
3018,5
3019,6
3020,4
3021,5
3022,7
3023,4
3024,6
3025,8
3026,7
3027,5
3028,3
3029,5
3030,4
3031,5
3032,5
3033,5
3034,5
3035,4
3036,2
3037,4
3038,4
3039,2
3040,5
3041,4
3042,3
3043,2
3044,2
3045,2
3046,2
3047,3
3048,5
3049,5
3050,3
3051,5
3052,5
3053,3
3054,5
3055,5
3056,5
3057,4
3058,5
3059,9
3060,6
3061,9
3062,7
3063,7
3064,8
3065,6
3066,4
3067,4
3068,3
3069,6
3070,3
3071,3
3072,6
3073,6
3074,5
3075,6
3076,4
3077,3
3078,3
3079,4
3080,4
3081,5
3082,4
3083,5
3084,4
3085,7
3086,8
3087,6
3088,7
3089,5
3090,6
3091,6
3092,5
3093,5
3094,3
3095,3
3096,3
3097,5
3098,3
3099,2
3100,5
3101,4
3102,4
3103,5
3104,4
3105,5
3106,5
3107,5
3108,5
3109,5
3110,4
3111,3
3112,4
3113,4
3114,2
3115,2
3116,4
3117,8
3118,8
3119,6
3120,8
3121,8
3122,4
3123,5
3124,5
3125,4
3126,5
3127,6
3128,7
3129,7
3130,4
3131,6
3132,5
3133,3
3134,2
3135,4
3136,4
3137,5
3138,8
3139,6
3140,5
3141,6
3142,7
3143,4
3144,6
3145,6
3146,6
3147,5
3148,5
3149,5
3150,1
3151,3
3152,6
3153,6
3154,4
3155,3
3156,3
3157,2
3158,3
3159,4
3160,4
3161,1
3162,2
3163,4
3164,3
3165,5
3166,6
3167,5
3168,4
3169,4
3170,4
3171,3
3172,4
3173,3
3174,4
3175,1
3176,2
3177,1
3178,2
3179,4
3180,5
3181,4
3182,5
3183,7
3184,5
3185,5
3186,5
3187,6
3188,5
3189,8
3190,9
3191,6
3192,7
3193,6
3194,6
3195,5
3196,6
3197,5
3198,3
3199,3
3200,4
3201,4
3202,6
3203,6
3204,4
3205,2
3206,5
3207,4
3208,4
3209,4
3210,4
3211,4
3212,6
3213,5
3214,2
3215,4
3216,6
3217,6
3218,6
3219,5
3220,5
3221,3
3222,6
3223,4
3224,6
3225,6
3226,7
3227,7
3228,6
3229,6
3230,6
3231,6
3232,6
3233,7
3234,7
3235,5
3236,7
3237,4
3238,5
3239,2
3240,1
3241,1
3242,1
3243,3
3244,5
3245,5
3246,5
3247,4
3248,4
3249,5
3250,4
3251,4
3252,5
3253,6
3254,6
3255,5
3256,6
3257,9
3258,4
3259,2
3260,2
3261,4
3262,3
3263,6
3264,9
3265,9
3266,7
3267,4
3268,3
3269,3
3270,3
3271,3
3272,5
3273,6
3274,3
3275,2
3276,4
3277,6
3278,4
3279,4
3280,3
3281,4
3282,6
3283,8
3284,8
3285,7
3286,3
3287,2
3288,3
3289,2
3290,4
3291,4
3292,5
3293,5
3294,3
3295,8
3296,4
3297,6
3298,7
3299,5
3300,4
3301,5
3302,5
3303,4
3304,3
3305,3
3306,4
3307,4
3308,3
3309,3
3310,3
3311,5
3312,5
3313,5
3314,5
3315,6
3316,2
3317,6
3318,5
3319,3
3320,4
3321,6
3322,6
3323,6
3324,5
3325,5
3326,3
3327,5
3328,4
3329,4
3330,3
3331,2
3332,2
3333,3
3334,3
3335,6
3336,6
3337,5
3338,4
3339,2
3340,5
3341,6
3342,6
3343,5
3344,3
3345,6
3346,6
3347,7
3348,3
3349,4
3350,5
3351,5
3352,7
3353,5
3354,7
3355,3
3356,6
3357,5
3358,1
3359,5
3360,5
3361,5
3362,4
3363,1
3364,1
3365,3
3366,3
3367,6
3368,4
3369,4
3370,4
3371,6
3372,3
3373,4
3374,8
3375,7
3376,4
3377,3
3378,5
3379,6
3380,3
3381,1
3382,4
3383,4
3384,6
3385,3
3386,5
3387,4
3388,4
3389,5
3390,4
3391,4
3392,8
3393,5
3394,5
3395,5
3396,3
3397,3
3398,3
3399,3
3400,5
3401,3
3402,5
3403,4
3404,7
3405,3
3406,3
3407,3
3408,3
3409,4
3410,5
3411,7
3412,3
3413,4
3414,2
3415,2
3416,5
3417,5
3418,5
3419,3
3420,5
3421,5
3422,4
3423,5
3424,3
3425,4
3426,5
3427,4
3428,4
3429,4
3430,6
3431,4
3432,4
3433,3
3434,5
3435,2
3436,5
3437,5
3438,6
3439,5
3440,4
3441,4
3442,2
3443,4
3444,3
3445,5
3446,4
3447,4
3448,4
3449,6
3450,7
3451,6
3452,6
3453,6
3454,4
3455,6
3456,9
3457,8
3458,2
3459,5
3460,6
3461,3
3462,4
3463,3
3464,4
3465,5
3466,4
3467,4
3468,4
3469,2
3470,1
3471,3
3472,4
3473,6
3474,5
3475,2
3476,3
3477,6
3478,3
3479,5
3480,4
3481,4
3482,7
3483,7
3484,6
3485,5
3486,5
3487,5
3488,4
3489,4
3490,4
3491,4
3492,5
3493,6
3494,5
3495,5
3496,5
3497,5
3498,6
3499,9
3500,6
3501,5
3502,9
3503,5
3504,5
3505,4
3506,5
3507,5
3508,2
3509,3
3510,5
3511,3
3512,4
3513,3
3514,3
3515,3
3516,3
3517,2
3518,4
3519,4
3520,4
3521,4
3522,3
3523,2
3524,5
3525,3
3526,4
3527,4
3528,7
3529,6
3530,5
3531,4
3532,3
3533,3
3534,6
3535,3
3536,4
3537,5
3538,3
3539,7
3540,4
3541,7
3542,7
3543,4
3544,1
3545,3
3546,5
3547,7
3548,7
3549,4
3550,3
3551,6
3552,6
3553,5
3554,5
3555,3
3556,2
3557,5
3558,4
3559,4
3560,3
3561,4
3562,4
3563,5
3564,6
3565,6
3566,4
3567,5
3568,5
3569,4
3570,5
3571,4
3572,3
3573,5
3574,6
3575,6
3576,4
3577,4
3578,5
3579,6
3580,4
3581,3
3582,4
3583,4
3584,3
3585,5
3586,5
3587,5
3588,3
3589,3
3590,4
3591,7
3592,5
3593,3
3594,4
3595,3
3596,4
3597,4
3598,4
3599,5
3600,8
3601,7
3602,4
3603,6
3604,6
3605,4
3606,4
3607,3
3608,6
3609,6
3610,6
3611,4
3612,3
3613,2
3614,3
3615,7
3616,2
3617,1
3618,3
3619,4
3620,6
3621,3
3622,2
3623,2
3624,3
3625,4
3626,4
3627,3
3628,5
3629,2
3630,4
3631,5
3632,7
3633,6
3634,6
3635,7
3636,7
3637,6
3638,7
3639,4
3640,4
3641,3
3642,4
3643,6
3644,5
3645,5
3646,4
3647,4
3648,7
3649,6
3650,2
3651,7
3652,5
3653,4
3654,6
3655,8
3656,6
3657,4
3658,4
3659,3
3660,2
3661,2
3662,3
3663,3
3664,3
3665,5
3666,3
3667,3
3668,3
3669,6
3670,8
3671,5
3672,2
3673,3
3674,5
3675,4
3676,4
3677,3
3678,6
3679,7
3680,3
3681,4
3682,6
3683,3
3684,4
3685,4
3686,4
3687,4
3688,4
3689,1
3690,4
3691,5
3692,5
3693,6
3694,6
3695,7
3696,5
3697,4
3698,4
3699,3
3700,4
3701,5
3702,6
3703,4
3704,3
3705,5
3706,6
3707,5
3708,5
3709,5
3710,5
3711,4
3712,2
3713,3
3714,3
3715,4
3716,3
3717,6
3718,5
3719,6
3720,6
3721,8
3722,5
3723,5
3724,6
3725,10
3726,7
3727,5
3728,8
3729,9
3730,7
3731,5
3732,2
3733,2
3734,3
3735,5
3736,6
3737,2
3738,3
3739,4
3740,3
3741,4
3742,2
3743,1
3744,3
3745,4
3746,7
3747,6
3748,10
3749,4
3750,6
3751,5
3752,5
3753,7
3754,4
3755,3
3756,3
3757,5
3758,5
3759,4
3760,5
3761,3
3762,3
3763,4
3764,3
3765,3
3766,3
3767,4
3768,4
3769,3
3770,3
3771,1
3772,4
3773,5
3774,5
3775,6
3776,5
3777,4
3778,2
3779,3
3780,2
3781,4
3782,5
3783,2
3784,4
3785,4
3786,4
3787,2
3788,2
3789,5
3790,8
3791,5
3792,4
3793,2
3794,3
3795,4
3796,7
3797,6
3798,7
3799,9
3800,8
3801,5
3802,5
3803,5
3804,6
3805,5
3806,3
3807,6
3808,1
3809,4
3810,6
3811,3
3812,3
3813,4
3814,4
3815,4
3816,5
3817,7
3818,4
3819,6
3820,6
3821,3
3822,2
3823,4
3824,3
3825,4
3826,6
3827,10
3828,6
3829,5
3830,5
3831,6
3832,8
3833,5
3834,6
3835,2
3836,2
3837,3
3838,3
3839,4
3840,7
3841,5
3842,4
3843,4
3844,5
3845,5
3846,4
3847,4
3848,4
3849,4
3850,1
3851,5
3852,5
3853,5
3854,3
3855,7
3856,6
3857,4
3858,6
3859,5
3860,6
3861,6
3862,7
3863,4
3864,5
3865,5
3866,6
3867,6
3868,7
3869,4
3870,4
3871,5
3872,4
3873,4
3874,5
3875,3
3876,5
3877,5
3878,4
3879,4
3880,3
3881,5
3882,5
3883,5
3884,5
3885,3
3886,3
3887,5
3888,7
3889,6
3890,5
3891,4
3892,5
3893,6
3894,7
3895,7
3896,6
3897,5
3898,4
3899,5
3900,4
3901,6
3902,3
3903,3
3904,3
3905,4
3906,5
3907,4
3908,5
3909,3
3910,3
3911,4
3912,6
3913,7
3914,5
3915,3
3916,4
3917,6
3918,4
3919,5
3920,7
3921,5
3922,6
3923,8
3924,6
3925,4
3926,3
3927,4
3928,4
3929,5
3930,2
3931,7
3932,5
3933,3
3934,4
3935,3
3936,5
3937,5
3938,8
3939,6
3940,6
3941,4
3942,5
3943,3
3944,3
3945,3
3946,3
3947,5
3948,6
3949,5
3950,6
3951,7
3952,6
3953,5
3954,3
3955,3
3956,6
3957,4
3958,6
3959,4
3960,4
3961,4
3962,3
3963,5
3964,4
3965,5
3966,4
3967,5
3968,5
3969,5
3970,6
3971,4
3972,4
3973,4
3974,4
3975,4
3976,4
3977,3
3978,2
3979,1
3980,2
3981,2
3982,4
3983,4
3984,4
3985,4
3986,6
3987,7
3988,5
3989,4
3990,6
3991,4
3992,6
3993,9
3994,8
3995,6
3996,4
3997,5
3998,4
3999,4
4000,3
4001,4
4002,4
4003,3
4004,6
4005,5
4006,7
4007,5
4008,5
4009,5
4010,6
4011,4
4012,3
4013,4
4014,4
4015,4
4016,2
4017,3
4018,4
4019,4
4020,5
4021,3
4022,5
4023,7
4024,8
4025,5
4026,3
4027,5
4028,5
4029,4
4030,4
4031,3
4032,2
4033,3
4034,5
4035,5
4036,4
4037,5
4038,6
4039,7
4040,8
4041,6
4042,4
4043,5
4044,4
4045,5
4046,7
4047,6
4048,5
4049,7
4050,3
4051,3
4052,6
4053,4
4054,4
4055,4
4056,2
4057,5
4058,6
4059,4
4060,3
4061,2
4062,3
4063,4
4064,4
4065,6
4066,3
4067,5
4068,9
4069,6
4070,4
4071,5
4072,9
4073,7
4074,5
4075,4
4076,4
4077,3
4078,6
4079,3
4080,5
4081,5
4082,9
4083,5
4084,6
4085,2
4086,2
4087,4
4088,6
4089,2
4090,3
4091,4
4092,4
4093,2
4094,2
4095,2
4096,4
4097,8
4098,8
4099,5
4100,7
4101,8
4102,8
4103,3
4104,3
4105,2
4106,3
4107,4
4108,4
4109,5
4110,5
4111,2
4112,1
4113,2
4114,5
4115,3
4116,5
4117,6
4118,5
4119,6
4120,5
4121,5
4122,4
4123,5
4124,6
4125,5
4126,3
4127,3
4128,7
4129,6
4130,7
4131,5
4132,4
4133,5
4134,4
4135,2
4136,1
4137,3
4138,3
4139,4
4140,2
4141,3
4142,3
4143,2
4144,3
4145,2
4146,5
4147,5
4148,7
4149,5
4150,6
4151,4
4152,5
4153,6
4154,6
4155,5
4156,6
4157,7
4158,7
4159,9
4160,4
4161,3
4162,5
4163,9
4164,6
4165,4
4166,5
4167,3
4168,6
4169,5
4170,5
4171,3
4172,2
4173,4
4174,4
4175,2
4176,5
4177,4
4178,4
4179,3
4180,3
4181,6
4182,4
4183,3
4184,4
4185,5
4186,4
4187,4
4188,7
4189,5
4190,4
4191,3
4192,4
4193,2
4194,2
4195,7
4196,5
4197,5
4198,5
4199,5
4200,7
4201,6
4202,7
4203,5
4204,4
4205,3
4206,4
4207,4
4208,5
4209,5
4210,3
4211,4
4212,5
4213,6
4214,8
4215,6
4216,4
4217,6
4218,6
4219,4
4220,2
4221,3
4222,4
4223,4
4224,4
4225,3
4226,2
4227,3
4228,3
4229,4
4230,5
4231,6
4232,6
4233,7
4234,3
4235,3
4236,4
4237,6
4238,6
4239,7
4240,7
4241,5
4242,8
4243,7
4244,5
4245,6
4246,4
4247,3
4248,3
4249,3
4250,5
4251,6
4252,4
4253,2
4254,5
4255,5
4256,6
4257,1
4258,2
4259,4
4260,5
4261,5
4262,5
4263,7
4264,7
4265,8
4266,6
4267,4
4268,5
4269,7
4270,4
4271,4
4272,7
4273,8
4274,7
4275,7
4276,2
4277,4
4278,4
4279,5
4280,4
4281,4
4282,1
4283,3
4284,3
4285,3
4286,5
4287,6
4288,5
4289,8
4290,8
4291,4
4292,2
4293,3
4294,2
4295,1
4296,2
4297,4
4298,6
4299,1
4300,2
4301,2
4302,3
4303,3
4304,3
4305,5
4306,5
4307,4
4308,5
4309,4
4310,6
4311,8
4312,6
4313,11
4314,6
4315,6
4316,6
4317,4
4318,5
4319,4
4320,5
4321,5
4322,4
4323,4
4324,6
4325,6
4326,5
4327,4
4328,3
4329,2
4330,6
4331,6
4332,5
4333,5
4334,3
4335,3
4336,6
4337,3
4338,2
4339,4
4340,5
4341,5
4342,7
4343,6
4344,5
4345,5
4346,4
4347,3
4348,3
4349,6
4350,5
4351,5
4352,4
4353,5
4354,5
4355,6
4356,6
4357,6
4358,7
4359,6
4360,3
4361,6
4362,6
4363,6
4364,5
4365,5
4366,5
4367,5
4368,5
4369,5
4370,3
4371,3
4372,1
4373,2
4374,1
4375,4
4376,4
4377,5
4378,6
4379,5
4380,6
4381,5
4382,6
4383,6
4384,5
4385,4
4386,4
4387,4
4388,4
4389,3
4390,5
4391,5
4392,4
4393,4
4394,3
4395,3
4396,4
4397,5
4398,4
4399,5
4400,4
4401,4
4402,6
4403,7
4404,3
4405,3
4406,4
4407,4
4408,4
4409,4
4410,4
4411,4
4412,5
4413,6
4414,5
4415,5
4416,6
4417,7
4418,6
4419,3
4420,4
4421,3
4422,5
4423,5
4424,5
4425,3
4426,5
4427,5
4428,5
4429,5
4430,5
4431,4
4432,4
4433,3
4434,4
4435,4
4436,5
4437,4
4438,3
4439,4
4440,4
4441,3
4442,3
4443,5
4444,6
4445,3
4446,4
4447,4
4448,6
4449,4
4450,6
4451,6
4452,5
4453,4
4454,3
4455,3
4456,3
4457,5
4458,5
4459,6
4460,4
4461,4
4462,4
4463,4
4464,4
4465,4
4466,5
4467,5
4468,4
4469,5
4470,4
4471,3
4472,3
4473,2
4474,4
4475,8
4476,8
4477,5
4478,4
4479,6
4480,6
4481,2
4482,3
4483,3
4484,3
4485,4
4486,2
4487,3
4488,1
4489,2
4490,4
4491,5
4492,8
4493,6
4494,3
4495,5
4496,7
4497,6
4498,3
4499,6
4500,7
4501,8
4502,2
4503,6
4504,5
4505,5
4506,6
4507,4
4508,7
4509,5
4510,3
4511,5
4512,2
4513,4
4514,5
4515,6
4516,6
4517,6
4518,4
4519,6
4520,5
4521,8
4522,7
4523,8
4524,7
4525,5
4526,3
4527,6
4528,8
4529,5
4530,4
4531,4
4532,4
4533,3
4534,1
4535,5
4536,4
4537,3
4538,4
4539,5
4540,4
4541,3
4542,3
4543,3
4544,5
4545,2
4546,5
4547,4
4548,3
4549,3
4550,7
4551,7
4552,8
4553,5
4554,5
4555,5
4556,6
4557,3
4558,3
4559,6
4560,7
4561,4
4562,3
4563,5
4564,3
4565,3
4566,4
4567,2
4568,5
4569,5
4570,5
4571,7
4572,4
4573,4
4574,3
4575,6
4576,3
4577,7
4578,5
4579,4
4580,5
4581,5
4582,6
4583,7
4584,3
4585,4
4586,5
4587,5
4588,6
4589,4
4590,3
4591,5
4592,4
4593,3
4594,2
4595,2
4596,1
4597,6
4598,6
4599,6
4600,5
4601,5
4602,5
4603,5
4604,5
4605,6
4606,6
4607,6
4608,3
4609,3
4610,4
4611,3
4612,3
4613,3
4614,3
4615,5
4616,5
4617,8
4618,8
4619,4
4620,8
4621,7
4622,7
4623,8
4624,6
4625,7
4626,7
4627,7
4628,6
4629,4
4630,2
4631,4
4632,2
4633,4
4634,4
4635,3
4636,3
4637,2
4638,4
4639,2
4640,4
4641,4
4642,3
4643,5
4644,4
4645,5
4646,3
4647,3
4648,5
4649,6
4650,7
4651,5
4652,3
4653,6
4654,7
4655,5
4656,5
4657,3
4658,4
4659,3
4660,5
4661,5
4662,6
4663,3
4664,4
4665,7
4666,8
4667,4
4668,3
4669,2
4670,2
4671,3
4672,4
4673,5
4674,4
4675,5
4676,6
4677,6
4678,5
4679,5
4680,6
4681,3
4682,4
4683,5
4684,7
4685,6
4686,6
4687,4
4688,7
4689,7
4690,4
4691,4
4692,5
4693,3
4694,5
4695,3
4696,4
4697,4
4698,2
4699,5
4700,4
4701,4
4702,2
4703,2
4704,6
4705,4
4706,4
4707,6
4708,5
4709,2
4710,3
4711,4
4712,5
4713,7
4714,5
4715,6
4716,6
4717,5
4718,7
4719,3
4720,3
4721,4
4722,5
4723,5
4724,7
4725,4
4726,4
4727,4
4728,4
4729,7
4730,6
4731,6
4732,4
4733,3
4734,2
4735,4
4736,3
4737,6
4738,5
4739,6
4740,5
4741,6
4742,6
4743,8
4744,6
4745,6
4746,7
4747,5
4748,9
4749,5
4750,4
4751,3
4752,4
4753,3
4754,3
4755,1
4756,2
4757,4
4758,4
4759,5
4760,4
4761,2
4762,4
4763,4
4764,5
4765,4
4766,4
4767,3
4768,3
4769,6
4770,5
4771,3
4772,5
4773,3
4774,5
4775,7
4776,5
4777,5
4778,5
4779,5
4780,2
4781,4
4782,6
4783,5
4784,5
4785,6
4786,5
4787,3
4788,4
4789,4
4790,2
4791,2
4792,3
4793,5
4794,6
4795,3
4796,4
4797,5
4798,4
4799,5
4800,4
4801,4
4802,3
4803,5
4804,4
4805,3
4806,4
4807,4
4808,3
4809,4
4810,7
4811,5
4812,3
4813,6
4814,4
4815,3
4816,5
4817,5
4818,5
4819,7
4820,6
4821,6
4822,8
4823,7
4824,6
4825,6
4826,4
4827,2
4828,2
4829,4
4830,5
4831,4
4832,5
4833,5
4834,5
4835,4
4836,6
4837,7
4838,6
4839,4
4840,3
4841,4
4842,3
4843,3
4844,3
4845,4
4846,2
4847,4
4848,5
4849,5
4850,5
4851,5
4852,5
4853,6
4854,4
4855,5
4856,5
4857,5
4858,4
4859,4
4860,4
4861,6
4862,6
4863,4
4864,4
4865,4
4866,6
4867,7
4868,6
4869,6
4870,6
4871,5
4872,5
4873,6
4874,5
4875,6
4876,4
4877,5
4878,5
4879,5
4880,4
4881,3
4882,2
4883,6
4884,4
4885,4
4886,3
4887,4
4888,4
4889,3
4890,2
4891,1
4892,2
4893,4
4894,6
4895,7
4896,3
4897,5
4898,6
4899,5
4900,4
4901,6
4902,5
4903,5
4904,7
4905,5
4906,5
4907,3
4908,6
4909,9
4910,8
4911,5
4912,5
4913,6
4914,6
4915,6
4916,7
4917,6
4918,4
4919,5
4920,3
4921,3
4922,2
4923,2
4924,3
4925,3
4926,2
4927,2
4928,6
4929,6
4930,7
4931,5
4932,3
4933,3
4934,5
4935,5
4936,1
4937,3
4938,2
4939,4
4940,4
4941,4
4942,4
4943,5
4944,5
4945,7
4946,5
4947,4
4948,5
4949,4
4950,4
4951,7
4952,4
4953,7
4954,4
4955,7
4956,5
4957,3
4958,3
4959,5
4960,2
4961,2
4962,5
4963,5
4964,6
4965,6
4966,4
4967,5
4968,4
4969,6
4970,2
4971,2
4972,3
4973,2
4974,4
4975,4
4976,5
4977,5
4978,4
4979,5
4980,3
4981,4
4982,7
4983,4
4984,5
4985,2
4986,2
4987,5
4988,5
4989,6
4990,7
4991,3
4992,2
4993,2
4994,4
4995,3
4996,5
4997,3
4998,3
4999,6
5000,2
5001,3
5002,4
5003,6
5004,8
5005,10
5006,7
5007,5
5008,6
5009,6
5010,7
5011,6
5012,6
5013,6
5014,4
5015,4
5016,5
5017,6
5018,5
5019,4
5020,4
5021,3
5022,3
5023,3
5024,4
5025,3
5026,7
5027,5
5028,2
5029,1
5030,2
5031,5
5032,4
5033,4
5034,5
5035,6
5036,5
5037,5
5038,7
5039,7
5040,7
5041,7
5042,6
5043,4
5044,5
5045,4
5046,6
5047,5
5048,4
5049,4
5050,6
5051,7
5052,5
5053,6
5054,6
5055,3
5056,5
5057,4
5058,6
5059,7
5060,5
5061,4
5062,3
5063,4
5064,6
5065,3
5066,3
5067,4
5068,4
5069,5
5070,4
5071,4
5072,4
5073,3
5074,4
5075,4
5076,3
5077,4
5078,2
5079,2
5080,2
5081,5
5082,5
5083,8
5084,8
5085,9
5086,8
5087,7
5088,5
5089,5
5090,6
5091,7
5092,6
5093,6
5094,4
5095,3
5096,3
5097,4
5098,3
5099,4
5100,3
5101,3
5102,3
5103,4
5104,5
5105,5
5106,5
5107,4
5108,4
5109,6
5110,6
5111,6
5112,5
5113,5
5114,4
5115,4
5116,5
5117,4
5118,5
5119,5
5120,5
5121,4
5122,3
5123,5
5124,4
5125,4
5126,5
5127,4
5128,4
5129,4
5130,5
5131,6
5132,7
5133,7
5134,8
5135,6
5136,5
5137,7
5138,5
5139,5
5140,7
5141,7
5142,5
5143,4
5144,6
5145,3
5146,2
5147,4
5148,4
5149,6
5150,2
5151,3
5152,4
5153,4
5154,4
5155,3
5156,4
5157,5
5158,7
5159,6
5160,6
5161,4
5162,4
5163,4
5164,4
5165,4
5166,5
5167,4
5168,4
5169,5
5170,4
5171,2
5172,4
5173,3
5174,2
5175,4
5176,7
5177,5
5178,6
5179,6
5180,5
5181,6
5182,5
5183,6
5184,2
5185,3
5186,7
5187,3
5188,3
5189,4
5190,4
5191,6
5192,7
5193,9
5194,7
5195,7
5196,7
5197,7
5198,5
5199,4
5200,5
5201,4
5202,5
5203,4
5204,5
5205,4
5206,4
5207,2
5208,6
5209,5
5210,5
5211,2
5212,3
5213,3
5214,4
5215,2
5216,7
5217,6
5218,4
5219,4
5220,4
5221,5
5222,4
5223,5
5224,4
5225,5
5226,5
5227,3
5228,4
5229,4
5230,6
5231,5
5232,5
5233,3
5234,5
5235,5
5236,4
5237,4
5238,4
5239,2
5240,4
5241,4
5242,3
5243,2
5244,4
5245,4
5246,4
5247,6
5248,2
5249,1
5250,1
5251,3
5252,4
5253,5
5254,5
5255,6
5256,6
5257,7
5258,5
5259,4
5260,4
5261,5
5262,5
5263,1
5264,3
5265,5
5266,5
5267,3
5268,2
5269,5
5270,6
5271,5
5272,5
5273,7
5274,5
5275,3
5276,3
5277,5
5278,5
5279,4
5280,5
5281,5
5282,6
5283,5
5284,7
5285,6
5286,3
5287,7
5288,6
5289,4
5290,5
5291,8
5292,9
5293,5
5294,6
5295,6
5296,9
5297,4
5298,4
5299,3
5300,3
5301,3
5302,3
5303,2
5304,4
5305,3
5306,3
5307,4
5308,4
5309,2
5310,3
5311,4
5312,6
5313,8
5314,5
5315,5
5316,4
5317,4
5318,4
5319,5
5320,4
5321,3
5322,7
5323,3
5324,4
5325,4
5326,3
5327,4
5328,3
5329,3
5330,4
5331,3
5332,4
5333,4
5334,4
5335,3
5336,3
5337,5
5338,9
5339,3
5340,2
5341,4
5342,5
5343,3
5344,3
5345,6
5346,5
5347,4
5348,2
5349,3
5350,4
5351,3
5352,5
5353,3
5354,5
5355,3
5356,3
5357,5
5358,8
5359,6
5360,4
5361,4
5362,4
5363,5
5364,5
5365,5
5366,7
5367,5
5368,3
5369,5
5370,5
5371,5
5372,4
5373,6
5374,7
5375,2
5376,5
5377,6
5378,9
5379,7
5380,9
5381,5
5382,4
5383,2
5384,3
5385,3
5386,4
5387,4
5388,6
5389,7
5390,5
5391,6
5392,5
5393,3
5394,3
5395,4
5396,3
5397,3
5398,3
5399,5
5400,5
5401,5
5402,4
5403,5
5404,4
5405,2
5406,3
5407,5
5408,8
5409,7
5410,5
5411,4
5412,4
5413,2
5414,2
5415,5
5416,7
5417,8
5418,5
5419,5
5420,4
5421,5
5422,3
5423,3
5424,5
5425,4
5426,2
5427,6
5428,4
5429,8
5430,5
5431,3
5432,4
5433,3
5434,4
5435,6
5436,7
5437,5
5438,3
5439,5
5440,6
5441,7
5442,3
5443,1
5444,3
5445,1
5446,2
5447,4
5448,3
5449,4
5450,5
5451,8
5452,6
5453,7
5454,6
5455,4
5456,4
5457,4
5458,3
5459,5
5460,5
5461,4
5462,5
5463,3
5464,5
5465,5
5466,4
5467,5
5468,4
5469,5
5470,5
5471,5
5472,6
5473,6
5474,5
5475,3
5476,4
5477,5
5478,4
5479,5
5480,8
5481,9
5482,6
5483,7
5484,6
5485,6
5486,3
5487,5
5488,3
5489,3
5490,4
5491,5
5492,3
5493,3
5494,5
5495,5
5496,3
5497,2
5498,3
5499,2
5500,3
5501,1
5502,3
5503,5
5504,7
5505,5
5506,4
5507,5
5508,6
5509,7
5510,7
5511,5
5512,6
5513,6
5514,5
5515,4
5516,2
5517,1
5518,2
5519,3
5520,4
5521,3
5522,4
5523,2
5524,4
5525,2
5526,4
5527,4
5528,5
5529,5
5530,5
5531,5
5532,5
5533,6
5534,6
5535,7
5536,5
5537,4
5538,6
5539,6
5540,6
5541,5
5542,9
5543,6
5544,4
5545,4
5546,4
5547,4
5548,5
5549,6
5550,7
5551,3
5552,3
5553,6
5554,4
5555,3
5556,3
5557,4
5558,3
5559,3
5560,5
5561,4
5562,2
5563,5
5564,4
5565,3
5566,2
5567,4
5568,5
5569,6
5570,6
5571,3
5572,3
5573,3
5574,3
5575,3
5576,4
5577,6
5578,7
5579,4
5580,3
5581,3
5582,4
5583,5
5584,5
5585,4
5586,4
5587,4
5588,4
5589,8
5590,4
5591,5
5592,6
5593,5
5594,5
5595,6
5596,6
5597,5
5598,5
5599,3
5600,5
5601,6
5602,7
5603,5
5604,6
5605,4
5606,5
5607,5
5608,3
5609,4
5610,5
5611,7
5612,3
5613,2
5614,5
5615,5
5616,3
5617,6
5618,4
5619,3
5620,2
5621,3
5622,3
5623,4
5624,5
5625,5
5626,3
5627,4
5628,4
5629,5
5630,6
5631,6
5632,7
5633,4
5634,5
5635,3
5636,3
5637,3
5638,3
5639,4
5640,7
5641,4
5642,3
5643,3
5644,7
5645,6
5646,4
5647,2
5648,7
5649,6
5650,4
5651,6
5652,6
5653,3
5654,6
5655,7
5656,5
5657,3
5658,5
5659,3
5660,3
5661,3
5662,3
5663,7
5664,5
5665,6
5666,6
5667,6
5668,5
5669,6
5670,6
5671,7
5672,6
5673,3
5674,3
5675,2
5676,3
5677,3
5678,3
5679,3
5680,3
5681,2
5682,3
5683,4
5684,5
5685,3
5686,5
5687,7
5688,5
5689,3
5690,5
5691,5
5692,6
5693,7
5694,5
5695,2
5696,3
5697,2
5698,5
5699,5
5700,4
5701,6
5702,7
5703,5
5704,5
5705,6
5706,6
5707,6
5708,6
5709,7
5710,7
5711,6
5712,7
5713,7
5714,7
5715,4
5716,2
5717,1
5718,3
5719,5
5720,4
5721,3
5722,3
5723,5
5724,2
5725,3
5726,3
5727,3
5728,3
5729,4
5730,4
5731,3
5732,4
5733,2
5734,4
5735,8
5736,2
5737,3
5738,5
5739,5
5740,5
5741,6
5742,5
5743,3
5744,4
5745,6
5746,7
5747,4
5748,5
5749,2
5750,5
5751,6
5752,8
5753,3
5754,1
5755,2
5756,4
5757,3
5758,5
5759,6
5760,3
5761,6
5762,7
5763,4
5764,4
5765,3
5766,4
5767,3
5768,3
5769,4
5770,4
5771,3
5772,3
5773,5
5774,5
5775,5
5776,6
5777,2
5778,3
5779,3
5780,3
5781,4
5782,7
5783,7
5784,4
5785,5
5786,7
5787,4
5788,4
5789,6
5790,4
5791,2
5792,5
5793,4
5794,2
5795,5
5796,5
5797,5
5798,4
5799,4
5800,4
5801,3
5802,4
5803,3
5804,4
5805,3
5806,4
5807,4
5808,3
5809,3
5810,3
5811,5
5812,7
5813,6
5814,6
5815,5
5816,5
5817,7
5818,7
5819,8
5820,5
5821,6
5822,4
5823,6
5824,2
5825,5
5826,5
5827,3
5828,4
5829,4
5830,3
5831,2
5832,2
5833,4
5834,3
5835,6
5836,6
5837,6
5838,5
5839,7
5840,7
5841,7
5842,6
5843,6
5844,5
5845,4
5846,3
5847,4
5848,6
5849,4
5850,4
5851,3
5852,3
5853,3
5854,5
5855,4
5856,5
5857,5
5858,5
5859,5
5860,5
5861,5
5862,6
5863,2
5864,6
5865,4
5866,5
5867,5
5868,4
5869,3
5870,5
5871,4
5872,5
5873,4
5874,2
5875,3
5876,2
5877,7
5878,5
5879,5
5880,1
5881,6
5882,7
5883,7
5884,7
5885,5
5886,6
5887,5
5888,5
5889,6
5890,7
5891,5
5892,8
5893,7
5894,5
5895,4
5896,2
5897,3
5898,4
5899,5
5900,5
5901,5
5902,5
5903,5
5904,3
5905,4
5906,3
5907,4
5908,4
5909,2
5910,3
5911,4
5912,6
5913,6
5914,4
5915,4
5916,5
5917,6
5918,5
5919,5
5920,5
5921,5
5922,5
5923,6
5924,4
5925,4
5926,2
5927,4
5928,5
5929,4
5930,6
5931,5
5932,2
5933,3
5934,4
5935,3
5936,4
5937,5
5938,3
5939,4
5940,5
5941,6
5942,4
5943,5
5944,7
5945,5
5946,3
5947,3
5948,6
5949,5
5950,9
5951,5
5952,3
5953,5
5954,4
5955,5
5956,5
5957,5
5958,5
5959,6
5960,4
5961,3
5962,3
5963,3
5964,3
5965,2
5966,1
5967,2
5968,4
5969,5
5970,3
5971,7
5972,7
5973,6
5974,5
5975,6
5976,4
5977,7
5978,6
5979,4
5980,5
5981,4
5982,4
5983,5
5984,4
5985,3
5986,5
5987,5
5988,5
5989,9
5990,8
5991,7
5992,8
5993,7
5994,6
5995,5
5996,4
5997,4
5998,5
5999,3
6000,3
6001,3
6002,4
6003,3
6004,3
6005,1
6006,3
6007,1
6008,2
6009,4
6010,5
6011,5
6012,6
6013,4
6014,4
6015,6
6016,4
6017,5
6018,6
6019,4
6020,4
6021,3
6022,4
6023,6
6024,5
6025,4
6026,5
6027,6
6028,8
6029,8
6030,6
6031,4
6032,3
6033,2
6034,3
6035,5
6036,6
6037,5
6038,5
6039,5
6040,4
6041,5
6042,3
6043,4
6044,5
6045,3
6046,4
6047,4
6048,6
6049,5
6050,6
6051,4
6052,4
6053,3
6054,4
6055,4
6056,4
6057,3
6058,3
6059,1
6060,2
6061,6
6062,4
6063,6
6064,7
6065,5
6066,6
6067,4
6068,5
6069,4
6070,1
6071,5
6072,5
6073,5
6074,4
6075,4
6076,6
6077,6
6078,6
6079,7
6080,6
6081,6
6082,6
6083,6
6084,6
6085,6
6086,5
6087,6
6088,6
6089,5
6090,6
6091,4
6092,3
6093,3
6094,2
6095,3
6096,4
6097,2
6098,4
6099,6
6100,5
6101,6
6102,4
6103,4
6104,4
6105,4
6106,4
6107,5
6108,4
6109,4
6110,3
6111,5
6112,8
6113,7
6114,7
6115,5
6116,4
6117,4
6118,2
6119,2
6120,6
6121,6
6122,7
6123,5
6124,3
6125,4
6126,6
6127,6
6128,5
6129,4
6130,4
6131,1
6132,1
6133,6
6134,5
6135,3
6136,6
6137,5
6138,3
6139,2
6140,4
6141,7
6142,6
6143,8
6144,6
6145,4
6146,2
6147,2
6148,2
6149,3
6150,3
6151,3
6152,2
6153,4
6154,6
6155,5
6156,6
6157,5
6158,4
6159,4
6160,4
6161,3
6162,3
6163,4
6164,6
6165,6
6166,5
6167,5
6168,6
6169,7
6170,8
6171,5
6172,5
6173,5
6174,6
6175,3
6176,4
6177,3
6178,1
6179,2
6180,2
6181,2
6182,2
6183,6
6184,6
6185,6
6186,5
6187,5
6188,7
6189,6
6190,7
6191,5
6192,4
6193,3
6194,4
6195,5
6196,8
6197,7
6198,5
6199,4
6200,3
6201,5
6202,4
6203,5
6204,5
6205,5
6206,3
6207,3
6208,5
6209,9
6210,9
6211,7
6212,7
6213,8
6214,10
6215,8
6216,7
6217,4
6218,4
6219,1
6220,3
6221,4
6222,2
6223,2
6224,2
6225,3
6226,3
6227,1
6228,2
6229,1
6230,2
6231,2
6232,3
6233,4
6234,8
6235,6
6236,6
6237,8
6238,7
6239,7
6240,4
6241,5
6242,5
6243,4
6244,7
6245,8
6246,4
6247,6
6248,5
6249,5
6250,4
6251,6
6252,6
6253,5
6254,5
6255,4
6256,4
6257,4
6258,2
6259,2
6260,4
6261,4
6262,4
6263,4
6264,4
6265,6
6266,5
6267,5
6268,4
6269,5
6270,4
6271,5
6272,7
6273,4
6274,5
6275,3
6276,3
6277,2
6278,5
6279,3
6280,4
6281,5
6282,5
6283,2
6284,2
6285,2
6286,4
6287,5
6288,6
6289,4
6290,2
6291,5
6292,4
6293,7
6294,8
6295,2
6296,3
6297,7
6298,4
6299,5
6300,4
6301,4
6302,6
6303,8
6304,5
6305,4
6306,4
6307,5
6308,7
6309,8
6310,4
6311,5
6312,4
6313,4
6314,4
6315,5
6316,5
6317,4
6318,5
6319,6
6320,8
6321,4
6322,6
6323,4
6324,5
6325,4
6326,2
6327,4
6328,5
6329,3
6330,2
6331,6
6332,3
6333,3
6334,4
6335,4
6336,4
6337,5
6338,5
6339,6
6340,5
6341,5
6342,5
6343,5
6344,5
6345,2
6346,4
6347,1
6348,5
6349,4
6350,5
6351,8
6352,6
6353,8
6354,5
6355,3
6356,5
6357,3
6358,4
6359,6
6360,4
6361,5
6362,6
6363,4
6364,3
6365,1
6366,4
6367,2
6368,3
6369,4
6370,6
6371,7
6372,7
6373,2
6374,4
6375,5
6376,4
6377,2
6378,3
6379,3
6380,5
6381,4
6382,3
6383,4
6384,7
6385,5
6386,6
6387,3
6388,3
6389,6
6390,3
6391,6
6392,6
6393,4
6394,5
6395,4
6396,4
6397,3
6398,4
6399,5
6400,4
6401,6
6402,7
6403,6
6404,5
6405,6
6406,6
6407,5
6408,4
6409,4
6410,3
6411,3
6412,5
6413,3
6414,4
6415,6
6416,3
6417,3
6418,3
6419,5
6420,4
6421,5
6422,7
6423,4
6424,5
6425,4
6426,4
6427,4
6428,6
6429,7
6430,6
6431,6
6432,4
6433,7
6434,4
6435,2
6436,1
6437,4
6438,3
6439,2
6440,4
6441,4
6442,4
6443,4
6444,4
6445,2
6446,5
6447,5
6448,3
6449,4
6450,5
6451,5
6452,5
6453,6
6454,7
6455,6
6456,8
6457,4
6458,4
6459,9
6460,7
6461,2
6462,6
6463,7
6464,6
6465,7
6466,6
6467,5
6468,7
6469,5
6470,4
6471,6
6472,8
6473,6
6474,5
6475,4
6476,5
6477,4
6478,3
6479,5
6480,5
6481,5
6482,4
6483,4
6484,3
6485,4
6486,3
6487,3
6488,3
6489,3
6490,3
6491,3
6492,4
6493,3
6494,4
6495,7
6496,8
6497,9
6498,5
6499,5
6500,7
6501,7
6502,3
6503,3
6504,2
6505,1
6506,3
6507,2
6508,3
6509,3
6510,3
6511,6
6512,4
6513,3
6514,3
6515,2
6516,4
6517,3
6518,1
6519,5
6520,4
6521,7
6522,8
6523,5
6524,6
6525,7
6526,7
6527,6
6528,4
6529,3
6530,5
6531,5
6532,5
6533,4
6534,5
6535,7
6536,4
6537,4
6538,4
6539,4
6540,6
6541,6
6542,4
6543,3
6544,4
6545,9
6546,6
6547,5
6548,4
6549,3
6550,3
6551,5
6552,6
6553,5
6554,4
6555,4
6556,3
6557,4
6558,4
6559,5
6560,3
6561,4
6562,4
6563,5
6564,4
6565,5
6566,7
6567,3
6568,5
6569,5
6570,5
6571,4
6572,7
6573,7
6574,5
6575,6
6576,7
6577,5
6578,7
6579,6
6580,7
6581,5
6582,5
6583,3
6584,6
6585,7
6586,4
6587,5
6588,3
6589,3
6590,0
6591,1
6592,3
6593,4
6594,4
6595,4
6596,5
6597,5
6598,3
6599,1
6600,2
6601,6
6602,5
6603,7
6604,6
6605,2
6606,2
6607,3
6608,5
6609,6
6610,3
6611,2
6612,1
6613,6
6614,7
6615,5
6616,5
6617,6
6618,4
6619,6
6620,5
6621,5
6622,4
6623,5
6624,3
6625,2
6626,2
6627,4
6628,4
6629,6
6630,9
6631,7
6632,4
6633,4
6634,3
6635,3
6636,5
6637,3
6638,5
6639,6
6640,4
6641,3
6642,5
6643,6
6644,4
6645,6
6646,3
6647,4
6648,6
6649,5
6650,4
6651,4
6652,5
6653,3
6654,3
6655,5
6656,4
6657,4
6658,4
6659,6
6660,6
6661,6
6662,3
6663,4
6664,3
6665,4
6666,6
6667,7
6668,7
6669,9
6670,6
6671,4
6672,5
6673,3
6674,1
6675,1
6676,3
6677,4
6678,2
6679,5
6680,6
6681,5
6682,3
6683,4
6684,4
6685,5
6686,3
6687,3
6688,6
6689,4
6690,6
6691,3
6692,2
6693,3
6694,5
6695,4
6696,3
6697,3
6698,4
6699,4
6700,5
6701,5
6702,4
6703,5
6704,5
6705,6
6706,3
6707,3
6708,3
6709,3
6710,3
6711,3
6712,5
6713,6
6714,7
6715,7
6716,7
6717,5
6718,4
6719,3
6720,5
6721,4
6722,4
6723,4
6724,3
6725,3
6726,8
6727,7
6728,6
6729,6
6730,4
6731,3
6732,2
6733,5
6734,4
6735,4
6736,4
6737,5
6738,6
6739,6
6740,5
6741,5
6742,3
6743,4
6744,4
6745,2
6746,5
6747,5
6748,3
6749,2
6750,4
6751,6
6752,4
6753,4
6754,6
6755,6
6756,4
6757,4
6758,6
6759,4
6760,4
6761,2
6762,4
6763,5
6764,3
6765,4
6766,2
6767,4
6768,3
6769,4
6770,6
6771,2
6772,4
6773,4
6774,4
6775,3
6776,4
6777,5
6778,5
6779,6
6780,6
6781,4
6782,7
6783,6
6784,4
6785,4
6786,5
6787,3
6788,4
6789,4
6790,6
6791,4
6792,5
6793,5
6794,5
6795,6
6796,6
6797,7
6798,9
6799,7
6800,9
6801,10
6802,4
6803,2
6804,3
6805,4
6806,6
6807,5
6808,4
6809,4
6810,3
6811,1
6812,0
6813,0
6814,1
6815,2
6816,3
6817,4
6818,5
6819,1
6820,1
6821,1
6822,1
6823,4
6824,3
6825,1
6826,1
6827,4
6828,6
6829,7
6830,5
6831,7
6832,7
6833,8
6834,8
6835,7
6836,7
6837,6
6838,7
6839,6
6840,4
6841,5
6842,6
6843,5
6844,2
6845,5
6846,4
6847,3
6848,3
6849,4
6850,5
6851,4
6852,6
6853,5
6854,9
6855,7
6856,5
6857,5
6858,5
6859,4
6860,5
6861,5
6862,5
6863,4
6864,5
6865,5
6866,4
6867,4
6868,4
6869,6
6870,4
6871,4
6872,5
6873,5
6874,6
6875,5
6876,5
6877,5
6878,3
6879,4
6880,2
6881,1
6882,2
6883,3
6884,5
6885,3
6886,3
6887,3
6888,5
6889,7
6890,5
6891,4
6892,7
6893,6
6894,3
6895,4
6896,4
6897,4
6898,7
6899,7
6900,6
6901,7
6902,8
6903,8
6904,5
6905,2
6906,3
6907,5
6908,4
6909,6
6910,6
6911,3
6912,5
6913,5
6914,6
6915,5
6916,5
6917,7
6918,9
6919,7
6920,5
6921,4
6922,3
6923,2
6924,2
6925,4
6926,4
6927,3
6928,3
6929,4
6930,6
6931,4
6932,4
6933,5
6934,2
6935,3
6936,5
6937,6
6938,4
6939,3
6940,4
6941,4
6942,4
6943,6
6944,3
6945,6
6946,5
6947,5
6948,5
6949,4
6950,7
6951,6
6952,3
6953,1
6954,6
6955,5
6956,5
6957,9
6958,6
6959,4
6960,4
6961,4
6962,6
6963,5
6964,5
6965,4
6966,4
6967,2
6968,3
6969,2
6970,2
6971,6
6972,5
6973,1
6974,4
6975,2
6976,5
6977,5
6978,2
6979,4
6980,5
6981,7
6982,6
6983,6
6984,5
6985,6
6986,8
6987,8
6988,6
6989,4
6990,4
6991,2
6992,7
6993,6
6994,6
6995,5
6996,6
6997,1
6998,3
6999,4
7000,2
7001,2
7002,4
7003,3
7004,2
7005,2
7006,5
7007,2
7008,6
7009,4
7010,4
7011,4
7012,3
7013,4
7014,5
7015,4
7016,3
7017,3
7018,5
7019,6
7020,7
7021,5
7022,7
7023,4
7024,5
7025,5
7026,4
7027,7
7028,5
7029,5
7030,3
7031,6
7032,4
7033,4
7034,5
7035,5
7036,3
7037,2
7038,2
7039,4
7040,6
7041,5
7042,4
7043,5
7044,6
7045,4
7046,2
7047,3
7048,4
7049,3
7050,3
7051,4
7052,4
7053,4
7054,4
7055,2
7056,3
7057,4
7058,4
7059,7
7060,6
7061,4
7062,5
7063,4
7064,5
7065,5
7066,5
7067,6
7068,5
7069,6
7070,6
7071,6
7072,3
7073,4
7074,6
7075,8
7076,7
7077,4
7078,5
7079,5
7080,4
7081,3
7082,3
7083,3
7084,4
7085,6
7086,6
7087,4
7088,4
7089,6
7090,2
7091,1
7092,4
7093,4
7094,3
7095,4
7096,5
7097,4
7098,3
7099,4
7100,4
7101,3
7102,5
7103,6
7104,4
7105,4
7106,4
7107,3
7108,5
7109,4
7110,4
7111,5
7112,5
7113,6
7114,6
7115,5
7116,5
7117,5
7118,4
7119,5
7120,3
7121,3
7122,3
7123,2
7124,4
7125,4
7126,5
7127,6
7128,6
7129,7
7130,8
7131,5
7132,3
7133,4
7134,4
7135,3
7136,5
7137,3
7138,3
7139,3
7140,2
7141,3
7142,5
7143,5
7144,4
7145,6
7146,6
7147,4
7148,3
7149,6
7150,6
7151,5
7152,4
7153,5
7154,5
7155,3
7156,3
7157,5
7158,3
7159,6
7160,7
7161,5
7162,3
7163,6
7164,5
7165,6
7166,3
7167,3
7168,5
7169,6
7170,8
7171,9
7172,7
7173,7
7174,5
7175,6
7176,5
7177,6
7178,5
7179,6
7180,7
7181,5
7182,4
7183,4
7184,3
7185,4
7186,3
7187,2
7188,4
7189,2
7190,2
7191,1
7192,1
7193,2
7194,2
7195,2
7196,4
7197,4
7198,4
7199,5
7200,4
7201,3
7202,2
7203,4
7204,4
7205,4
7206,3
7207,5
7208,6
7209,6
7210,4
7211,5
7212,6
7213,5
7214,6
7215,6
7216,5
7217,6
7218,6
7219,3
7220,4
7221,6
7222,6
7223,8
7224,2
7225,1
7226,0
7227,3
7228,5
7229,0
7230,1
7231,5
7232,3
7233,3
7234,6
7235,4
7236,2
7237,3
7238,5
7239,4
7240,3
7241,4
7242,6
7243,6
7244,5
7245,4
7246,5
7247,5
7248,5
7249,5
7250,5
7251,7
7252,8
7253,8
7254,6
7255,4
7256,2
7257,3
7258,3
7259,4
7260,3
7261,4
7262,2
7263,2
7264,2
7265,3
7266,3
7267,4
7268,3
7269,5
7270,5
7271,6
7272,8
7273,7
7274,7
7275,6
7276,4
7277,3
7278,4
7279,5
7280,6
7281,5
7282,4
7283,3
7284,1
7285,4
7286,3
7287,2
7288,4
7289,4
7290,6
7291,6
7292,6
7293,5
7294,5
7295,4
7296,6
7297,6
7298,6
7299,8
7300,8
7301,7
7302,6
7303,6
7304,3
7305,4
7306,4
7307,4
7308,4
7309,4
7310,4
7311,4
7312,3
7313,3
7314,4
7315,4
7316,3
7317,3
7318,4
7319,3
7320,4
7321,5
7322,2
7323,3
7324,3
7325,3
7326,6
7327,3
7328,6
7329,2
7330,1
7331,3
7332,3
7333,4
7334,4
7335,3
7336,2
7337,4
7338,3
7339,6
7340,7
7341,7
7342,9
7343,8
7344,8
7345,7
7346,7
7347,5
7348,7
7349,5
7350,6
7351,6
7352,3
7353,3
7354,4
7355,3
7356,3
7357,2
7358,1
7359,5
7360,3
7361,5
7362,3
7363,3
7364,3
7365,6
7366,4
7367,3
7368,5
7369,7
7370,4
7371,5
7372,4
7373,4
7374,6
7375,6
7376,5
7377,7
7378,7
7379,7
7380,6
7381,7
7382,7
7383,5
7384,3
7385,3
7386,3
7387,2
7388,4
7389,4
7390,3
7391,3
7392,6
7393,6
7394,4
7395,4
7396,5
7397,5
7398,5
7399,4
7400,3
7401,3
7402,4
7403,4
7404,7
7405,6
7406,6
7407,5
7408,6
7409,6
7410,7
7411,6
7412,4
7413,5
7414,4
7415,3
7416,2
7417,1
7418,1
7419,2
7420,1
7421,4
7422,6
7423,5
7424,6
7425,7
7426,8
7427,8
7428,5
7429,4
7430,4
7431,4
7432,4
7433,5
7434,5
7435,5
7436,5
7437,3
7438,3
7439,2
7440,2
7441,2
7442,2
7443,4
7444,5
7445,3
7446,4
7447,5
7448,6
7449,5
7450,5
7451,6
7452,3
7453,4
7454,6
7455,8
7456,5
7457,8
7458,8
7459,7
7460,6
7461,5
7462,6
7463,5
7464,4
7465,3
7466,3
7467,5
7468,5
7469,4
7470,6
7471,5
7472,4
7473,3
7474,2
7475,1
7476,2
7477,3
7478,5
7479,3
7480,5
7481,5
7482,7
7483,7
7484,5
7485,4
7486,2
7487,3
7488,4
7489,5
7490,5
7491,3
7492,3
7493,4
7494,5
7495,5
7496,4
7497,5
7498,7
7499,6
7500,6
7501,7
7502,6
7503,4
7504,5
7505,4
7506,6
7507,8
7508,7
7509,2
7510,3
7511,4
7512,3
7513,3
7514,1
7515,3
7516,3
7517,3
7518,4
7519,3
7520,4
7521,3
7522,6
7523,3
7524,3
7525,4
7526,5
7527,5
7528,4
7529,6
7530,7
7531,6
7532,5
7533,6
7534,5
7535,7
7536,5
7537,3
7538,5
7539,5
7540,2
7541,3
7542,2
7543,2
7544,3
7545,3
7546,5
7547,4
7548,4
7549,4
7550,4
7551,5
7552,3
7553,3
7554,6
7555,8
7556,3
7557,6
7558,4
7559,4
7560,3
7561,4
7562,4
7563,4
7564,5
7565,6
7566,6
7567,5
7568,3
7569,5
7570,4
7571,4
7572,6
7573,4
7574,7
7575,5
7576,4
7577,4
7578,3
7579,4
7580,5
7581,4
7582,5
7583,2
7584,3
7585,6
7586,8
7587,7
7588,7
7589,4
7590,2
7591,4
7592,7
7593,4
7594,6
7595,7
7596,5
7597,2
7598,2
7599,5
7600,3
7601,2
7602,2
7603,3
7604,3
7605,4
7606,3
7607,3
7608,2
7609,5
7610,5
7611,6
7612,6
7613,6
7614,6
7615,4
7616,5
7617,3
7618,5
7619,4
7620,5
7621,4
7622,5
7623,7
7624,6
7625,6
7626,3
7627,4
7628,4
7629,7
7630,4
7631,6
7632,7
7633,9
7634,7
7635,7
7636,5
7637,4
7638,5
7639,4
7640,1
7641,3
7642,3
7643,3
7644,4
7645,6
7646,7
7647,5
7648,4
7649,4
7650,5
7651,6
7652,5
7653,5
7654,6
7655,6
7656,3
7657,3
7658,4
7659,6
7660,7
7661,7
7662,5
7663,4
7664,3
7665,4
7666,6
7667,4
7668,3
7669,4
7670,3
7671,3
7672,4
7673,4
7674,4
7675,3
7676,3
7677,4
7678,5
7679,5
7680,5
7681,7
7682,5
7683,5
7684,6
7685,6
7686,3
7687,3
7688,5
7689,5
7690,3
7691,6
7692,6
7693,3
7694,2
7695,3
7696,4
7697,3
7698,4
7699,5
7700,5
7701,5
7702,5
7703,8
7704,4
7705,2
7706,3
7707,4
7708,6
7709,5
7710,2
7711,5
7712,1
7713,3
7714,6
7715,5
7716,9
7717,7
7718,6
7719,3
7720,3
7721,5
7722,7
7723,5
7724,5
7725,6
7726,6
7727,7
7728,5
7729,4
7730,4
7731,4
7732,3
7733,4
7734,5
7735,4
7736,5
7737,3
7738,3
7739,3
7740,3
7741,2
7742,3
7743,5
7744,4
7745,4
7746,2
7747,3
7748,4
7749,4
7750,5
7751,5
7752,4
7753,4
7754,3
7755,5
7756,6
7757,4
7758,5
7759,4
7760,7
7761,3
7762,3
7763,5
7764,6
7765,6
7766,5
7767,5
7768,3
7769,2
7770,4
7771,7
7772,4
7773,3
7774,3
7775,4
7776,5
7777,4
7778,5
7779,2
7780,6
7781,5
7782,4
7783,5
7784,4
7785,5
7786,3
7787,7
7788,5
7789,5
7790,5
7791,6
7792,4
7793,1
7794,0
7795,4
7796,4
7797,2
7798,4
7799,5
7800,6
7801,5
7802,5
7803,6
7804,4
7805,6
7806,7
7807,4
7808,3
7809,5
7810,6
7811,6
7812,6
7813,4
7814,6
7815,6
7816,7
7817,7
7818,5
7819,5
7820,6
7821,5
7822,6
7823,5
7824,4
7825,3
7826,5
7827,4
7828,4
7829,4
7830,3
7831,3
7832,5
7833,3
7834,4
7835,2
7836,4
7837,5
7838,2
7839,2
7840,5
7841,5
7842,4
7843,5
7844,4
7845,5
7846,7
7847,7
7848,7
7849,5
7850,4
7851,3
7852,5
7853,2
7854,3
7855,3
7856,2
7857,2
7858,3
7859,3
7860,4
7861,5
7862,5
7863,3
7864,4
7865,3
7866,3
7867,4
7868,5
7869,7
7870,5
7871,7
7872,5
7873,5
7874,4
7875,4
7876,5
7877,5
7878,3
7879,3
7880,5
7881,2
7882,1
7883,5
7884,5
7885,5
7886,4
7887,3
7888,4
7889,3
7890,3
7891,5
7892,6
7893,3
7894,4
7895,6
7896,5
7897,5
7898,2
7899,7
7900,7
7901,8
7902,6
7903,6
7904,3
7905,3
7906,8
7907,7
7908,4
7909,8
7910,9
7911,5
7912,4
7913,5
7914,6
7915,5
7916,4
7917,4
7918,4
7919,3
7920,4
7921,4
7922,4
7923,4
7924,3
7925,4
7926,4
7927,3
7928,3
7929,4
7930,6
7931,6
7932,2
7933,4
7934,5
7935,4
7936,3
7937,2
7938,4
7939,3
7940,3
7941,4
7942,4
7943,5
7944,5
7945,3
7946,4
7947,6
7948,5
7949,6
7950,5
7951,6
7952,3
7953,2
7954,4
7955,7
7956,6
7957,5
7958,4
7959,4
7960,5
7961,5
7962,4
7963,6
7964,6
7965,5
7966,4
7967,4
7968,2
7969,4
7970,2
7971,4
7972,4
7973,4
7974,3
7975,4
7976,4
7977,4
7978,2
7979,1
7980,1
7981,2
7982,5
7983,6
7984,8
7985,8
7986,5
7987,5
7988,4
7989,5
7990,6
7991,5
7992,7
7993,6
7994,6
7995,6
7996,5
7997,5
7998,3
7999,1
8000,4
8001,3
8002,3
8003,2
8004,5
8005,3
8006,3
8007,4
8008,3
8009,5
8010,5
8011,2
8012,4
8013,5
8014,5
8015,4
8016,4
8017,5
8018,5
8019,5
8020,5
8021,4
8022,5
8023,5
8024,5
8025,3
8026,5
8027,4
8028,4
8029,6
8030,6
8031,7
8032,3
8033,4
8034,4
8035,5
8036,3
8037,2
8038,1
8039,2
8040,2
8041,2
8042,2
8043,2
8044,5
8045,5
8046,4
8047,7
8048,8
8049,7
8050,6
8051,5
8052,7
8053,9
8054,7
8055,6
8056,10
8057,8
8058,7
8059,6
8060,6
8061,5
8062,4
8063,2
8064,5
8065,6
8066,5
8067,4
8068,4
8069,5
8070,6
8071,5
8072,3
8073,6
8074,4
8075,6
8076,4
8077,3
8078,5
8079,5
8080,3
8081,4
8082,4
8083,3
8084,3
8085,3
8086,4
8087,6
8088,4
8089,4
8090,3
8091,4
8092,4
8093,3
8094,4
8095,4
8096,4
8097,3
8098,3
8099,6
8100,4
8101,4
8102,2
8103,4
8104,3
8105,5
8106,4
8107,3
8108,2
8109,3
8110,4
8111,4
8112,5
8113,2
8114,3
8115,3
8116,3
8117,4
8118,5
8119,7
8120,6
8121,5
8122,7
8123,7
8124,7
8125,6
8126,7
8127,8
8128,3
8129,7
8130,3
8131,2
8132,3
8133,5
8134,2
8135,4
8136,4
8137,3
8138,3
8139,4
8140,6
8141,5
8142,4
8143,3
8144,5
8145,7
8146,6
8147,6
8148,4
8149,2
8150,3
8151,5
8152,5
8153,6
8154,6
8155,4
8156,5
8157,3
8158,3
8159,3
8160,3
8161,3
8162,2
8163,3
8164,3
8165,3
8166,4
8167,4
8168,3
8169,2
8170,3
8171,6
8172,5
8173,4
8174,5
8175,5
8176,5
8177,7
8178,8
8179,6
8180,7
8181,6
8182,5
8183,7
8184,4
8185,3
8186,3
8187,4
8188,6
8189,5
8190,5
8191,5
8192,5
8193,4
8194,3
8195,2
8196,6
8197,3
8198,2
8199,2
8200,4
8201,3
8202,4
8203,3
8204,3
8205,2
8206,3
8207,5
8208,5
8209,4
8210,4
8211,7
8212,4
8213,7
8214,7
8215,5
8216,6
8217,6
8218,7
8219,6
8220,6
8221,6
8222,6
8223,3
8224,6
8225,3
8226,1
8227,4
8228,5
8229,4
8230,3
8231,5
8232,6
8233,6
8234,8
8235,6
8236,9
8237,10
8238,7
8239,5
8240,9
8241,8
8242,7
8243,5
8244,6
8245,6
8246,4
8247,6
8248,7
8249,7
8250,8
8251,4
8252,1
8253,2
8254,4
8255,4
8256,4
8257,3
8258,4
8259,7
8260,5
8261,4
8262,4
8263,4
8264,4
8265,3
8266,3
8267,3
8268,0
8269,4
8270,6
8271,8
8272,4
8273,7
8274,3
8275,5
8276,6
8277,7
8278,5
8279,4
8280,6
8281,8
8282,8
8283,5
8284,3
8285,3
8286,4
8287,5
8288,9
8289,3
8290,3
8291,5
8292,5
8293,4
8294,4
8295,6
8296,3
8297,3
8298,5
8299,6
8300,4
8301,5
8302,9
8303,3
8304,1
8305,3
8306,3
8307,4
8308,5
8309,7
8310,8
8311,6
8312,5
8313,4
8314,4
8315,7
8316,8
8317,8
8318,7
8319,6
8320,9
8321,9
8322,7
8323,3
8324,2
8325,4
8326,5
8327,6
8328,5
8329,3
8330,4
8331,6
8332,5
8333,3
8334,2
8335,6
8336,6
8337,6
8338,6
8339,5
8340,5
8341,6
8342,5
8343,5
8344,7
8345,7
8346,3
8347,4
8348,7
8349,3
8350,6
8351,7
8352,7
8353,7
8354,7
8355,8
8356,8
8357,7
8358,9
8359,10
8360,9
8361,7
8362,5
8363,8
8364,8
8365,2
8366,5
8367,7
8368,6
8369,7
8370,8
8371,5
8372,3
8373,5
8374,2
8375,1
8376,1
8377,4
8378,4
8379,5
8380,4
8381,4
8382,3
8383,6
8384,4
8385,6
8386,5
8387,3
8388,4
8389,4
8390,4
8391,5
8392,7
8393,4
8394,7
8395,8
8396,5
8397,6
8398,5
8399,6
8400,5
8401,6
8402,6
8403,8
8404,8
8405,9
8406,7
8407,5
8408,6
8409,7
8410,3
8411,4
8412,6
8413,7
8414,5
8415,2
8416,5
8417,4
8418,6
8419,7
8420,6
8421,5
8422,5
8423,7
8424,5
8425,6
8426,7
8427,4
8428,2
8429,5
8430,6
8431,4
8432,4
8433,2
8434,4
8435,3
8436,4
8437,8
8438,4
8439,3
8440,3
8441,5
8442,6
8443,4
8444,4
8445,6
8446,4
8447,5
8448,3
8449,4
8450,3
8451,3
8452,3
8453,6
8454,5
8455,3
8456,5
8457,7
8458,5
8459,4
8460,4
8461,5
8462,7
8463,4
8464,6
8465,6
8466,5
8467,2
8468,2
8469,3
8470,4
8471,4
8472,6
8473,6
8474,5
8475,5
8476,3
8477,4
8478,4
8479,5
8480,4
8481,6
8482,8
8483,6
8484,4
8485,5
8486,4
8487,6
8488,7
8489,5
8490,5
8491,7
8492,2
8493,3
8494,5
8495,5
8496,3
8497,4
8498,7
8499,3
8500,3
8501,5
8502,6
8503,5
8504,5
8505,6
8506,5
8507,5
8508,5
8509,3
8510,2
8511,4
8512,6
8513,5
8514,2
8515,5
8516,5
8517,6
8518,5
8519,5
8520,7
8521,8
8522,4
8523,5
8524,5
8525,4
8526,3
8527,4
8528,3
8529,4
8530,5
8531,4
8532,4
8533,5
8534,5
8535,2
8536,2
8537,3
8538,4
8539,5
8540,3
8541,5
8542,8
8543,7
8544,4
8545,5
8546,4
8547,3
8548,7
8549,8
8550,6
8551,5
8552,6
8553,3
8554,1
8555,7
8556,5
8557,5
8558,8
8559,5
8560,6
8561,6
8562,4
8563,6
8564,5
8565,2
8566,5
8567,5
8568,4
8569,5
8570,3
8571,4
8572,4
8573,3
8574,3
8575,4
8576,5
8577,3
8578,4
8579,3
8580,3
8581,5
8582,7
8583,6
8584,6
8585,9
8586,7
8587,5
8588,5
8589,6
8590,5
8591,4
8592,4
8593,6
8594,7
8595,3
8596,4
8597,5
8598,3
8599,3
8600,7
8601,5
8602,7
8603,7
8604,3
8605,4
8606,3
8607,7
8608,5
8609,4
8610,3
8611,5
8612,4
8613,8
8614,5
8615,6
8616,5
8617,6
8618,6
8619,5
8620,6
8621,3
8622,3
8623,4
8624,4
8625,4
8626,6
8627,6
8628,7
8629,5
8630,4
8631,6
8632,6
8633,6
8634,5
8635,5
8636,6
8637,4
8638,5
8639,6
8640,4
8641,4
8642,6
8643,3
8644,4
8645,3
8646,3
8647,4
8648,5
8649,4
8650,4
8651,6
8652,5
8653,4
8654,8
8655,6
8656,6
8657,5
8658,4
8659,5
8660,5
8661,5
8662,4
8663,5
8664,7
8665,5
8666,6
8667,4
8668,5
8669,8
8670,7
8671,4
8672,4
8673,7
8674,4
8675,4
8676,4
8677,4
8678,4
8679,3
8680,4
8681,4
8682,6
8683,4
8684,4
8685,4
8686,5
8687,5
8688,6
8689,6
8690,3
8691,4
8692,4
8693,5
8694,5
8695,5
8696,2
8697,5
8698,6
8699,9
8700,7
8701,5
8702,4
8703,3
8704,4
8705,6
8706,4
8707,4
8708,6
8709,3
8710,3
8711,3
8712,6
8713,3
8714,3
8715,5
8716,5
8717,7
8718,5
8719,3
8720,6
8721,4
8722,4
8723,3
8724,3
8725,3
8726,6
8727,4
8728,5
8729,4
8730,6
8731,8
8732,5
8733,5
8734,4
8735,4
8736,6
8737,6
8738,5
8739,6
8740,6
8741,4
8742,4
8743,5
8744,3
8745,2
8746,1
8747,1
8748,4
8749,3
8750,3
8751,4
8752,5
8753,5
8754,5
8755,5
8756,3
8757,3
8758,2
8759,3
8760,4
8761,5
8762,6
8763,6
8764,6
8765,6
8766,6
8767,5
8768,5
8769,7
8770,6
8771,5
8772,5
8773,5
8774,4
8775,5
8776,5
8777,5
8778,3
8779,3
8780,6
8781,6
8782,8
8783,4
8784,4
8785,4
8786,4
8787,3
8788,4
8789,4
8790,6
8791,2
8792,4
8793,6
8794,5
8795,5
8796,5
8797,4
8798,6
8799,4
8800,4
8801,2
8802,5
8803,3
8804,2
8805,6
8806,3
8807,8
8808,7
8809,6
8810,10
8811,6
8812,2
8813,3
8814,2
8815,4
8816,4
8817,6
8818,5
8819,4
8820,2
8821,0
8822,2
8823,2
8824,3
8825,5
8826,5
8827,8
8828,6
8829,2
8830,3
8831,3
8832,4
8833,3
8834,2
8835,2
8836,2
8837,5
8838,6
8839,7
8840,8
8841,4
8842,3
8843,5
8844,6
8845,5
8846,3
8847,3
8848,5
8849,4
8850,5
8851,7
8852,6
8853,5
8854,6
8855,6
8856,5
8857,7
8858,5
8859,5
8860,6
8861,4
8862,4
8863,4
8864,6
8865,8
8866,8
8867,4
8868,3
8869,6
8870,5
8871,1
8872,2
8873,4
8874,3
8875,2
8876,4
8877,7
8878,4
8879,4
8880,6
8881,2
8882,2
8883,6
8884,1
8885,5
8886,7
8887,3
8888,7
8889,4
8890,3
8891,5
8892,4
8893,4
8894,3
8895,2
8896,4
8897,4
8898,4
8899,6
8900,5
8901,3
8902,3
8903,3
8904,3
8905,4
8906,5
8907,3
8908,5
8909,6
8910,4
8911,5
8912,4
8913,4
8914,3
8915,3
8916,6
8917,6
8918,4
8919,5
8920,2
8921,3
8922,4
8923,4
8924,8
8925,6
8926,4
8927,6
8928,4
8929,6
8930,7
8931,6
8932,5
8933,4
8934,4
8935,6
8936,9
8937,7
8938,5
8939,5
8940,5
8941,2
8942,2
8943,2
8944,2
8945,7
8946,6
8947,3
8948,2
8949,5
8950,7
8951,6
8952,2
8953,2
8954,3
8955,3
8956,4
8957,5
8958,4
8959,6
8960,6
8961,4
8962,3
8963,3
8964,1
8965,4
8966,4
8967,4
8968,4
8969,8
8970,4
8971,3
8972,4
8973,5
8974,5
8975,5
8976,3
8977,4
8978,5
8979,6
8980,5
8981,4
8982,4
8983,5
8984,5
8985,5
8986,6
8987,5
8988,3
8989,5
8990,7
8991,5
8992,3
8993,5
8994,4
8995,7
8996,4
8997,1
8998,3
8999,3
9000,4
9001,5
9002,5
9003,4
9004,2
9005,5
9006,5
9007,6
9008,6
9009,5
9010,5
9011,6
9012,6
9013,4
9014,7
9015,4
9016,4
9017,5
9018,5
9019,4
9020,4
9021,7
9022,4
9023,5
9024,7
9025,5
9026,4
9027,2
9028,3
9029,4
9030,6
9031,6
9032,7
9033,5
9034,5
9035,3
9036,5
9037,6
9038,4
9039,4
9040,5
9041,7
9042,6
9043,6
9044,4
9045,4
9046,1
9047,5
9048,5
9049,3
9050,3
9051,8
9052,5
9053,1
9054,1
9055,4
9056,4
9057,3
9058,3
9059,6
9060,4
9061,2
9062,4
9063,4
9064,5
9065,4
9066,5
9067,4
9068,4
9069,6
9070,6
9071,7
9072,6
9073,7
9074,5
9075,5
9076,6
9077,6
9078,5
9079,5
9080,5
9081,6
9082,3
9083,3
9084,3
9085,3
9086,3
9087,4
9088,7
9089,5
9090,2
9091,6
9092,9
9093,8
9094,6
9095,7
9096,6
9097,4
9098,2
9099,2
9100,4
9101,3
9102,7
9103,6
9104,7
9105,6
9106,6
9107,6
9108,7
9109,5
9110,4
9111,5
9112,4
9113,3
9114,2
9115,3
9116,4
9117,4
9118,8
9119,7
9120,4
9121,4
9122,3
9123,3
9124,4
9125,5
9126,4
9127,4
9128,4
9129,5
9130,7
9131,7
9132,4
9133,6
9134,5
9135,4
9136,5
9137,5
9138,7
9139,8
9140,5
9141,7
9142,5
9143,5
9144,4
9145,4
9146,4
9147,3
9148,6
9149,4
9150,4
9151,3
9152,7
9153,4
9154,3
9155,4
9156,4
9157,4
9158,4
9159,3
9160,4
9161,4
9162,4
9163,5
9164,6
9165,6
9166,6
9167,4
9168,4
9169,3
9170,2
9171,5
9172,5
9173,7
9174,7
9175,7
9176,8
9177,6
9178,5
9179,4
9180,5
9181,4
9182,2
9183,4
9184,5
9185,5
9186,5
9187,4
9188,4
9189,4
9190,2
9191,1
9192,1
9193,1
9194,1
9195,1
9196,1
9197,2
9198,4
9199,3
9200,5
9201,7
9202,9
9203,5
9204,8
9205,7
9206,9
9207,9
9208,7
9209,6
9210,4
9211,3
9212,7
9213,8
9214,7
9215,5
9216,5
9217,4
9218,4
9219,4
9220,5
9221,4
9222,3
9223,3
9224,7
9225,4
9226,6
9227,5
9228,5
9229,2
9230,2
9231,3
9232,4
9233,6
9234,6
9235,3
9236,6
9237,5
9238,6
9239,6
9240,5
9241,7
9242,5
9243,6
9244,6
9245,3
9246,4
9247,3
9248,3
9249,2
9250,2
9251,3
9252,3
9253,2
9254,2
9255,5
9256,6
9257,5
9258,5
9259,7
9260,7
9261,6
9262,8
9263,8
9264,6
9265,5
9266,7
9267,6
9268,6
9269,7
9270,7
9271,5
9272,3
9273,4
9274,4
9275,4
9276,3
9277,3
9278,3
9279,2
9280,2
9281,1
9282,4
9283,4
9284,5
9285,4
9286,7
9287,5
9288,5
9289,5
9290,6
9291,5
9292,6
9293,5
9294,4
9295,4
9296,4
9297,3
9298,6
9299,7
9300,5
9301,4
9302,3
9303,4
9304,6
9305,5
9306,5
9307,8
9308,6
9309,4
9310,2
9311,5
9312,6
9313,6
9314,5
9315,3
9316,2
9317,4
9318,4
9319,4
9320,4
9321,5
9322,3
9323,3
9324,4
9325,4
9326,5
9327,5
9328,5
9329,5
9330,5
9331,5
9332,5
9333,4
9334,4
9335,2
9336,6
9337,7
9338,6
9339,5
9340,7
9341,6
9342,7
9343,7
9344,4
9345,3
9346,4
9347,4
9348,4
9349,5
9350,6
9351,7
9352,7
9353,6
9354,3
9355,5
9356,4
9357,3
9358,2
9359,6
9360,5
9361,5
9362,4
9363,4
9364,4
9365,4
9366,2
9367,3
9368,4
9369,5
9370,6
9371,6
9372,6
9373,4
9374,3
9375,4
9376,4
9377,3
9378,3
9379,3
9380,3
9381,2
9382,4
9383,3
9384,5
9385,6
9386,5
9387,6
9388,5
9389,5
9390,4
9391,5
9392,6
9393,7
9394,8
9395,7
9396,5
9397,5
9398,6
9399,6
9400,4
9401,4
9402,3
9403,5
9404,5
9405,3
9406,2
9407,3
9408,4
9409,4
9410,3
9411,3
9412,5
9413,5
9414,8
9415,6
9416,5
9417,5
9418,4
9419,3
9420,4
9421,4
9422,5
9423,8
9424,4
9425,4
9426,5
9427,5
9428,2
9429,4
9430,6
9431,7
9432,6
9433,5
9434,3
9435,4
9436,5
9437,3
9438,5
9439,5
9440,4
9441,4
9442,3
9443,4
9444,6
9445,6
9446,4
9447,8
9448,6
9449,10
9450,4
9451,3
9452,2
9453,3
9454,5
9455,5
9456,3
9457,5
9458,5
9459,6
9460,6
9461,4
9462,3
9463,4
9464,4
9465,3
9466,4
9467,6
9468,4
9469,3
9470,4
9471,6
9472,3
9473,5
9474,3
9475,4
9476,2
9477,2
9478,3
9479,3
9480,5
9481,5
9482,5
9483,4
9484,4
9485,5
9486,7
9487,7
9488,6
9489,6
9490,5
9491,3
9492,5
9493,5
9494,7
9495,5
9496,5
9497,4
9498,5
9499,6
9500,6
9501,7
9502,4
9503,3
9504,3
9505,3
9506,2
9507,3
9508,4
9509,6
9510,3
9511,3
9512,3
9513,4
9514,5
9515,6
9516,5
9517,5
9518,4
9519,8
9520,6
9521,6
9522,8
9523,10
9524,10
9525,7
9526,6
9527,2
9528,4
9529,5
9530,3
9531,4
9532,5
9533,3
9534,3
9535,3
9536,4
9537,4
9538,5
9539,7
9540,5
9541,5
9542,3
9543,7
9544,5
9545,6
9546,4
9547,4
9548,5
9549,7
9550,2
9551,1
9552,3
9553,3
9554,5
9555,5
9556,1
9557,7
9558,5
9559,3
9560,1
9561,8
9562,11
9563,6
9564,5
9565,4
9566,3
9567,3
9568,4
9569,5
9570,5
9571,5
9572,5
9573,6
9574,3
9575,4
9576,4
9577,5
9578,4
9579,3
9580,4
9581,4
9582,4
9583,5
9584,6
9585,4
9586,6
9587,4
9588,5
9589,4
9590,7
9591,5
9592,4
9593,6
9594,5
9595,6
9596,7
9597,3
9598,3
9599,4
9600,3
9601,4
9602,6
9603,6
9604,5
9605,6
9606,7
9607,8
9608,9
9609,8
9610,5
9611,4
9612,4
9613,5
9614,5
9615,3
9616,4
9617,4
9618,3
9619,5
9620,4
9621,4
9622,2
9623,3
9624,5
9625,5
9626,6
9627,3
9628,1
9629,4
9630,4
9631,5
9632,3
9633,5
9634,4
9635,4
9636,4
9637,4
9638,6
9639,4
9640,5
9641,6
9642,6
9643,6
9644,5
9645,4
9646,5
9647,5
9648,4
9649,5
9650,4
9651,4
9652,4
9653,4
9654,3
9655,3
9656,3
9657,5
9658,6
9659,5
9660,6
9661,5
9662,2
9663,5
9664,5
9665,5
9666,4
9667,3
9668,4
9669,4
9670,4
9671,3
9672,4
9673,6
9674,5
9675,5
9676,4
9677,3
9678,4
9679,4
9680,3
9681,5
9682,5
9683,6
9684,4
9685,5
9686,7
9687,5
9688,5
9689,6
9690,7
9691,5
9692,6
9693,6
9694,4
9695,5
9696,6
9697,4
9698,3
9699,2
9700,1
9701,3
9702,6
9703,5
9704,5
9705,4
9706,6
9707,3
9708,3
9709,5
9710,5
9711,5
9712,4
9713,5
9714,5
9715,5
9716,4
9717,6
9718,7
9719,7
9720,7
9721,4
9722,4
9723,3
9724,5
9725,6
9726,5
9727,3
9728,7
9729,6
9730,3
9731,3
9732,5
9733,4
9734,4
9735,4
9736,4
9737,4
9738,7
9739,5
9740,5
9741,5
9742,3
9743,3
9744,3
9745,1
9746,2
9747,4
9748,7
9749,5
9750,3
9751,4
9752,4
9753,5
9754,4
9755,7
9756,6
9757,4
9758,5
9759,6
9760,3
9761,2
9762,3
9763,2
9764,5
9765,5
9766,5
9767,5
9768,4
9769,2
9770,4
9771,4
9772,4
9773,6
9774,7
9775,7
9776,7
9777,7
9778,6
9779,5
9780,5
9781,5
9782,5
9783,2
9784,6
9785,5
9786,6
9787,4
9788,6
9789,5
9790,4
9791,4
9792,5
9793,6
9794,5
9795,6
9796,6
9797,5
9798,3
9799,3
9800,6
9801,6
9802,6
9803,7
9804,6
9805,3
9806,3
9807,4
9808,4
9809,3
9810,5
9811,7
9812,5
9813,8
9814,5
9815,3
9816,4
9817,6
9818,5
9819,5
9820,4
9821,5
9822,5
9823,4
9824,5
9825,4
9826,6
9827,3
9828,3
9829,8
9830,6
9831,7
9832,7
9833,5
9834,4
9835,4
9836,4
9837,4
9838,6
9839,4
9840,4
9841,5
9842,5
9843,5
9844,4
9845,3
9846,3
9847,3
9848,5
9849,7
9850,7
9851,6
9852,3
9853,3
9854,3
9855,4
9856,2
9857,2
9858,5
9859,3
9860,2
9861,3
9862,4
9863,4
9864,6
9865,7
9866,6
9867,3
9868,2
9869,2
9870,4
9871,5
9872,7
9873,8
9874,4
9875,4
9876,5
9877,6
9878,8
9879,5
9880,7
9881,6
9882,5
9883,7
9884,6
9885,5
9886,3
9887,4
9888,6
9889,6
9890,6
9891,6
9892,6
9893,5
9894,5
9895,4
9896,3
9897,2
9898,2
9899,3
9900,4
9901,5
9902,5
9903,6
9904,5
9905,4
9906,5
9907,5
9908,5
9909,5
9910,5
9911,5
9912,5
9913,5
9914,5
9915,4
9916,5
9917,3
9918,5
9919,4
9920,4
9921,3
9922,3
9923,2
9924,4
9925,5
9926,6
9927,6
9928,6
9929,5
9930,3
9931,2
9932,2
9933,3
9934,6
9935,5
9936,6
9937,6
9938,7
9939,6
9940,5
9941,5
9942,4
9943,4
9944,4
9945,3
9946,5
9947,3
9948,5
9949,5
9950,5
9951,2
9952,4
9953,3
9954,6
9955,2
9956,2
9957,4
9958,4
9959,4
9960,4
9961,4
9962,7
9963,7
9964,2
9965,8
9966,7
9967,5
9968,5
9969,5
9970,3
9971,4
9972,4
9973,5
9974,8
9975,6
9976,3
9977,3
9978,4
9979,4
9980,4
9981,7
9982,5
9983,1
9984,3
9985,3
9986,3
9987,5
9988,4
9989,4
9990,4
9991,4
9992,4
9993,3
9994,4
9995,6
9996,6
9997,6
9998,3
9999,6
10000,4
10001,6
10002,6
10003,7
10004,6
10005,5
10006,4
10007,2
10008,3
10009,3
10010,5
10011,6
10012,7
10013,5
10014,3
10015,4
10016,3
10017,3
10018,3
10019,6
10020,5
10021,5
10022,7
10023,8
10024,5
10025,4
10026,5
10027,5
10028,4
10029,5
10030,4
10031,6
10032,7
10033,5
10034,4
10035,5
10036,2
10037,3
10038,4
10039,3
10040,4
10041,4
10042,4
10043,6
10044,7
10045,7
10046,5
10047,2
10048,4
10049,4
10050,3
10051,3
10052,3
10053,3
10054,3
10055,4
10056,3
10057,4
10058,4
10059,4
10060,5
10061,6
10062,6
10063,6
10064,6
10065,6
10066,5
10067,4
10068,8
10069,7
10070,4
10071,7
10072,9
10073,8
10074,5
10075,5
10076,5
10077,5
10078,5
10079,6
10080,8
10081,5
10082,4
10083,7
10084,5
10085,4
10086,4
10087,6
10088,5
10089,6
10090,5
10091,4
10092,3
10093,3
10094,5
10095,4
10096,4
10097,3
10098,3
10099,8
10100,10
10101,8
10102,5
10103,3
10104,4
10105,4
10106,4
10107,5
10108,3
10109,3
10110,2
10111,5
10112,7
10113,6
10114,4
10115,3
10116,3
10117,3
10118,3
10119,4
10120,3
10121,5
10122,3
10123,2
10124,3
10125,1
10126,2
10127,2
10128,2
10129,4
10130,5
10131,4
10132,4
10133,6
10134,6
10135,5
10136,7
10137,7
10138,7
10139,10
10140,8
10141,7
10142,6
10143,6
10144,6
10145,5
10146,5
10147,6
10148,6
10149,8
10150,6
10151,5
10152,6
10153,5
10154,4
10155,4
10156,4
10157,5
10158,4
10159,3
10160,5
10161,4
10162,4
10163,5
10164,4
10165,3
10166,3
10167,4
10168,5
10169,5
10170,4
10171,5
10172,4
10173,5
10174,7
10175,6
10176,6
10177,3
10178,7
10179,5
10180,8
10181,3
10182,6
10183,6
10184,6
10185,6
10186,4
10187,3
10188,6
10189,5
10190,5
10191,3
10192,2
10193,3
10194,3
10195,5
10196,4
10197,5
10198,5
10199,4
10200,2
10201,2
10202,3
10203,5
10204,5
10205,4
10206,5
10207,6
10208,5
10209,5
10210,2
10211,3
10212,3
10213,3
10214,3
10215,3
10216,3
10217,7
10218,6
10219,3
10220,3
10221,3
10222,4
10223,4
10224,3
10225,5
10226,6
10227,7
10228,7
10229,6
10230,7
10231,7
10232,7
10233,6
10234,5
10235,4
10236,4
10237,4
10238,5
10239,5
10240,5
10241,4
10242,2
10243,2
10244,4
10245,4
10246,5
10247,5
10248,6
10249,4
10250,2
10251,4
10252,4
10253,3
10254,3
10255,5
10256,4
10257,4
10258,7
10259,8
10260,4
10261,5
10262,6
10263,4
10264,5
10265,8
10266,6
10267,5
10268,6
10269,7
10270,5
10271,6
10272,5
10273,5
10274,5
10275,6
10276,7
10277,8
10278,5
10279,5
10280,4
10281,3
10282,4
10283,4
10284,5
10285,5
10286,4
10287,3
10288,5
10289,3
10290,3
10291,3
10292,7
10293,5
10294,5
10295,5
10296,6
10297,4
10298,6
10299,6
10300,3
10301,3
10302,3
10303,4
10304,3
10305,4
10306,5
10307,3
10308,2
10309,3
10310,2
10311,3
10312,8
10313,9
10314,9
10315,7
10316,4
10317,5
10318,5
10319,7
10320,6
10321,4
10322,4
10323,6
10324,4
10325,3
10326,7
10327,7
10328,4
10329,3
10330,2
10331,6
10332,5
10333,4
10334,4
10335,6
10336,4
10337,9
10338,9
10339,9
10340,8
10341,8
10342,6
10343,4
10344,3
10345,7
10346,3
10347,2
10348,4
10349,6
10350,3
10351,4
10352,6
10353,7
10354,4
10355,1
10356,2
10357,3
10358,2
10359,2
10360,3
10361,3
10362,4
10363,5
10364,6
10365,5
10366,7
10367,5
10368,5
10369,4
10370,6
10371,5
10372,4
10373,4
10374,4
10375,6
10376,6
10377,6
10378,4
10379,4
10380,4
10381,5
10382,6
10383,6
10384,5
10385,7
10386,5
10387,5
10388,4
10389,4
10390,6
10391,5
10392,4
10393,5
10394,5
10395,3
10396,3
10397,4
10398,5
10399,6
10400,3
10401,3
10402,5
10403,7
10404,6
10405,6
10406,6
10407,7
10408,6
10409,6
10410,5
10411,3
10412,5
10413,5
10414,6
10415,4
10416,5
10417,4
10418,3
10419,3
10420,1
10421,3
10422,3
10423,5
10424,4
10425,3
10426,3
10427,8
10428,6
10429,5
10430,3
10431,3
10432,5
10433,5
10434,5
10435,7
10436,7
10437,7
10438,6
10439,4
10440,3
10441,4
10442,6
10443,4
10444,4
10445,3
10446,4
10447,4
10448,5
10449,3
10450,4
10451,3
10452,2
10453,6
10454,3
10455,6
10456,4
10457,5
10458,5
10459,6
10460,4
10461,7
10462,7
10463,4
10464,3
10465,3
10466,3
10467,5
10468,3
10469,4
10470,2
10471,5
10472,4
10473,4
10474,4
10475,7
10476,7
10477,7
10478,5
10479,4
10480,3
10481,6
10482,4
10483,7
10484,5
10485,6
10486,5
10487,2
10488,4
10489,6
10490,7
10491,5
10492,7
10493,4
10494,3
10495,3
10496,4
10497,3
10498,4
10499,9
10500,7
10501,5
10502,5
10503,5
10504,5
10505,4
10506,4
10507,4
10508,5
10509,5
10510,2
10511,4
10512,3
10513,6
10514,5
10515,3
10516,3
10517,6
10518,5
10519,4
10520,3
10521,2
10522,7
10523,4
10524,5
10525,5
10526,4
10527,4
10528,5
10529,5
10530,6
10531,7
10532,6
10533,9
10534,6
10535,3
10536,3
10537,5
10538,6
10539,5
10540,6
10541,5
10542,6
10543,5
10544,3
10545,3
10546,5
10547,6
10548,3
10549,4
10550,5
10551,3
10552,3
10553,3
10554,4
10555,3
10556,3
10557,2
10558,4
10559,5
10560,5
10561,7
10562,8
10563,8
10564,4
10565,2
10566,3
10567,4
10568,7
10569,7
10570,4
10571,6
10572,7
10573,5
10574,4
10575,5
10576,5
10577,3
10578,5
10579,2
10580,4
10581,6
10582,6
10583,6
10584,5
10585,3
10586,4
10587,7
10588,6
10589,5
10590,4
10591,3
10592,5
10593,4
10594,8
10595,5
10596,7
10597,3
10598,1
10599,3
10600,3
10601,5
10602,5
10603,3
10604,2
10605,4
10606,4
10607,6
10608,7
10609,4
10610,4
10611,4
10612,5
10613,6
10614,6
10615,4
10616,3
10617,3
10618,3
10619,1
10620,2
10621,4
10622,8
10623,8
10624,3
10625,2
10626,2
10627,3
10628,3
10629,5
10630,6
10631,4
10632,5
10633,7
10634,6
10635,6
10636,6
10637,4
10638,4
10639,4
10640,4
10641,4
10642,5
10643,6
10644,4
10645,3
10646,3
10647,3
10648,4
10649,7
10650,7
10651,7
10652,7
10653,5
10654,5
10655,5
10656,3
10657,4
10658,4
10659,5
10660,5
10661,4
10662,4
10663,6
10664,6
10665,5
10666,7
10667,8
10668,7
10669,8
10670,6
10671,7
10672,4
10673,4
10674,4
10675,5
10676,6
10677,6
10678,5
10679,6
10680,5
10681,3
10682,4
10683,3
10684,1
10685,1
10686,4
10687,2
10688,5
10689,8
10690,4
10691,2
10692,4
10693,6
10694,3
10695,5
10696,2
10697,3
10698,5
10699,4
10700,4
10701,4
10702,2
10703,1
10704,3
10705,3
10706,5
10707,5
10708,4
10709,5
10710,5
10711,7
10712,10
10713,9
10714,5
10715,5
10716,4
10717,6
10718,5
10719,3
10720,7
10721,8
10722,7
10723,7
10724,4
10725,3
10726,3
10727,2
10728,2
10729,4
10730,3
10731,5
10732,5
10733,5
10734,3
10735,1
10736,3
10737,2
10738,3
10739,5
10740,6
10741,6
10742,6
10743,3
10744,4
10745,3
10746,6
10747,6
10748,5
10749,7
10750,6
10751,5
10752,4
10753,7
10754,7
10755,8
10756,5
10757,4
10758,5
10759,7
10760,4
10761,5
10762,4
10763,5
10764,3
10765,7
10766,8
10767,3
10768,4
10769,4
10770,5
10771,3
10772,1
10773,1
10774,1
10775,4
10776,3
10777,5
10778,5
10779,4
10780,4
10781,4
10782,5
10783,2
10784,4
10785,4
10786,5
10787,2
10788,3
10789,2
10790,3
10791,3
10792,3
10793,1
10794,4
10795,5
10796,5
10797,4
10798,7
10799,6
10800,4
10801,3
10802,7
10803,4
10804,5
10805,7
10806,2
10807,3
10808,5
10809,5
10810,5
10811,5
10812,2
10813,3
10814,3
10815,5
10816,4
10817,5
10818,5
10819,3
10820,4
10821,3
10822,4
10823,4
10824,2
10825,2
10826,3
10827,3
10828,2
10829,2
10830,4
10831,5
10832,4
10833,5
10834,7
10835,7
10836,7
10837,6
10838,6
10839,7
10840,5
10841,8
10842,8
10843,6
10844,6
10845,7
10846,5
10847,6
10848,2
10849,4
10850,5
10851,3
10852,7
10853,6
10854,5
10855,6
10856,4
10857,4
10858,6
10859,5
10860,6
10861,5
10862,8
10863,7
10864,4
10865,4
10866,4
10867,6
10868,5
10869,4
10870,4
10871,4
10872,4
10873,6
10874,4
10875,4
10876,5
10877,3
10878,5
10879,2
10880,7
10881,8
10882,7
10883,9
10884,5
10885,4
10886,3
10887,6
10888,8
10889,5
10890,4
10891,3
10892,4
10893,5
10894,5
10895,2
10896,2
10897,1
10898,2
10899,5
10900,3
10901,3
10902,2
10903,2
10904,4
10905,5
10906,4
10907,3
10908,4
10909,6
10910,8
10911,6
10912,4
10913,4
10914,4
10915,1
10916,2
10917,2
10918,3
10919,3
10920,3
10921,1
10922,2
10923,3
10924,4
10925,3
10926,4
10927,4
10928,4
10929,6
10930,5
10931,4
10932,7
10933,7
10934,6
10935,7
10936,8
10937,8
10938,6
10939,6
10940,7
10941,5
10942,5
10943,4
10944,1
10945,3
10946,4
10947,2
10948,4
10949,4
10950,3
10951,6
10952,3
10953,2
10954,3
10955,4
10956,6
10957,6
10958,6
10959,5
10960,7
10961,6
10962,8
10963,7
10964,6
10965,4
10966,7
10967,7
10968,6
10969,6
10970,4
10971,3
10972,5
10973,4
10974,3
10975,2
10976,2
10977,2
10978,3
10979,4
10980,3
10981,4
10982,4
10983,3
10984,4
10985,7
10986,5
10987,4
10988,3
10989,6
10990,8
10991,8
10992,6
10993,6
10994,5
10995,7
10996,4
10997,5
10998,6
10999,4
11000,3
11001,6
11002,5
11003,3
11004,4
11005,5
11006,3
11007,2
11008,4
11009,6
11010,6
11011,5
11012,6
11013,5
11014,4
11015,3
11016,3
11017,3
11018,2
11019,3
11020,6
11021,5
11022,5
11023,6
11024,5
11025,5
11026,4
11027,4
11028,3
11029,5
11030,4
11031,3
11032,5
11033,4
11034,4
11035,5
11036,3
11037,4
11038,5
11039,6
11040,6
11041,3
11042,5
11043,9
11044,7
11045,6
11046,9
11047,5
11048,5
11049,4
11050,3
11051,3
11052,2
11053,3
11054,5
11055,3
11056,4
11057,7
11058,4
11059,3
11060,3
11061,5
11062,5
11063,2
11064,2
11065,3
11066,3
11067,4
11068,6
11069,3
11070,3
11071,3
11072,5
11073,5
11074,5
11075,5
11076,3
11077,2
11078,4
11079,3
11080,3
11081,4
11082,4
11083,5
11084,6
11085,5
11086,5
11087,6
11088,6
11089,6
11090,8
11091,3
11092,5
11093,5
11094,3
11095,8
11096,9
11097,4
11098,4
11099,3
11100,3
11101,4
11102,4
11103,5
11104,2
11105,5
11106,4
11107,3
11108,2
11109,2
11110,2
11111,4
11112,6
11113,4
11114,6
11115,4
11116,4
11117,6
11118,4
11119,6
11120,9
11121,7
11122,7
11123,4
11124,4
11125,4
11126,2
11127,2
11128,5
11129,4
11130,5
11131,8
11132,5
11133,5
11134,4
11135,3
11136,8
11137,6
11138,4
11139,5
11140,5
11141,5
11142,4
11143,3
11144,3
11145,4
11146,4
11147,4
11148,5
11149,5
11150,4
11151,5
11152,4
11153,4
11154,2
11155,3
11156,5
11157,6
11158,4
11159,4
11160,4
11161,4
11162,4
11163,7
11164,7
11165,4
11166,5
11167,6
11168,6
11169,7
11170,6
11171,4
11172,3
11173,3
11174,3
11175,2
11176,4
11177,4
11178,4
11179,7
11180,6
11181,4
11182,5
11183,4
11184,3
11185,2
11186,3
11187,4
11188,4
11189,3
11190,5
11191,5
11192,9
11193,7
11194,8
11195,7
11196,4
11197,4
11198,5
11199,5
11200,4
11201,3
11202,2
11203,3
11204,3
11205,4
11206,5
11207,6
11208,5
11209,6
11210,5
11211,6
11212,5
11213,5
11214,7
11215,4
11216,6
11217,8
11218,6
11219,5
11220,3
11221,5
11222,5
11223,6
11224,4
11225,4
11226,5
11227,4
11228,2
11229,4
11230,3
11231,2
11232,5
11233,4
11234,3
11235,4
11236,4
11237,2
11238,2
11239,3
11240,4
11241,6
11242,4
11243,4
11244,4
11245,4
11246,5
11247,5
11248,5
11249,3
11250,6
11251,9
11252,6
11253,9
11254,8
11255,7
11256,8
11257,6
11258,4
11259,3
11260,2
11261,4
11262,3
11263,4
11264,6
11265,6
11266,5
11267,5
11268,4
11269,3
11270,3
11271,4
11272,4
11273,6
11274,5
11275,5
11276,4
11277,7
11278,8
11279,6
11280,7
11281,5
11282,5
11283,5
11284,5
11285,5
11286,3
11287,3
11288,4
11289,5
11290,3
11291,2
11292,5
11293,3
11294,4
11295,5
11296,4
11297,4
11298,4
11299,4
11300,4
11301,4
11302,4
11303,3
11304,5
11305,4
11306,3
11307,2
11308,4
11309,8
11310,8
11311,6
11312,8
11313,8
11314,5
11315,5
11316,6
11317,5
11318,4
11319,4
11320,6
11321,7
11322,4
11323,6
11324,5
11325,4
11326,4
11327,4
11328,5
11329,6
11330,8
11331,6
11332,5
11333,6
11334,7
11335,4
11336,6
11337,7
11338,7
11339,5
11340,5
11341,4
11342,2
11343,4
11344,6
11345,6
11346,3
11347,3
11348,3
11349,1
11350,2
11351,4
11352,4
11353,1
11354,2
11355,4
11356,3
11357,5
11358,6
11359,5
11360,4
11361,4
11362,4
11363,3
11364,4
11365,3
11366,4
11367,1
11368,2
11369,1
11370,2
11371,5
11372,5
11373,3
11374,4
11375,7
11376,5
11377,5
11378,7
11379,5
11380,5
11381,8
11382,9
11383,6
11384,6
11385,6
11386,6
11387,4
11388,5
11389,5
11390,2
11391,5
11392,5
11393,4
11394,6
11395,5
11396,3
11397,3
11398,5
11399,4
11400,4
11401,4
11402,4
11403,4
11404,5
11405,4
11406,2
11407,4
11408,6
11409,6
11410,6
11411,5
11412,5
11413,4
11414,6
11415,4
11416,5
11417,6
11418,6
11419,7
11420,8
11421,8
11422,6
11423,6
11424,4
11425,6
11426,7
11427,5
11428,7
11429,4
11430,4
11431,3
11432,2
11433,1
11434,1
11435,4
11436,6
11437,4
11438,4
11439,4
11440,4
11441,6
11442,4
11443,4
11444,5
11445,6
11446,6
11447,6
11448,5
11449,8
11450,4
11451,4
11452,2
11453,3
11454,3
11455,5
11456,9
11457,10
11458,8
11459,2
11460,3
11461,3
11462,3
11463,3
11464,5
11465,5
11466,3
11467,1
11468,3
11469,5
11470,4
11471,4
11472,3
11473,4
11474,6
11475,8
11476,8
11477,7
11478,4
11479,2
11480,4
11481,3
11482,4
11483,4
11484,5
11485,6
11486,3
11487,8
11488,5
11489,7
11490,6
11491,5
11492,4
11493,3
11494,4
11495,5
11496,4
11497,4
11498,4
11499,5
11500,5
11501,4
11502,3
11503,5
11504,5
11505,4
11506,3
11507,5
11508,2
11509,4
11510,4
11511,3
11512,4
11513,6
11514,8
11515,6
11516,4
11517,4
11518,3
11519,6
11520,3
11521,2
11522,2
11523,1
11524,2
11525,4
11526,4
11527,6
11528,6
11529,6
11530,4
11531,3
11532,5
11533,6
11534,6
11535,5
11536,3
11537,6
11538,4
11539,6
11540,4
11541,6
11542,6
11543,5
11544,6
11545,6
11546,5
11547,2
11548,6
11549,4
11550,4
11551,5
11552,7
11553,5
11554,3
11555,2
11556,1
11557,3
11558,5
11559,7
11560,4
11561,5
11562,2
11563,6
11564,5
11565,3
11566,7
11567,8
11568,4
11569,3
11570,3
11571,6
11572,3
11573,1
11574,4
11575,4
11576,6
11577,4
11578,5
11579,3
11580,5
11581,6
11582,4
11583,4
11584,6
11585,5
11586,4
11587,5
11588,3
11589,3
11590,4
11591,3
11592,6
11593,4
11594,7
11595,5
11596,7
11597,3
11598,4
11599,4
11600,4
11601,4
11602,4
11603,7
11604,3
11605,3
11606,2
11607,3
11608,5
11609,4
11610,3
11611,3
11612,5
11613,5
11614,4
11615,2
11616,3
11617,4
11618,4
11619,5
11620,4
11621,7
11622,6
11623,4
11624,3
11625,4
11626,3
11627,2
11628,5
11629,5
11630,5
11631,4
11632,4
11633,5
11634,2
11635,5
11636,3
11637,8
11638,8
11639,4
11640,4
11641,6
11642,6
11643,3
11644,4
11645,4
11646,4
11647,5
11648,10
11649,6
11650,4
11651,7
11652,6
11653,3
11654,4
11655,1
11656,3
11657,4
11658,4
11659,4
11660,4
11661,2
11662,1
11663,3
11664,5
11665,6
11666,4
11667,2
11668,3
11669,7
11670,3
11671,4
11672,4
11673,6
11674,7
11675,7
11676,5
11677,6
11678,3
11679,6
11680,4
11681,2
11682,3
11683,4
11684,4
11685,6
11686,5
11687,5
11688,5
11689,5
11690,4
11691,7
11692,10
11693,5
11694,9
11695,6
11696,6
11697,6
11698,4
11699,5
11700,4
11701,4
11702,6
11703,4
11704,4
11705,2
11706,3
11707,3
11708,3
11709,2
11710,4
11711,4
11712,4
11713,3
11714,3
11715,2
11716,6
11717,3
11718,4
11719,4
11720,7
11721,5
11722,5
11723,2
11724,3
11725,3
11726,8
11727,4
11728,5
11729,5
11730,2
11731,3
11732,2
11733,6
11734,7
11735,5
11736,2
11737,4
11738,6
11739,8
11740,7
11741,5
11742,4
11743,6
11744,6
11745,5
11746,5
11747,3
11748,2
11749,6
11750,4
11751,4
11752,4
11753,5
11754,5
11755,5
11756,5
11757,4
11758,3
11759,6
11760,7
11761,5
11762,4
11763,2
11764,3
11765,5
11766,6
11767,6
11768,4
11769,4
11770,5
11771,6
11772,4
11773,3
11774,4
11775,3
11776,3
11777,5
11778,5
11779,5
11780,3
11781,2
11782,2
11783,5
11784,4
11785,3
11786,4
11787,3
11788,4
11789,4
11790,6
11791,6
11792,10
11793,6
11794,5
11795,5
11796,5
11797,3
11798,4
11799,4
11800,8
11801,6
11802,5
11803,4
11804,3
11805,2
11806,4
11807,7
11808,4
11809,1
11810,4
11811,5
11812,5
11813,3
11814,3
11815,2
11816,2
11817,3
11818,4
11819,3
11820,4
11821,2
11822,4
11823,5
11824,7
11825,6
11826,6
11827,8
11828,6
11829,6
11830,7
11831,3
11832,4
11833,4
11834,4
11835,7
11836,6
11837,4
11838,3
11839,3
11840,6
11841,6
11842,2
11843,7
11844,5
11845,5
11846,7
11847,8
11848,6
11849,4
11850,4
11851,2
11852,1
11853,2
11854,3
11855,4
11856,3
11857,5
11858,3
11859,2
11860,3
11861,6
11862,9
11863,5
11864,2
11865,3
11866,4
11867,4
11868,4
11869,3
11870,6
11871,7
11872,3
11873,3
11874,5
11875,4
11876,5
11877,3
11878,5
11879,3
11880,3
11881,1
11882,4
11883,5
11884,5
11885,6
11886,5
11887,6
11888,5
11889,3
11890,3
11891,3
11892,3
11893,4
11894,7
11895,6
11896,5
11897,7
11898,7
11899,5
11900,4
11901,5
11902,4
11903,3
11904,4
11905,4
11906,3
11907,4
11908,3
11909,7
11910,5
11911,5
11912,7
11913,9
11914,6
11915,4
11916,3
11917,6
11918,6
11919,6
11920,8
11921,9
11922,7
11923,5
11924,2
11925,3
11926,3
11927,5
11928,5
11929,3
11930,3
11931,4
11932,3
11933,4
11934,2
11935,2
11936,4
11937,5
11938,6
11939,4
11940,8
11941,3
11942,5
11943,4
11944,5
11945,7
11946,3
11947,3
11948,4
11949,5
11950,5
11951,3
11952,5
11953,4
11954,3
11955,4
11956,3
11957,2
11958,2
11959,4
11960,5
11961,5
11962,5
11963,3
11964,5
11965,6
11966,6
11967,7
11968,5
11969,4
11970,2
11971,2
11972,2
11973,4
11974,3
11975,2
11976,4
11977,4
11978,4
11979,3
11980,4
11981,5
11982,6
11983,4
11984,4
11985,3
11986,5
11987,4
11988,7
11989,7
11990,7
11991,9
11992,8
11993,6
11994,6
11995,5
11996,6
11997,5
11998,4
11999,6
12000,1
12001,4
12002,4
12003,2
12004,3
12005,5
12006,4
12007,4
12008,4
12009,3
12010,4
12011,8
12012,7
12013,5
12014,4
12015,5
12016,3
12017,5
12018,6
12019,9
12020,7
12021,5
12022,5
12023,7
12024,8
12025,4
12026,6
12027,1
12028,2
12029,4
12030,3
12031,5
12032,7
12033,4
12034,3
12035,4
12036,3
12037,3
12038,4
12039,4
12040,4
12041,3
12042,3
12043,6
12044,5
12045,5
12046,3
12047,6
12048,7
12049,5
12050,7
12051,6
12052,7
12053,4
12054,6
12055,6
12056,6
12057,6
12058,8
12059,4
12060,7
12061,3
12062,3
12063,6
12064,4
12065,3
12066,6
12067,4
12068,4
12069,4
12070,5
12071,5
12072,4
12073,5
12074,6
12075,6
12076,5
12077,2
12078,2
12079,4
12080,6
12081,5
12082,5
12083,4
12084,5
12085,5
12086,5
12087,6
12088,6
12089,5
12090,4
12091,5
12092,4
12093,7
12094,4
12095,4
12096,3
12097,4
12098,5
12099,4
12100,5
12101,4
12102,4
12103,4
12104,7
12105,7
12106,4
12107,4
12108,4
12109,6
12110,4
12111,6
12112,8
12113,3
12114,5
12115,8
12116,8
12117,5
12118,2
12119,3
12120,4
12121,5
12122,2
12123,6
12124,4
12125,2
12126,4
12127,3
12128,5
12129,5
12130,7
12131,6
12132,7
12133,5
12134,5
12135,3
12136,3
12137,4
12138,3
12139,5
12140,7
12141,7
12142,6
12143,5
12144,4
12145,7
12146,4
12147,2
12148,3
12149,3
12150,4
12151,3
12152,4
12153,5
12154,3
12155,5
12156,7
12157,6
12158,4
12159,5
12160,4
12161,5
12162,6
12163,4
12164,6
12165,5
12166,4
12167,3
12168,4
12169,4
12170,4
12171,2
12172,3
12173,3
12174,4
12175,4
12176,3
12177,4
12178,6
12179,7
12180,5
12181,4
12182,6
12183,3
12184,4
12185,7
12186,7
12187,5
12188,4
12189,4
12190,4
12191,4
12192,3
12193,6
12194,4
12195,3
12196,5
12197,4
12198,6
12199,4
12200,6
12201,5
12202,6
12203,4
12204,4
12205,5
12206,5
12207,4
12208,4
12209,5
12210,5
12211,5
12212,5
12213,2
12214,4
12215,6
12216,7
12217,5
12218,3
12219,5
12220,4
12221,4
12222,4
12223,3
12224,5
12225,4
12226,5
12227,4
12228,4
12229,4
12230,6
12231,7
12232,7
12233,5
12234,4
12235,5
12236,4
12237,5
12238,7
12239,7
12240,6
12241,7
12242,2
12243,2
12244,6
12245,4
12246,4
12247,4
12248,2
12249,4
12250,5
12251,4
12252,2
12253,2
12254,3
12255,6
12256,5
12257,5
12258,3
12259,5
12260,7
12261,5
12262,6
12263,5
12264,6
12265,6
12266,6
12267,5
12268,5
12269,4
12270,5
12271,6
12272,5
12273,4
12274,8
12275,4
12276,3
12277,2
12278,1
12279,4
12280,6
12281,3
12282,4
12283,5
12284,4
12285,3
12286,4
12287,4
12288,4
12289,8
12290,9
12291,4
12292,7
12293,8
12294,8
12295,4
12296,3
12297,2
12298,3
12299,3
12300,4
12301,5
12302,4
12303,3
12304,1
12305,1
12306,3
12307,2
12308,6
12309,5
12310,5
12311,6
12312,5
12313,5
12314,5
12315,4
12316,5
12317,6
12318,5
12319,3
12320,7
12321,5
12322,6
12323,6
12324,5
12325,6
12326,4
12327,2
12328,2
12329,2
12330,3
12331,4
12332,2
12333,3
12334,3
12335,2
12336,3
12337,2
12338,4
12339,5
12340,7
12341,4
12342,4
12343,3
12344,5
12345,6
12346,7
12347,5
12348,5
12349,7
12350,7
12351,10
12352,4
12353,2
12354,6
12355,7
12356,5
12357,6
12358,4
12359,2
12360,5
12361,5
12362,6
12363,4
12364,2
12365,5
12366,4
12367,2
12368,4
12369,3
12370,5
12371,5
12372,3
12373,4
12374,3
12375,3
12376,4
12377,5
12378,4
12379,4
12380,7
12381,6
12382,5
12383,5
12384,3
12385,2
12386,3
12387,5
12388,4
12389,5
12390,5
12391,5
12392,8
12393,6
12394,7
12395,5
12396,4
12397,3
12398,4
12399,4
12400,6
12401,5
12402,4
12403,4
12404,5
12405,5
12406,7
12407,6
12408,4
12409,6
12410,6
12411,5
12412,3
12413,2
12414,4
12415,4
12416,4
12417,3
12418,2
12419,4
12420,3
12421,5
12422,5
12423,6
12424,5
12425,6
12426,4
12427,4
12428,4
12429,6
12430,6
12431,7
12432,7
12433,5
12434,8
12435,7
12436,5
12437,6
12438,4
12439,3
12440,3
12441,3
12442,5
12443,6
12444,4
12445,2
12446,4
12447,3
12448,6
12449,3
12450,2
12451,3
12452,3
12453,7
12454,8
12455,8
12456,6
12457,8
12458,7
12459,4
12460,6
12461,8
12462,4
12463,4
12464,6
12465,4
12466,7
12467,5
12468,2
12469,3
12470,4
12471,5
12472,4
12473,6
12474,2
12475,2
12476,3
12477,2
12478,6
12479,7
12480,4
12481,7
12482,8
12483,6
12484,2
12485,3
12486,1
12487,0
12488,2
12489,3
12490,5
12491,2
12492,2
12493,2
12494,3
12495,3
12496,4
12497,5
12498,5
12499,5
12500,5
12501,4
12502,5
12503,8
12504,6
12505,10
12506,8
12507,8
12508,4
12509,4
12510,5
12511,4
12512,4
12513,5
12514,4
12515,4
12516,6
12517,6
12518,4
12519,4
12520,3
12521,2
12522,6
12523,6
12524,5
12525,5
12526,3
12527,4
12528,6
12529,3
12530,2
12531,4
12532,5
12533,5
12534,5
12535,5
12536,6
12537,5
12538,5
12539,4
12540,2
12541,5
12542,6
12543,5
12544,4
12545,5
12546,4
12547,6
12548,7
12549,5
12550,7
12551,6
12552,4
12553,6
12554,7
12555,6
12556,5
12557,6
12558,5
12559,5
12560,5
12561,5
12562,3
12563,3
12564,1
12565,2
12566,1
12567,3
12568,3
12569,5
12570,6
12571,4
12572,6
12573,5
12574,7
12575,6
12576,5
12577,3
12578,4
12579,4
12580,4
12581,4
12582,5
12583,4
12584,4
12585,3
12586,3
12587,3
12588,4
12589,5
12590,4
12591,4
12592,4
12593,4
12594,6
12595,7
12596,6
12597,5
12598,2
12599,3
12600,4
12601,4
12602,5
12603,5
12604,5
12605,5
12606,4
12607,5
12608,7
12609,7
12610,5
12611,5
12612,4
12613,2
12614,3
12615,4
12616,6
12617,4
12618,5
12619,2
12620,3
12621,5
12622,5
12623,4
12624,3
12625,4
12626,5
12627,4
12628,5
12629,4
12630,3
12631,4
12632,5
12633,4
12634,3
12635,5
12636,6
12637,5
12638,5
12639,4
12640,5
12641,5
12642,6
12643,7
12644,5
12645,4
12646,5
12647,4
12648,4
12649,5
12650,4
12651,6
12652,4
12653,4
12654,4
12655,4
12656,4
12657,3
12658,4
12659,3
12660,4
12661,6
12662,4
12663,3
12664,3
12665,2
12666,4
12667,7
12668,8
12669,5
12670,4
12671,5
12672,6
12673,2
12674,3
12675,3
12676,3
12677,4
12678,2
12679,3
12680,3
12681,3
12682,5
12683,6
12684,6
12685,4
12686,2
12687,6
12688,8
12689,6
12690,3
12691,6
12692,6
12693,7
12694,4
12695,7
12696,5
12697,4
12698,5
12699,4
12700,6
12701,5
12702,3
12703,4
12704,2
12705,4
12706,5
12707,6
12708,5
12709,5
12710,6
12711,7
12712,5
12713,9
12714,7
12715,7
12716,7
12717,5
12718,2
12719,5
12720,8
12721,4
12722,4
12723,5
12724,4
12725,3
12726,1
12727,4
12728,5
12729,4
12730,4
12731,4
12732,4
12733,3
12734,5
12735,5
12736,4
12737,2
12738,4
12739,4
12740,4
12741,3
12742,6
12743,6
12744,7
12745,5
12746,8
12747,6
12748,5
12749,5
12750,3
12751,5
12752,6
12753,3
12754,1
12755,3
12756,3
12757,3
12758,4
12759,1
12760,2
12761,3
12762,5
12763,8
12764,7
12765,6
12766,6
12767,6
12768,5
12769,10
12770,6
12771,5
12772,5
12773,6
12774,5
12775,6
12776,4
12777,5
12778,7
12779,4
12780,5
12781,3
12782,4
12783,6
12784,4
12785,3
12786,2
12787,2
12788,2
12789,6
12790,5
12791,5
12792,5
12793,4
12794,4
12795,4
12796,3
12797,5
12798,6
12799,8
12800,3
12801,4
12802,3
12803,4
12804,3
12805,3
12806,3
12807,5
12808,6
12809,7
12810,8
12811,6
12812,8
12813,7
12814,6
12815,9
12816,7
12817,6
12818,6
12819,5
12820,6
12821,4
12822,3
12823,4
12824,2
12825,3
12826,3
12827,3
12828,3
12829,2
12830,3
12831,1
12832,3
12833,5
12834,4
12835,4
12836,4
12837,4
12838,3
12839,2
12840,4
12841,5
12842,5
12843,5
12844,2
12845,5
12846,8
12847,6
12848,5
12849,4
12850,4
12851,3
12852,4
12853,4
12854,8
12855,5
12856,4
12857,10
12858,9
12859,4
12860,4
12861,3
12862,2
12863,2
12864,3
12865,5
12866,4
12867,4
12868,5
12869,5
12870,4
12871,5
12872,6
12873,3
12874,4
12875,5
12876,7
12877,7
12878,7
12879,6
12880,7
12881,7
12882,6
12883,5
12884,5
12885,3
12886,4
12887,3
12888,4
12889,4
12890,3
12891,5
12892,3
12893,4
12894,3
12895,2
12896,6
12897,4
12898,4
12899,5
12900,5
12901,3
12902,4
12903,4
12904,5
12905,7
12906,4
12907,5
12908,5
12909,5
12910,7
12911,3
12912,3
12913,4
12914,5
12915,4
12916,7
12917,4
12918,4
12919,5
12920,4
12921,6
12922,5
12923,6
12924,6
12925,3
12926,2
12927,4
12928,4
12929,6
12930,5
12931,4
12932,3
12933,6
12934,6
12935,8
12936,5
12937,5
12938,7
12939,5
12940,8
12941,6
12942,5
12943,3
12944,4
12945,4
12946,4
12947,2
12948,3
12949,5
12950,5
12951,5
12952,2
12953,3
12954,3
12955,3
12956,5
12957,4
12958,4
12959,3
12960,4
12961,6
12962,5
12963,4
12964,4
12965,3
12966,5
12967,7
12968,6
12969,6
12970,5
12971,4
12972,1
12973,3
12974,4
12975,4
12976,4
12977,6
12978,6
12979,5
12980,4
12981,5
12982,4
12983,3
12984,4
12985,4
12986,7
12987,4
12988,4
12989,5
12990,4
12991,5
12992,4
12993,5
12994,1
12995,4
12996,4
12997,4
12998,5
12999,5
13000,3
13001,4
13002,5
13003,3
13004,3
13005,7
13006,6
13007,4
13008,6
13009,5
13010,4
13011,5
13012,4
13013,6
13014,6
13015,7
13016,7
13017,6
13018,6
13019,6
13020,4
13021,4
13022,4
13023,3
13024,5
13025,5
13026,6
13027,5
13028,6
13029,6
13030,5
13031,4
13032,3
13033,4
13034,3
13035,4
13036,3
13037,3
13038,2
13039,3
13040,3
13041,5
13042,4
13043,5
13044,6
13045,7
13046,5
13047,5
13048,5
13049,4
13050,4
13051,4
13052,4
13053,6
13054,6
13055,5
13056,4
13057,4
13058,6
13059,6
13060,4
13061,6
13062,8
13063,5
13064,5
13065,5
13066,5
13067,8
13068,8
13069,8
13070,4
13071,5
13072,4
13073,4
13074,3
13075,5
13076,5
13077,4
13078,2
13079,4
13080,3
13081,3
13082,2
13083,1
13084,2
13085,5
13086,5
13087,5
13088,3
13089,4
13090,4
13091,5
13092,4
13093,6
13094,4
13095,4
13096,7
13097,4
13098,5
13099,4
13100,6
13101,9
13102,9
13103,5
13104,5
13105,6
13106,7
13107,7
13108,5
13109,5
13110,5
13111,7
13112,3
13113,4
13114,3
13115,2
13116,3
13117,3
13118,2
13119,2
13120,6
13121,6
13122,9
13123,7
13124,3
13125,3
13126,6
13127,6
13128,1
13129,3
13130,2
13131,2
13132,3
13133,3
13134,3
13135,3
13136,5
13137,7
13138,5
13139,5
13140,6
13141,4
13142,4
13143,7
13144,7
13145,6
13146,5
13147,7
13148,5
13149,3
13150,3
13151,5
13152,2
13153,3
13154,4
13155,5
13156,5
13157,7
13158,3
13159,6
13160,6
13161,7
13162,2
13163,2
13164,4
13165,3
13166,5
13167,7
13168,4
13169,2
13170,3
13171,4
13172,4
13173,3
13174,7
13175,2
13176,5
13177,4
13178,4
13179,4
13180,5
13181,5
13182,5
13183,3
13184,1
13185,1
13186,3
13187,3
13188,4
13189,3
13190,3
13191,5
13192,2
13193,3
13194,5
13195,6
13196,7
13197,10
13198,7
13199,5
13200,6
13201,6
13202,7
13203,6
13204,6
13205,7
13206,4
13207,5
13208,6
13209,7
13210,6
13211,4
13212,4
13213,3
13214,2
13215,2
13216,4
13217,3
13218,6
13219,4
13220,2
13221,1
13222,3
13223,4
13224,5
13225,5
13226,5
13227,4
13228,4
13229,5
13230,8
13231,9
13232,9
13233,8
13234,7
13235,6
13236,6
13237,4
13238,5
13239,5
13240,4
13241,4
13242,4
13243,5
13244,5
13245,4
13246,4
13247,3
13248,6
13249,5
13250,4
13251,5
13252,5
13253,4
13254,2
13255,4
13256,5
13257,3
13258,3
13259,4
13260,3
13261,5
13262,3
13263,3
13264,4
13265,4
13266,4
13267,4
13268,5
13269,5
13270,2
13271,3
13272,4
13273,6
13274,5
13275,7
13276,9
13277,9
13278,8
13279,7
13280,6
13281,6
13282,6
13283,7
13284,6
13285,6
13286,5
13287,5
13288,4
13289,4
13290,3
13291,4
13292,3
13293,1
13294,1
13295,4
13296,4
13297,4
13298,4
13299,4
13300,4
13301,6
13302,6
13303,5
13304,4
13305,5
13306,5
13307,5
13308,5
13309,4
13310,5
13311,7
13312,4
13313,4
13314,4
13315,5
13316,3
13317,4
13318,6
13319,5
13320,5
13321,4
13322,5
13323,6
13324,8
13325,8
13326,8
13327,6
13328,6
13329,5
13330,4
13331,6
13332,7
13333,6
13334,5
13335,3
13336,4
13337,4
13338,4
13339,3
13340,4
13341,5
13342,2
13343,3
13344,3
13345,4
13346,4
13347,3
13348,4
13349,5
13350,6
13351,5
13352,5
13353,3
13354,3
13355,5
13356,4
13357,4
13358,6
13359,6
13360,5
13361,5
13362,4
13363,4
13364,5
13365,3
13366,2
13367,3
13368,6
13369,5
13370,5
13371,6
13372,5
13373,6
13374,7
13375,7
13376,1
13377,3
13378,7
13379,3
13380,3
13381,3
13382,2
13383,5
13384,6
13385,7
13386,7
13387,6
13388,7
13389,7
13390,5
13391,4
13392,5
13393,4
13394,6
13395,5
13396,6
13397,5
13398,4
13399,4
13400,6
13401,6
13402,5
13403,2
13404,3
13405,3
13406,4
13407,1
13408,6
13409,6
13410,4
13411,4
13412,4
13413,5
13414,5
13415,4
13416,4
13417,6
13418,5
13419,4
13420,3
13421,6
13422,6
13423,4
13424,7
13425,8
13426,5
13427,3
13428,5
13429,4
13430,4
13431,2
13432,3
13433,3
13434,3
13435,1
13436,2
13437,3
13438,5
13439,3
13440,3
13441,3
13442,2
13443,2
13444,3
13445,5
13446,5
13447,7
13448,6
13449,6
13450,6
13451,5
13452,4
13453,5
13454,5
13455,1
13456,3
13457,4
13458,4
13459,3
13460,3
13461,4
13462,6
13463,5
13464,4
13465,7
13466,7
13467,4
13468,3
13469,5
13470,4
13471,5
13472,5
13473,5
13474,5
13475,6
13476,5
13477,5
13478,2
13479,6
13480,3
13481,3
13482,5
13483,6
13484,6
13485,6
13486,6
13487,6
13488,7
13489,5
13490,5
13491,6
13492,5
13493,2
13494,4
13495,4
13496,3
13497,4
13498,4
13499,4
13500,5
13501,6
13502,5
13503,4
13504,5
13505,5
13506,6
13507,6
13508,4
13509,4
13510,5
13511,6
13512,5
13513,2
13514,9
13515,3
13516,4
13517,4
13518,5
13519,3
13520,2
13521,4
13522,4
13523,2
13524,4
13525,5
13526,4
13527,4
13528,3
13529,5
13530,8
13531,2
13532,1
13533,4
13534,5
13535,4
13536,4
13537,6
13538,5
13539,4
13540,2
13541,3
13542,5
13543,4
13544,6
13545,4
13546,5
13547,4
13548,6
13549,5
13550,7
13551,5
13552,4
13553,5
13554,4
13555,5
13556,5
13557,5
13558,7
13559,5
13560,3
13561,5
13562,5
13563,3
13564,4
13565,6
13566,6
13567,1
13568,7
13569,6
13570,6
13571,8
13572,9
13573,5
13574,4
13575,2
13576,4
13577,4
13578,4
13579,4
13580,4
13581,5
13582,3
13583,5
13584,5
13585,1
13586,3
13587,2
13588,2
13589,2
13590,3
13591,6
13592,6
13593,5
13594,5
13595,5
13596,3
13597,4
13598,4
13599,7
13600,6
13601,6
13602,5
13603,4
13604,3
13605,2
13606,3
13607,5
13608,6
13609,6
13610,5
13611,4
13612,1
13613,4
13614,4
13615,4
13616,7
13617,6
13618,4
13619,5
13620,6
13621,7
13622,7
13623,4
13624,5
13625,5
13626,3
13627,5
13628,6
13629,5
13630,2
13631,4
13632,6
13633,7
13634,3
13635,1
13636,4
13637,1
13638,3
13639,6
13640,5
13641,3
13642,5
13643,6
13644,4
13645,7
13646,6
13647,4
13648,3
13649,4
13650,5
13651,4
13652,3
13653,4
13654,5
13655,4
13656,4
13657,5
13658,4
13659,2
13660,4
13661,6
13662,7
13663,6
13664,6
13665,5
13666,4
13667,5
13668,3
13669,6
13670,5
13671,5
13672,6
13673,7
13674,6
13675,6
13676,7
13677,7
13678,4
13679,5
13680,4
13681,4
13682,4
13683,4
13684,3
13685,3
13686,4
13687,4
13688,3
13689,4
13690,3
13691,2
13692,3
13693,2
13694,3
13695,4
13696,6
13697,5
13698,4
13699,4
13700,5
13701,7
13702,7
13703,6
13704,6
13705,6
13706,5
13707,4
13708,1
13709,1
13710,3
13711,4
13712,4
13713,3
13714,4
13715,2
13716,4
13717,2
13718,4
13719,5
13720,4
13721,4
13722,5
13723,5
13724,5
13725,6
13726,6
13727,8
13728,3
13729,5
13730,6
13731,6
13732,6
13733,6
13734,7
13735,4
13736,5
13737,4
13738,5
13739,5
13740,4
13741,7
13742,6
13743,4
13744,3
13745,6
13746,7
13747,4
13748,2
13749,3
13750,2
13751,3
13752,5
13753,4
13754,2
13755,5
13756,4
13757,3
13758,2
13759,5
13760,5
13761,6
13762,6
13763,3
13764,3
13765,3
13766,3
13767,3
13768,4
13769,5
13770,6
13771,3
13772,3
13773,3
13774,4
13775,6
13776,5
13777,3
13778,4
13779,4
13780,5
13781,8
13782,4
13783,6
13784,6
13785,4
13786,4
13787,6
13788,7
13789,5
13790,5
13791,3
13792,5
13793,5
13794,7
13795,5
13796,5
13797,5
13798,6
13799,5
13800,4
13801,5
13802,4
13803,6
13804,5
13805,2
13806,4
13807,4
13808,4
13809,6
13810,4
13811,3
13812,1
13813,3
13814,3
13815,5
13816,5
13817,4
13818,3
13819,4
13820,6
13821,7
13822,6
13823,4
13824,6
13825,4
13826,5
13827,4
13828,4
13829,2
13830,4
13831,5
13832,6
13833,4
13834,2
13835,4
13836,8
13837,6
13838,3
13839,3
13840,7
13841,7
13842,5
13843,5
13844,5
13845,4
13846,5
13847,5
13848,6
13849,4
13850,5
13851,1
13852,4
13853,5
13854,3
13855,7
13856,5
13857,6
13858,5
13859,5
13860,5
13861,6
13862,6
13863,7
13864,7
13865,4
13866,3
13867,3
13868,4
13869,4
13870,3
13871,4
13872,3
13873,2
13874,4
13875,3
13876,3
13877,3
13878,6
13879,7
13880,6
13881,4
13882,2
13883,4
13884,6
13885,6
13886,5
13887,2
13888,2
13889,2
13890,3
13891,4
13892,4
13893,5
13894,7
13895,7
13896,6
13897,5
13898,4
13899,5
13900,6
13901,7
13902,8
13903,8
13904,6
13905,7
13906,8
13907,4
13908,3
13909,1
13910,3
13911,5
13912,4
13913,4
13914,4
13915,5
13916,3
13917,5
13918,3
13919,2
13920,2
13921,3
13922,3
13923,2
13924,4
13925,1
13926,5
13927,7
13928,4
13929,4
13930,5
13931,3
13932,4
13933,8
13934,8
13935,5
13936,4
13937,6
13938,8
13939,5
13940,6
13941,4
13942,7
13943,4
13944,4
13945,1
13946,3
13947,3
13948,4
13949,4
13950,4
13951,4
13952,3
13953,6
13954,6
13955,5
13956,4
13957,4
13958,4
13959,4
13960,3
13961,3
13962,4
13963,3
13964,3
13965,5
13966,5
13967,5
13968,6
13969,3
13970,5
13971,4
13972,4
13973,5
13974,7
13975,6
13976,3
13977,5
13978,7
13979,4
13980,4
13981,5
13982,4
13983,2
13984,4
13985,4
13986,3
13987,4
13988,2
13989,4
13990,4
13991,3
13992,3
13993,2
13994,4
13995,2
13996,4
13997,3
13998,5
13999,4
14000,3
14001,4
14002,4
14003,6
14004,7
14005,7
14006,6
14007,6
14008,6
14009,6
14010,6
14011,8
14012,5
14013,6
14014,4
14015,6
14016,3
14017,4
14018,4
14019,3
14020,4
14021,3
14022,4
14023,2
14024,2
14025,4
14026,4
14027,7
14028,7
14029,6
14030,5
14031,7
14032,6
14033,6
14034,7
14035,6
14036,5
14037,5
14038,4
14039,4
14040,5
14041,3
14042,3
14043,3
14044,2
14045,4
14046,4
14047,4
14048,9
14049,7
14050,6
14051,5
14052,4
14053,4
14054,4
14055,4
14056,4
14057,4
14058,4
14059,4
14060,3
14061,2
14062,3
14063,3
14064,7
14065,4
14066,2
14067,3
14068,2
14069,4
14070,6
14071,5
14072,2
14073,6
14074,7
14075,6
14076,6
14077,4
14078,5
14079,6
14080,4
14081,5
14082,7
14083,6
14084,9
14085,7
14086,5
14087,5
14088,3
14089,4
14090,3
14091,3
14092,5
14093,5
14094,5
14095,5
14096,4
14097,4
14098,4
14099,5
14100,4
14101,2
14102,3
14103,3
14104,5
14105,6
14106,3
14107,3
14108,5
14109,5
14110,4
14111,4
14112,5
14113,6
14114,5
14115,5
14116,5
14117,7
14118,1
14119,1
14120,3
14121,3
14122,5
14123,3
14124,3
14125,5
14126,5
14127,3
14128,6
14129,6
14130,4
14131,3
14132,5
14133,6
14134,5
14135,7
14136,7
14137,6
14138,2
14139,1
14140,5
14141,6
14142,8
14143,6
14144,4
14145,5
14146,5
14147,5
14148,5
14149,5
14150,5
14151,6
14152,4
14153,4
14154,3
14155,3
14156,4
14157,3
14158,1
14159,2
14160,3
14161,6
14162,4
14163,6
14164,6
14165,6
14166,5
14167,5
14168,4
14169,5
14170,6
14171,4
14172,5
14173,4
14174,4
14175,5
14176,4
14177,4
14178,5
14179,5
14180,6
14181,10
14182,6
14183,7
14184,7
14185,7
14186,7
14187,5
14188,5
14189,5
14190,5
14191,3
14192,3
14193,3
14194,5
14195,5
14196,2
14197,1
14198,2
14199,1
14200,3
14201,4
14202,5
14203,4
14204,6
14205,5
14206,4
14207,4
14208,2
14209,3
14210,5
14211,4
14212,5
14213,4
14214,4
14215,6
14216,5
14217,4
14218,5
14219,5
14220,6
14221,7
14222,5
14223,3
14224,3
14225,3
14226,4
14227,5
14228,6
14229,6
14230,5
14231,6
14232,5
14233,6
14234,4
14235,3
14236,4
14237,3
14238,4
14239,5
14240,7
14241,6
14242,6
14243,3
14244,4
14245,4
14246,3
14247,4
14248,1
14249,3
14250,4
14251,3
14252,4
14253,5
14254,4
14255,5
14256,6
14257,4
14258,5
14259,5
14260,6
14261,5
14262,1
14263,4
14264,5
14265,6
14266,4
14267,5
14268,7
14269,7
14270,6
14271,7
14272,4
14273,5
14274,5
14275,6
14276,6
14277,6
14278,4
14279,6
14280,4
14281,6
14282,7
14283,5
14284,4
14285,3
14286,3
14287,4
14288,4
14289,3
14290,4
14291,5
14292,5
14293,5
14294,6
14295,4
14296,4
14297,5
14298,4
14299,5
14300,5
14301,4
14302,3
14303,4
14304,8
14305,7
14306,7
14307,5
14308,4
14309,4
14310,2
14311,2
14312,6
14313,7
14314,7
14315,5
14316,2
14317,3
14318,5
14319,5
14320,4
14321,3
14322,5
14323,1
14324,1
14325,5
14326,4
14327,3
14328,6
14329,6
14330,3
14331,3
14332,4
14333,7
14334,6
14335,7
14336,4
14337,3
14338,2
14339,2
14340,2
14341,3
14342,3
14343,3
14344,2
14345,5
14346,6
14347,5
14348,5
14349,4
14350,4
14351,4
14352,4
14353,5
14354,6
14355,6
14356,8
14357,8
14358,7
14359,6
14360,7
14361,5
14362,8
14363,4
14364,4
14365,3
14366,5
14367,2
14368,5
14369,4
14370,4
14371,4
14372,2
14373,2
14374,2
14375,4
14376,8
14377,7
14378,5
14379,4
14380,4
14381,5
14382,5
14383,4
14384,4
14385,3
14386,4
14387,7
14388,7
14389,6
14390,5
14391,4
14392,2
14393,6
14394,5
14395,6
14396,4
14397,4
14398,2
14399,4
14400,7
14401,9
14402,8
14403,8
14404,7
14405,8
14406,10
14407,8
14408,8
14409,4
14410,4
14411,1
14412,3
14413,4
14414,2
14415,2
14416,2
14417,3
14418,4
14419,2
14420,2
14421,0
14422,0
14423,1
14424,3
14425,3
14426,8
14427,8
14428,5
14429,7
14430,6
14431,6
14432,5
14433,5
14434,6
14435,5
14436,8
14437,7
14438,5
14439,6
14440,6
14441,4
14442,4
14443,5
14444,6
14445,6
14446,5
14447,4
14448,4
14449,4
14450,2
14451,2
14452,4
14453,3
14454,2
14455,3
14456,4
14457,6
14458,5
14459,4
14460,4
14461,4
14462,4
14463,6
14464,6
14465,5
14466,6
14467,3
14468,3
14469,2
14470,4
14471,2
14472,3
14473,4
14474,4
14475,3
14476,3
14477,4
14478,6
14479,7
14480,8
14481,6
14482,3
14483,4
14484,6
14485,6
14486,5
14487,3
14488,4
14489,7
14490,3
14491,5
14492,4
14493,3
14494,4
14495,7
14496,4
14497,5
14498,4
14499,4
14500,7
14501,7
14502,4
14503,7
14504,6
14505,4
14506,4
14507,4
14508,5
14509,4
14510,3
14511,4
14512,7
14513,5
14514,4
14515,6
14516,7
14517,4
14518,3
14519,4
14520,4
14521,5
14522,3
14523,4
14524,3
14525,4
14526,5
14527,2
14528,5
14529,4
14530,6
14531,7
14532,6
14533,4
14534,5
14535,4
14536,6
14537,2
14538,5
14539,4
14540,6
14541,4
14542,6
14543,8
14544,9
14545,8
14546,6
14547,3
14548,4
14549,3
14550,4
14551,6
14552,4
14553,2
14554,3
14555,2
14556,1
14557,3
14558,4
14559,3
14560,3
14561,4
14562,6
14563,8
14564,7
14565,2
14566,3
14567,4
14568,5
14569,2
14570,4
14571,4
14572,6
14573,4
14574,3
14575,4
14576,6
14577,4
14578,5
14579,4
14580,4
14581,5
14582,3
14583,6
14584,6
14585,4
14586,5
14587,4
14588,4
14589,4
14590,4
14591,4
14592,5
14593,6
14594,6
14595,7
14596,6
14597,6
14598,5
14599,5
14600,4
14601,4
14602,3
14603,3
14604,4
14605,4
14606,6
14607,6
14608,3
14609,3
14610,2
14611,4
14612,5
14613,5
14614,6
14615,4
14616,6
14617,3
14618,3
14619,5
14620,6
14621,6
14622,6
14623,6
14624,4
14625,5
14626,5
14627,2
14628,2
14629,4
14630,3
14631,2
14632,2
14633,2
14634,5
14635,3
14636,4
14637,3
14638,4
14639,5
14640,7
14641,4
14642,6
14643,6
14644,4
14645,6
14646,7
14647,6
14648,8
14649,4
14650,6
14651,9
14652,7
14653,3
14654,6
14655,6
14656,6
14657,6
14658,6
14659,5
14660,7
14661,5
14662,4
14663,3
14664,5
14665,7
14666,7
14667,4
14668,5
14669,4
14670,4
14671,5
14672,6
14673,5
14674,6
14675,5
14676,5
14677,4
14678,2
14679,3
14680,4
14681,4
14682,3
14683,3
14684,4
14685,3
14686,3
14687,7
14688,8
14689,7
14690,4
14691,6
14692,7
14693,7
14694,3
14695,3
14696,4
14697,2
14698,3
14699,1
14700,3
14701,2
14702,5
14703,6
14704,3
14705,4
14706,5
14707,3
14708,5
14709,6
14710,3
14711,3
14712,5
14713,6
14714,7
14715,6
14716,8
14717,6
14718,5
14719,4
14720,5
14721,4
14722,4
14723,6
14724,5
14725,4
14726,3
14727,5
14728,3
14729,3
14730,3
14731,4
14732,6
14733,7
14734,7
14735,4
14736,5
14737,8
14738,5
14739,6
14740,4
14741,4
14742,4
14743,6
14744,6
14745,4
14746,5
14747,4
14748,3
14749,4
14750,4
14751,4
14752,1
14753,2
14754,1
14755,4
14756,2
14757,4
14758,5
14759,5
14760,4
14761,5
14762,5
14763,4
14764,10
14765,8
14766,5
14767,5
14768,5
14769,7
14770,10
14771,6
14772,7
14773,3
14774,6
14775,5
14776,7
14777,6
14778,3
14779,4
14780,3
14781,4
14782,2
14783,0
14784,3
14785,3
14786,3
14787,4
14788,4
14789,5
14790,3
14791,1
14792,2
14793,6
14794,6
14795,7
14796,6
14797,3
14798,2
14799,4
14800,6
14801,6
14802,3
14803,2
14804,1
14805,6
14806,6
14807,4
14808,6
14809,6
14810,4
14811,5
14812,3
14813,4
14814,5
14815,5
14816,3
14817,4
14818,3
14819,3
14820,4
14821,5
14822,9
14823,6
14824,2
14825,5
14826,4
14827,3
14828,4
14829,3
14830,5
14831,6
14832,4
14833,3
14834,5
14835,6
14836,3
14837,5
14838,2
14839,5
14840,6
14841,5
14842,5
14843,5
14844,6
14845,3
14846,3
14847,5
14848,4
14849,5
14850,4
14851,5
14852,5
14853,7
14854,5
14855,4
14856,4
14857,3
14858,5
14859,5
14860,6
14861,8
14862,6
14863,4
14864,5
14865,2
14866,2
14867,2
14868,3
14869,5
14870,3
14871,5
14872,7
14873,5
14874,3
14875,5
14876,4
14877,4
14878,3
14879,2
14880,7
14881,4
14882,7
14883,3
14884,2
14885,3
14886,5
14887,5
14888,5
14889,4
14890,5
14891,4
14892,5
14893,5
14894,4
14895,5
14896,5
14897,6
14898,3
14899,3
14900,4
14901,2
14902,1
14903,3
14904,4
14905,6
14906,7
14907,7
14908,6
14909,4
14910,4
14911,3
14912,5
14913,5
14914,6
14915,5
14916,6
14917,5
14918,7
14919,7
14920,6
14921,5
14922,4
14923,4
14924,2
14925,4
14926,4
14927,4
14928,3
14929,5
14930,4
14931,4
14932,4
14933,3
14934,4
14935,3
14936,4
14937,2
14938,5
14939,4
14940,3
14941,4
14942,5
14943,6
14944,2
14945,4
14946,4
14947,5
14948,3
14949,5
14950,6
14951,5
14952,5
14953,4
14954,4
14955,3
14956,2
14957,3
14958,4
14959,3
14960,3
14961,5
14962,6
14963,3
14964,4
14965,4
14966,3
14967,3
14968,2
14969,4
14970,7
14971,9
14972,8
14973,5
14974,7
14975,6
14976,3
14977,3
14978,4
14979,4
14980,4
14981,4
14982,4
14983,2
14984,5
14985,5
14986,4
14987,5
14988,5
14989,6
14990,9
14991,8
14992,9
14993,10
14994,4
14995,3
14996,5
14997,5
14998,6
14999,6
15000,6
15001,4
15002,2
15003,2
15004,2
15005,1
15006,1
15007,2
15008,2
15009,3
15010,5
15011,2
15012,2
15013,1
15014,1
15015,3
15016,4
15017,2
15018,2
15019,4
15020,6
15021,7
15022,5
15023,7
15024,7
15025,8
15026,7
15027,6
15028,7
15029,5
15030,7
15031,5
15032,4
15033,5
15034,7
15035,6
15036,4
15037,5
15038,4
15039,3
15040,3
15041,5
15042,6
15043,3
15044,5
15045,6
15046,9
15047,8
15048,5
15049,5
15050,5
15051,4
15052,5
15053,5
15054,5
15055,3
15056,4
15057,5
15058,4
15059,2
15060,4
15061,7
15062,3
15063,4
15064,5
15065,5
15066,6
15067,5
15068,5
15069,5
15070,5
15071,4
15072,3
15073,2
15074,3
15075,3
15076,5
15077,3
15078,4
15079,3
15080,5
15081,6
15082,4
15083,4
15084,7
15085,7
15086,4
15087,3
15088,4
15089,5
15090,7
15091,8
15092,7
15093,6
15094,7
15095,8
15096,5
15097,2
15098,2
15099,4
15100,3
15101,4
15102,5
15103,5
15104,6
15105,5
15106,5
15107,6
15108,5
15109,7
15110,8
15111,5
15112,2
15113,5
15114,3
15115,1
15116,2
15117,4
15118,4
15119,4
15120,4
15121,5
15122,7
15123,6
15124,5
15125,5
15126,2
15127,2
15128,3
15129,5
15130,4
15131,3
15132,5
15133,4
15134,4
15135,7
15136,3
15137,5
15138,3
15139,4
15140,4
15141,5
15142,2
15143,4
15144,6
15145,2
15146,7
15147,8
15148,10
15149,8
15150,10
15151,4
15152,7
15153,5
15154,4
15155,5
15156,4
15157,5
15158,6
15159,2
15160,2
15161,3
15162,2
15163,4
15164,3
15165,4
15166,3
15167,1
15168,5
15169,5
15170,2
15171,6
15172,6
15173,6
15174,5
15175,5
15176,4
15177,5
15178,9
15179,9
15180,6
15181,4
15182,4
15183,2
15184,7
15185,6
15186,6
15187,5
15188,6
15189,3
15190,1
15191,4
15192,2
15193,3
15194,4
15195,3
15196,2
15197,2
15198,3
15199,1
15200,6
15201,3
15202,3
15203,4
15204,5
15205,2
15206,4
15207,4
15208,4
15209,3
15210,5
15211,7
15212,8
15213,5
15214,7
15215,5
15216,5
15217,5
15218,4
15219,7
15220,5
15221,5
15222,3
15223,5
15224,5
15225,4
15226,4
15227,5
15228,3
15229,2
15230,2
15231,4
15232,6
15233,5
15234,5
15235,4
15236,7
15237,3
15238,2
15239,3
15240,3
15241,3
15242,4
15243,4
15244,4
15245,5
15246,5
15247,3
15248,4
15249,5
15250,4
15251,5
15252,2
15253,3
15254,4
15255,3
15256,4
15257,7
15258,4
15259,5
15260,7
15261,7
15262,8
15263,6
15264,6
15265,5
15266,6
15267,8
15268,9
15269,4
15270,3
15271,4
15272,4
15273,1
15274,2
15275,1
15276,3
15277,4
15278,6
15279,7
15280,4
15281,5
15282,2
15283,1
15284,7
15285,8
15286,5
15287,3
15288,3
15289,3
15290,4
15291,4
15292,2
15293,3
15294,6
15295,10
15296,4
15297,4
15298,4
15299,3
15300,3
15301,4
15302,4
15303,5
15304,6
15305,7
15306,6
15307,5
15308,5
15309,5
15310,4
15311,4
15312,2
15313,3
15314,4
15315,3
15316,4
15317,4
15318,5
15319,6
15320,6
15321,6
15322,7
15323,6
15324,4
15325,4
15326,3
15327,3
15328,6
15329,3
15330,4
15331,5
15332,3
15333,3
15334,6
15335,5
15336,4
15337,6
15338,6
15339,4
15340,3
15341,7
15342,7
15343,5
15344,3
15345,4
15346,5
15347,3
15348,4
15349,5
15350,4
15351,6
15352,7
15353,4
15354,3
15355,5
15356,4
15357,6
15358,3
15359,3
15360,7
15361,7
15362,8
15363,8
15364,7
15365,6
15366,2
15367,4
15368,5
15369,7
15370,8
15371,8
15372,7
15373,5
15374,4
15375,2
15376,2
15377,4
15378,3
15379,2
15380,3
15381,2
15382,2
15383,2
15384,2
15385,3
15386,4
15387,4
15388,5
15389,3
15390,4
15391,6
15392,4
15393,4
15394,2
15395,4
15396,3
15397,4
15398,3
15399,5
15400,6
15401,6
15402,4
15403,6
15404,6
15405,5
15406,5
15407,6
15408,5
15409,6
15410,6
15411,4
15412,3
15413,6
15414,6
15415,7
15416,2
15417,2
15418,0
15419,3
15420,6
15421,0
15422,2
15423,4
15424,3
15425,3
15426,5
15427,4
15428,3
15429,3
15430,4
15431,3
15432,3
15433,5
15434,6
15435,5
15436,5
15437,6
15438,6
15439,5
15440,5
15441,5
15442,6
15443,8
15444,8
15445,6
15446,6
15447,5
15448,3
15449,3
15450,2
15451,4
15452,3
15453,4
15454,1
15455,3
15456,4
15457,4
15458,2
15459,5
15460,4
15461,5
15462,5
15463,6
15464,9
15465,7
15466,6
15467,6
15468,5
15469,3
15470,4
15471,6
15472,5
15473,5
15474,3
15475,3
15476,1
15477,4
15478,3
15479,2
15480,4
15481,3
15482,5
15483,5
15484,6
15485,5
15486,5
15487,5
15488,5
15489,5
15490,5
15491,7
15492,7
15493,7
15494,6
15495,6
15496,2
15497,3
15498,5
15499,6
15500,5
15501,3
15502,3
15503,4
15504,2
15505,3
15506,5
15507,5
15508,3
15509,3
15510,4
15511,4
15512,3
15513,4
15514,4
15515,7
15516,5
15517,3
15518,4
15519,3
15520,5
15521,3
15522,0
15523,1
15524,2
15525,4
15526,3
15527,2
15528,1
15529,3
15530,3
15531,4
15532,7
15533,7
15534,9
15535,8
15536,8
15537,6
15538,6
15539,6
15540,7
15541,5
15542,7
15543,7
15544,5
15545,4
15546,6
15547,4
15548,3
15549,3
15550,4
15551,3
15552,3
15553,5
15554,4
15555,4
15556,2
15557,3
15558,3
15559,3
15560,4
15561,6
15562,4
15563,4
15564,5
15565,4
15566,5
15567,6
15568,4
15569,5
15570,6
15571,9
15572,6
15573,6
15574,7
15575,7
15576,4
15577,5
15578,3
15579,2
15580,4
15581,6
15582,4
15583,2
15584,7
15585,7
15586,4
15587,5
15588,5
15589,5
15590,5
15591,5
15592,3
15593,3
15594,4
15595,4
15596,8
15597,7
15598,5
15599,5
15600,6
15601,6
15602,5
15603,5
15604,4
15605,4
15606,3
15607,3
15608,2
15609,2
15610,2
15611,2
15612,1
15613,5
15614,5
15615,4
15616,7
15617,7
15618,6
15619,7
15620,5
15621,4
15622,3
15623,4
15624,5
15625,6
15626,5
15627,4
15628,5
15629,2
15630,4
15631,4
15632,1
15633,1
15634,1
15635,3
15636,2
15637,2
15638,4
15639,5
15640,6
15641,8
15642,7
15643,7
15644,3
15645,5
15646,7
15647,8
15648,5
15649,8
15650,7
15651,6
15652,7
15653,6
15654,6
15655,5
15656,4
15657,3
15658,3
15659,3
15660,4
15661,4
15662,6
15663,4
15664,4
15665,3
15666,2
15667,3
15668,2
15669,3
15670,5
15671,3
15672,5
15673,4
15674,7
15675,7
15676,5
15677,4
15678,2
15679,4
15680,3
15681,5
15682,6
15683,4
15684,2
15685,5
15686,6
15687,4
15688,3
15689,5
15690,8
15691,5
15692,5
15693,7
15694,7
15695,4
15696,4
15697,4
15698,5
15699,9
15700,8
15701,4
15702,3
15703,5
15704,4
15705,3
15706,1
15707,2
15708,3
15709,3
15710,3
15711,4
15712,4
15713,3
15714,5
15715,3
15716,5
15717,5
15718,5
15719,5
15720,4
15721,4
15722,5
15723,6
15724,4
15725,5
15726,5
15727,6
15728,5
15729,4
15730,6
15731,5
15732,3
15733,4
15734,1
15735,2
15736,2
15737,4
15738,5
15739,4
15740,5
15741,4
15742,4
15743,5
15744,4
15745,4
15746,6
15747,8
15748,3
15749,6
15750,5
15751,5
15752,3
15753,4
15754,4
15755,4
15756,5
15757,5
15758,6
15759,5
15760,3
15761,4
15762,4
15763,4
15764,5
15765,4
15766,6
15767,5
15768,5
15769,4
15770,2
15771,4
15772,4
15773,4
15774,6
15775,3
15776,5
15777,6
15778,7
15779,6
15780,5
15781,3
15782,2
15783,3
15784,5
15785,5
15786,5
15787,7
15788,5
15789,1
15790,2
15791,7
15792,5
15793,3
15794,3
15795,3
15796,4
15797,4
15798,3
15799,3
15800,2
15801,4
15802,5
15803,5
15804,5
15805,5
15806,6
15807,6
15808,6
15809,6
15810,5
15811,4
15812,5
15813,2
15814,4
15815,6
15816,8
15817,6
15818,3
15819,4
15820,3
15821,7
15822,3
15823,5
15824,6
15825,6
15826,8
15827,8
15828,6
15829,5
15830,5
15831,5
15832,3
15833,3
15834,2
15835,4
15836,4
15837,6
15838,7
15839,6
15840,4
15841,4
15842,5
15843,6
15844,6
15845,6
15846,5
15847,6
15848,4
15849,4
15850,4
15851,6
15852,6
15853,4
15854,4
15855,5
15856,4
15857,5
15858,5
15859,4
15860,4
15861,4
15862,3
15863,3
15864,4
15865,3
15866,4
15867,3
15868,3
15869,4
15870,5
15871,6
15872,5
15873,6
15874,4
15875,5
15876,8
15877,6
15878,3
15879,4
15880,5
15881,4
15882,3
15883,2
15884,4
15885,5
15886,2
15887,2
15888,5
15889,4
15890,4
15891,5
15892,5
15893,4
15894,5
15895,7
15896,5
15897,2
15898,5
15899,5
15900,6
15901,6
15902,2
15903,5
15904,2
15905,3
15906,5
15907,4
15908,8
15909,6
15910,5
15911,4
15912,3
15913,5
15914,7
15915,5
15916,5
15917,6
15918,5
15919,6
15920,5
15921,4
15922,4
15923,4
15924,6
15925,5
15926,6
15927,3
15928,5
15929,3
15930,3
15931,3
15932,4
15933,2
15934,3
15935,5
15936,4
15937,5
15938,2
15939,4
15940,6
15941,2
15942,4
15943,7
15944,4
15945,4
15946,4
15947,3
15948,3
15949,4
15950,5
15951,4
15952,6
15953,3
15954,4
15955,5
15956,6
15957,5
15958,5
15959,5
15960,4
15961,4
15962,5
15963,7
15964,4
15965,3
15966,3
15967,3
15968,4
15969,4
15970,4
15971,1
15972,5
15973,4
15974,4
15975,1
15976,3
15977,3
15978,2
15979,5
15980,5
15981,7
15982,5
15983,6
15984,5
15985,4
15986,4
15987,6
15988,4
15989,2
15990,4
15991,6
15992,8
15993,6
15994,7
15995,5
15996,3
15997,4
15998,7
15999,4
16000,3
16001,5
16002,6
16003,7
16004,6
16005,4
16006,6
16007,6
16008,6
16009,5
16010,4
16011,5
16012,6
16013,6
16014,6
16015,5
16016,5
16017,4
16018,5
16019,2
16020,4
16021,4
16022,3
16023,4
16024,4
16025,4
16026,4
16027,3
16028,4
16029,4
16030,3
16031,3
16032,5
16033,5
16034,4
16035,4
16036,4
16037,5
16038,6
16039,7
16040,7
16041,6
16042,5
16043,4
16044,6
16045,2
16046,3
16047,2
16048,3
16049,3
16050,3
16051,2
16052,3
16053,5
16054,4
16055,3
16056,5
16057,4
16058,3
16059,4
16060,5
16061,8
16062,6
16063,4
16064,6
16065,4
16066,4
16067,5
16068,6
16069,3
16070,5
16071,3
16072,4
16073,3
16074,3
16075,5
16076,5
16077,4
16078,4
16079,4
16080,3
16081,3
16082,2
16083,4
16084,5
16085,3
16086,3
16087,4
16088,4
16089,3
16090,3
16091,9
16092,8
16093,7
16094,6
16095,8
16096,4
16097,3
16098,7
16099,7
16100,4
16101,7
16102,8
16103,6
16104,4
16105,4
16106,4
16107,4
16108,5
16109,3
16110,2
16111,4
16112,3
16113,2
16114,4
16115,3
16116,3
16117,2
16118,3
16119,4
16120,5
16121,4
16122,6
16123,9
16124,5
16125,4
16126,5
16127,5
16128,4
16129,3
16130,4
16131,3
16132,2
16133,3
16134,5
16135,6
16136,6
16137,3
16138,4
16139,5
16140,5
16141,7
16142,4
16143,6
16144,5
16145,4
16146,4
16147,7
16148,5
16149,6
16150,5
16151,3
16152,3
16153,4
16154,4
16155,6
16156,5
16157,4
16158,4
16159,5
16160,2
16161,5
16162,3
16163,5
16164,5
16165,3
16166,3
16167,4
16168,4
16169,5
16170,2
16171,1
16172,1
16173,2
16174,5
16175,6
16176,7
16177,8
16178,5
16179,3
16180,3
16181,6
16182,6
16183,4
16184,6
16185,6
16186,8
16187,7
16188,6
16189,6
16190,3
16191,1
16192,5
16193,4
16194,3
16195,2
16196,4
16197,3
16198,3
16199,6
16200,4
16201,5
16202,5
16203,4
16204,4
16205,6
16206,6
16207,4
16208,4
16209,5
16210,3
16211,3
16212,5
16213,4
16214,4
16215,6
16216,6
16217,2
16218,3
16219,3
16220,4
16221,6
16222,6
16223,5
16224,3
16225,6
16226,4
16227,5
16228,3
16229,2
16230,2
16231,2
16232,2
16233,3
16234,3
16235,3
16236,4
16237,4
16238,4
16239,5
16240,6
16241,6
16242,5
16243,5
16244,7
16245,9
16246,7
16247,6
16248,10
16249,8
16250,6
16251,6
16252,6
16253,5
16254,4
16255,2
16256,4
16257,4
16258,3
16259,4
16260,3
16261,4
16262,5
16263,5
16264,4
16265,7
16266,5
16267,6
16268,3
16269,4
16270,6
16271,6
16272,3
16273,3
16274,3
16275,4
16276,4
16277,3
16278,4
16279,6
16280,4
16281,4
16282,3
16283,4
16284,3
16285,3
16286,5
16287,4
16288,5
16289,4
16290,3
16291,6
16292,4
16293,3
16294,2
16295,5
16296,4
16297,5
16298,4
16299,3
16300,2
16301,3
16302,3
16303,5
16304,4
16305,2
16306,4
16307,4
16308,3
16309,2
16310,4
16311,8
16312,5
16313,4
16314,7
16315,7
16316,8
16317,6
16318,7
16319,8
16320,3
16321,7
16322,3
16323,3
16324,4
16325,4
16326,3
16327,5
16328,4
16329,3
16330,3
16331,4
16332,5
16333,5
16334,5
16335,3
16336,5
16337,6
16338,5
16339,5
16340,3
16341,2
16342,3
16343,6
16344,5
16345,5
16346,6
16347,5
16348,6
16349,5
16350,5
16351,3
16352,3
16353,3
16354,4
16355,5
16356,5
16357,3
16358,4
16359,4
16360,3
16361,2
16362,2
16363,5
16364,6
16365,3
16366,5
16367,6
16368,5
16369,5
16370,9
16371,7
16372,5
16373,4
16374,5
16375,7
16376,4
16377,3
16378,4
16379,5
16380,6
16381,5
16382,5
16383,4
16384,5
16385,4
16386,4
16387,3
16388,4
16389,2
16390,4
16391,4
16392,4
16393,4
16394,4
16395,4
16396,4
16397,4
16398,2
16399,5
16400,6
16401,4
16402,3
16403,5
16404,4
16405,7
16406,6
16407,5
16408,7
16409,6
16410,5
16411,5
16412,6
16413,4
16414,6
16415,6
16416,8
16417,3
16418,1
16419,4
16420,6
16421,4
16422,3
16423,5
16424,5
16425,6
16426,7
16427,5
16428,6
16429,8
16430,7
16431,6
16432,10
16433,8
16434,6
16435,4
16436,6
16437,6
16438,5
16439,7
16440,9
16441,9
16442,8
16443,4
16444,1
16445,2
16446,4
16447,6
16448,5
16449,4
16450,4
16451,7
16452,4
16453,3
16454,5
16455,5
16456,5
16457,4
16458,2
16459,4
16460,2
16461,5
16462,6
16463,8
16464,5
16465,7
16466,5
16467,4
16468,5
16469,5
16470,4
16471,3
16472,5
16473,8
16474,7
16475,5
16476,3
16477,3
16478,5
16479,6
16480,10
16481,4
16482,4
16483,4
16484,4
16485,3
16486,3
16487,6
16488,2
16489,3
16490,5
16491,4
16492,4
16493,5
16494,9
16495,3
16496,2
16497,5
16498,4
16499,4
16500,5
16501,9
16502,9
16503,7
16504,5
16505,3
16506,3
16507,6
16508,7
16509,8
16510,4
16511,7
16512,10
16513,8
16514,5
16515,2
16516,0
16517,5
16518,5
16519,7
16520,5
16521,3
16522,4
16523,6
16524,4
16525,4
16526,4
16527,6
16528,7
16529,7
16530,6
16531,4
16532,4
16533,6
16534,5
16535,7
16536,7
16537,5
16538,3
16539,5
16540,7
16541,3
16542,5
16543,7
16544,7
16545,7
16546,7
16547,8
16548,9
16549,7
16550,10
16551,10
16552,8
16553,6
16554,5
16555,9
16556,8
16557,2
16558,6
16559,7
16560,5
16561,6
16562,8
16563,6
16564,4
16565,4
16566,1
16567,0
16568,2
16569,5
16570,4
16571,5
16572,4
16573,4
16574,4
16575,6
16576,4
16577,7
16578,5
16579,3
16580,4
16581,5
16582,5
16583,4
16584,8
16585,5
16586,5
16587,7
16588,5
16589,6
16590,5
16591,6
16592,5
16593,6
16594,7
16595,9
16596,8
16597,8
16598,6
16599,5
16600,8
16601,7
16602,3
16603,3
16604,4
16605,5
16606,4
16607,3
16608,5
16609,4
16610,6
16611,7
16612,6
16613,5
16614,5
16615,7
16616,4
16617,6
16618,7
16619,4
16620,2
16621,5
16622,6
16623,4
16624,4
16625,1
16626,4
16627,4
16628,5
16629,8
16630,4
16631,3
16632,3
16633,5
16634,6
16635,4
16636,4
16637,6
16638,5
16639,5
16640,3
16641,5
16642,4
16643,3
16644,3
16645,5
16646,3
16647,3
16648,5
16649,9
16650,5
16651,3
16652,5
16653,5
16654,5
16655,3
16656,5
16657,6
16658,6
16659,2
16660,5
16661,4
16662,4
16663,3
16664,5
16665,6
16666,5
16667,5
16668,3
16669,5
16670,5
16671,6
16672,4
16673,5
16674,3
16675,5
16676,4
16677,6
16678,6
16679,8
16680,8
16681,5
16682,5
16683,6
16684,5
16685,5
16686,4
16687,4
16688,3
16689,5
16690,4
16691,5
16692,4
16693,4
16694,3
16695,3
16696,6
16697,5
16698,6
16699,6
16700,5
16701,4
16702,4
16703,5
16704,6
16705,5
16706,2
16707,5
16708,5
16709,5
16710,5
16711,5
16712,7
16713,7
16714,3
16715,5
16716,5
16717,5
16718,2
16719,3
16720,4
16721,6
16722,6
16723,4
16724,4
16725,5
16726,5
16727,4
16728,3
16729,3
16730,5
16731,5
16732,3
16733,5
16734,7
16735,6
16736,5
16737,6
16738,4
16739,2
16740,6
16741,9
16742,6
16743,4
16744,5
16745,3
16746,1
16747,8
16748,6
16749,5
16750,8
16751,5
16752,6
16753,5
16754,3
16755,6
16756,4
16757,3
16758,5
16759,7
16760,5
16761,4
16762,3
16763,4
16764,4
16765,3
16766,3
16767,4
16768,5
16769,1
16770,2
16771,2
16772,3
16773,4
16774,2
16775,4
16776,6
16777,6
16778,7
16779,7
16780,10
16781,9
16782,3
16783,3
16784,4
16785,5
16786,6
16787,6
16788,6
16789,3
16790,0
16791,3
16792,5
16793,4
16794,7
16795,7
16796,6
16797,5
16798,6
16799,8
16800,6
16801,4
16802,3
16803,4
16804,3
16805,3
16806,2
16807,5
16808,7
16809,4
16810,4
16811,5
16812,7
16813,5
16814,5
16815,6
16816,4
16817,4
16818,5
16819,5
16820,8
16821,7
16822,5
16823,5
16824,6
16825,7
16826,4
16827,8
16828,8
16829,6
16830,7
16831,7
16832,3
16833,6
16834,7
16835,5
16836,6
16837,3
16838,2
16839,4
16840,7
16841,5
16842,7
16843,6
16844,5
16845,4
16846,7
16847,7
16848,6
16849,4
16850,5
16851,6
16852,4
16853,5
16854,4
16855,4
16856,6
16857,3
16858,5
16859,4
16860,5
16861,7
16862,6
16863,4
16864,3
16865,7
16866,5
16867,3
16868,4
16869,4
16870,5
16871,4
16872,4
16873,4
16874,4
16875,4
16876,4
16877,4
16878,5
16879,4
16880,5
16881,5
16882,4
16883,4
16884,5
16885,6
16886,5
16887,4
16888,4
16889,6
16890,5
16891,8
16892,6
16893,6
16894,5
16895,4
16896,3
16897,4
16898,3
16899,4
16900,3
16901,5
16902,5
16903,3
16904,7
16905,3
16906,3
16907,5
16908,5
16909,6
16910,4
16911,3
16912,7
16913,6
16914,5
16915,3
16916,3
16917,3
16918,5
16919,4
16920,4
16921,4
16922,6
16923,7
16924,6
16925,6
16926,5
16927,4
16928,5
16929,6
16930,5
16931,5
16932,6
16933,4
16934,4
16935,4
16936,2
16937,2
16938,1
16939,1
16940,4
16941,3
16942,3
16943,4
16944,6
16945,6
16946,5
16947,4
16948,3
16949,3
16950,3
16951,4
16952,5
16953,4
16954,5
16955,5
16956,8
16957,6
16958,5
16959,6
16960,5
16961,7
16962,6
16963,6
16964,6
16965,4
16966,3
16967,5
16968,5
16969,5
16970,3
16971,3
16972,4
16973,6
16974,7
16975,3
16976,5
16977,6
16978,4
16979,3
16980,4
16981,4
16982,6
16983,3
16984,5
16985,5
16986,5
16987,5
16988,6
16989,5
16990,6
16991,4
16992,3
16993,2
16994,5
16995,4
16996,3
16997,6
16998,3
16999,6
17000,8
17001,3
17002,6
17003,5
17004,5
17005,2
17006,4
17007,3
17008,4
17009,5
17010,4
17011,5
17012,5
17013,3
17014,3
17015,3
17016,4
17017,4
17018,4
17019,5
17020,4
17021,4
17022,4
17023,3
17024,6
17025,4
17026,2
17027,3
17028,2
17029,5
17030,5
17031,6
17032,6
17033,3
17034,4
17035,5
17036,5
17037,5
17038,4
17039,4
17040,4
17041,3
17042,4
17043,5
17044,6
17045,5
17046,6
17047,6
17048,5
17049,7
17050,6
17051,6
17052,6
17053,3
17054,3
17055,4
17056,3
17057,9
17058,9
17059,2
17060,3
17061,7
17062,5
17063,2
17064,4
17065,6
17066,3
17067,3
17068,2
17069,5
17070,5
17071,5
17072,3
17073,3
17074,6
17075,4
17076,2
17077,6
17078,6
17079,2
17080,9
17081,4
17082,3
17083,3
17084,3
17085,4
17086,3
17087,1
17088,5
17089,6
17090,6
17091,5
17092,5
17093,4
17094,3
17095,3
17096,2
17097,5
17098,5
17099,2
17100,6
17101,5
17102,5
17103,4
17104,3
17105,2
17106,5
17107,5
17108,4
17109,4
17110,4
17111,5
17112,3
17113,3
17114,4
17115,5
17116,5
17117,4
17118,5
17119,7
17120,3
17121,5
17122,8
17123,6
17124,5
17125,4
17126,4
17127,5
17128,7
17129,5
17130,5
17131,7
17132,6
17133,2
17134,3
17135,1
17136,2
17137,7
17138,7
17139,5
17140,3
17141,5
17142,8
17143,7
17144,4
17145,2
17146,2
17147,2
17148,4
17149,4
17150,4
17151,5
17152,5
17153,4
17154,2
17155,3
17156,1
17157,4
17158,3
17159,5
17160,4
17161,8
17162,3
17163,3
17164,4
17165,5
17166,5
17167,5
17168,4
17169,4
17170,6
17171,6
17172,5
17173,4
17174,4
17175,5
17176,4
17177,5
17178,6
17179,6
17180,4
17181,4
17182,7
17183,6
17184,4
17185,6
17186,4
17187,4
17188,2
17189,0
17190,2
17191,3
17192,5
17193,5
17194,5
17195,3
17196,2
17197,6
17198,6
17199,6
17200,5
17201,6
17202,5
17203,2
17204,7
17205,5
17206,5
17207,4
17208,5
17209,6
17210,5
17211,6
17212,6
17213,9
17214,4
17215,4
17216,6
17217,6
17218,4
17219,2
17220,3
17221,4
17222,5
17223,5
17224,6
17225,5
17226,4
17227,4
17228,5
17229,6
17230,4
17231,4
17232,5
17233,6
17234,4
17235,8
17236,4
17237,4
17238,1
17239,5
17240,5
17241,4
17242,2
17243,8
17244,6
17245,3
17246,1
17247,4
17248,4
17249,3
17250,6
17251,6
17252,4
17253,2
17254,4
17255,4
17256,7
17257,6
17258,5
17259,5
17260,5
17261,6
17262,7
17263,8
17264,7
17265,6
17266,4
17267,5
17268,5
17269,5
17270,4
17271,5
17272,4
17273,5
17274,3
17275,3
17276,3
17277,3
17278,3
17279,3
17280,6
17281,5
17282,3
17283,6
17284,6
17285,7
17286,7
17287,8
17288,4
17289,5
17290,6
17291,6
17292,3
17293,1
17294,7
17295,4
17296,6
17297,4
17298,5
17299,7
17300,7
17301,4
17302,4
17303,4
17304,4
17305,4
17306,4
17307,3
17308,4
17309,4
17310,7
17311,8
17312,4
17313,3
17314,3
17315,3
17316,3
17317,4
17318,4
17319,4
17320,5
17321,5
17322,6
17323,6
17324,5
17325,6
17326,6
17327,6
17328,6
17329,5
17330,8
17331,8
17332,5
17333,7
17334,6
17335,5
17336,4
17337,5
17338,4
17339,2
17340,3
17341,3
17342,4
17343,3
17344,6
17345,4
17346,2
17347,5
17348,5
17349,3
17350,2
17351,4
17352,4
17353,4
17354,4
17355,4
17356,5
17357,6
17358,6
17359,4
17360,4
17361,2
17362,3
17363,5
17364,5
17365,7
17366,6
17367,7
17368,9
17369,7
17370,5
17371,5
17372,5
17373,4
17374,2
17375,5
17376,5
17377,5
17378,5
17379,5
17380,3
17381,5
17382,3
17383,1
17384,1
17385,1
17386,1
17387,1
17388,1
17389,2
17390,4
17391,3
17392,5
17393,6
17394,7
17395,5
17396,7
17397,7
17398,9
17399,9
17400,6
17401,6
17402,5
17403,4
17404,7
17405,7
17406,7
17407,6
17408,2
17409,3
17410,5
17411,5
17412,5
17413,6
17414,6
17415,4
17416,6
17417,4
17418,5
17419,5
17420,7
17421,3
17422,2
17423,3
17424,4
17425,7
17426,7
17427,4
17428,5
17429,4
17430,5
17431,5
17432,4
17433,7
17434,6
17435,5
17436,6
17437,4
17438,5
17439,3
17440,2
17441,1
17442,2
17443,2
17444,3
17445,2
17446,2
17447,3
17448,5
17449,4
17450,5
17451,6
17452,6
17453,5
17454,9
17455,7
17456,7
17457,8
17458,9
17459,5
17460,6
17461,8
17462,8
17463,7
17464,4
17465,4
17466,3
17467,3
17468,5
17469,3
17470,3
17471,1
17472,3
17473,2
17474,5
17475,4
17476,5
17477,4
17478,7
17479,4
17480,4
17481,4
17482,6
17483,5
17484,6
17485,5
17486,4
17487,3
17488,3
17489,3
17490,7
17491,7
17492,5
17493,5
17494,3
17495,4
17496,5
17497,5
17498,5
17499,8
17500,6
17501,4
17502,2
17503,4
17504,8
17505,7
17506,8
17507,6
17508,4
17509,5
17510,5
17511,4
17512,4
17513,2
17514,1
17515,2
17516,2
17517,4
17518,3
17519,4
17520,5
17521,6
17522,6
17523,5
17524,5
17525,6
17526,6
17527,4
17528,4
17529,5
17530,5
17531,4
17532,5
17533,5
17534,6
17535,8
17536,3
17537,4
17538,5
17539,5
17540,6
17541,5
17542,6
17543,7
17544,5
17545,6
17546,3
17547,5
17548,4
17549,4
17550,4
17551,6
17552,4
17553,5
17554,4
17555,4
17556,4
17557,5
17558,4
17559,3
17560,3
17561,3
17562,5
17563,6
17564,5
17565,5
17566,4
17567,3
17568,4
17569,4
17570,4
17571,4
17572,3
17573,2
17574,5
17575,4
17576,4
17577,6
17578,3
17579,3
17580,5
17581,6
17582,3
17583,5
17584,6
17585,5
17586,8
17587,6
17588,5
17589,6
17590,5
17591,5
17592,4
17593,4
17594,4
17595,6
17596,5
17597,4
17598,4
17599,4
17600,4
17601,4
17602,5
17603,6
17604,6
17605,5
17606,7
17607,7
17608,6
17609,5
17610,4
17611,3
17612,6
17613,5
17614,4
17615,7
17616,4
17617,3
17618,3
17619,5
17620,2
17621,4
17622,6
17623,7
17624,5
17625,5
17626,3
17627,3
17628,4
17629,3
17630,4
17631,4
17632,3
17633,5
17634,4
17635,4
17636,7
17637,8
17638,6
17639,9
17640,6
17641,8
17642,3
17643,2
17644,4
17645,3
17646,4
17647,4
17648,4
17649,6
17650,5
17651,6
17652,6
17653,4
17654,4
17655,4
17656,2
17657,1
17658,3
17659,4
17660,3
17661,4
17662,6
17663,5
17664,3
17665,4
17666,3
17667,4
17668,3
17669,3
17670,3
17671,3
17672,5
17673,5
17674,5
17675,4
17676,4
17677,5
17678,7
17679,8
17680,6
17681,6
17682,5
17683,4
17684,7
17685,5
17686,6
17687,6
17688,6
17689,5
17690,6
17691,4
17692,4
17693,5
17694,3
17695,3
17696,4
17697,4
17698,3
17699,4
17700,5
17701,5
17702,1
17703,1
17704,4
17705,7
17706,6
17707,7
17708,7
17709,5
17710,4
17711,6
17712,5
17713,6
17714,7
17715,7
17716,8
17717,7
17718,7
17719,3
17720,3
17721,5
17722,3
17723,4
17724,4
17725,4
17726,3
17727,3
17728,5
17729,6
17730,6
17731,6
17732,8
17733,4
17734,2
17735,5
17736,4
17737,4
17738,3
17739,5
17740,6
17741,7
17742,6
17743,4
17744,3
17745,2
17746,6
17747,5
17748,2
17749,5
17750,5
17751,4
17752,2
17753,6
17754,5
17755,6
17756,2
17757,1
17758,2
17759,4
17760,4
17761,5
17762,5
17763,4
17764,4
17765,6
17766,5
17767,4
17768,4
17769,6
17770,6
17771,4
17772,3
17773,3
17774,4
17775,6
17776,7
17777,5
17778,5
17779,4
17780,4
17781,4
17782,7
17783,6
17784,4
17785,6
17786,4
17787,5
17788,7
17789,4
17790,3
17791,3
17792,3
17793,4
17794,6
17795,6
17796,5
17797,5
17798,7
17799,8
17800,8
17801,8
17802,6
17803,4
17804,4
17805,5
17806,5
17807,4
17808,5
17809,4
17810,3
17811,5
17812,4
17813,4
17814,2
17815,3
17816,6
17817,5
17818,6
17819,2
17820,1
17821,3
17822,3
17823,6
17824,3
17825,4
17826,5
17827,6
17828,5
17829,3
17830,5
17831,4
17832,4
17833,5
17834,7
17835,5
17836,4
17837,4
17838,5
17839,6
17840,4
17841,4
17842,3
17843,2
17844,5
17845,4
17846,4
17847,3
17848,3
17849,4
17850,6
17851,4
17852,7
17853,6
17854,5
17855,6
17856,6
17857,5
17858,4
17859,4
17860,5
17861,4
17862,4
17863,3
17864,3
17865,6
17866,6
17867,5
17868,5
17869,3
17870,4
17871,4
17872,4
17873,5
17874,6
17875,6
17876,4
17877,5
17878,7
17879,5
17880,5
17881,5
17882,5
17883,4
17884,5
17885,6
17886,3
17887,3
17888,7
17889,5
17890,3
17891,2
17892,1
17893,2
17894,6
17895,5
17896,5
17897,4
17898,6
17899,3
17900,3
17901,5
17902,5
17903,4
17904,4
17905,5
17906,5
17907,4
17908,5
17909,5
17910,8
17911,7
17912,5
17913,5
17914,5
17915,3
17916,6
17917,6
17918,6
17919,3
17920,5
17921,6
17922,5
17923,6
17924,7
17925,3
17926,3
17927,5
17928,5
17929,4
17930,8
17931,5
17932,6
17933,6
17934,3
17935,3
17936,3
17937,3
17938,3
17939,2
17940,5
17941,4
17942,3
17943,1
17944,4
17945,5
17946,4
17947,6
17948,5
17949,3
17950,5
17951,7
17952,2
17953,5
17954,5
17955,4
17956,3
17957,5
17958,5
17959,4
17960,4
17961,4
17962,4
17963,2
17964,5
17965,6
17966,6
17967,5
17968,6
17969,5
17970,6
17971,5
17972,5
17973,5
17974,5
17975,3
17976,5
17977,4
17978,7
17979,5
17980,5
17981,3
17982,4
17983,3
17984,4
17985,5
17986,5
17987,5
17988,5
17989,5
17990,3
17991,3
17992,5
17993,6
17994,6
17995,7
17996,5
17997,4
17998,4
17999,4
18000,4
18001,3
18002,5
18003,8
18004,5
18005,8
18006,4
18007,4
18008,5
18009,7
18010,5
18011,5
18012,5
18013,5
18014,5
18015,4
18016,5
18017,4
18018,6
18019,3
18020,3
18021,7
18022,6
18023,7
18024,9
18025,6
18026,4
18027,4
18028,4
18029,4
18030,6
18031,5
18032,4
18033,4
18034,5
18035,5
18036,4
18037,4
18038,4
18039,3
18040,5
18041,5
18042,7
18043,6
18044,3
18045,3
18046,3
18047,3
18048,3
18049,2
18050,4
18051,3
18052,3
18053,3
18054,5
18055,5
18056,7
18057,8
18058,6
18059,3
18060,3
18061,2
18062,3
18063,5
18064,7
18065,8
18066,4
18067,4
18068,4
18069,6
18070,8
18071,4
18072,4
18073,6
18074,5
18075,7
18076,6
18077,6
18078,3
18079,5
18080,6
18081,8
18082,5
18083,5
18084,5
18085,4
18086,4
18087,4
18088,3
18089,3
18090,2
18091,4
18092,5
18093,4
18094,5
18095,5
18096,3
18097,5
18098,5
18099,4
18100,4
18101,4
18102,6
18103,4
18104,4
18105,4
18106,6
18107,6
18108,5
18109,3
18110,5
18111,4
18112,6
18113,5
18114,4
18115,1
18116,3
18117,5
18118,6
18119,5
18120,6
18121,5
18122,4
18123,3
18124,2
18125,3
18126,5
18127,4
18128,6
18129,7
18130,5
18131,6
18132,5
18133,5
18134,2
18135,3
18136,3
18137,3
18138,5
18139,3
18140,6
18141,6
18142,5
18143,4
18144,4
18145,4
18146,5
18147,4
18148,2
18149,4
18150,8
18151,7
18152,4
18153,5
18154,5
18155,8
18156,4
18157,8
18158,7
18159,6
18160,8
18161,4
18162,4
18163,4
18164,3
18165,2
18166,4
18167,4
18168,3
18169,3
18170,4
18171,4
18172,6
18173,6
18174,4
18175,1
18176,4
18177,3
18178,3
18179,5
18180,4
18181,3
18182,5
18183,4
18184,6
18185,4
18186,3
18187,4
18188,6
18189,6
18190,4
18191,6
18192,5
18193,5
18194,7
18195,6
18196,6
18197,5
18198,3
18199,3
18200,2
18201,3
18202,5
18203,3
18204,6
18205,6
18206,4
18207,5
18208,3
18209,3
18210,4
18211,6
18212,6
18213,6
18214,7
18215,8
18216,4
18217,3
18218,4
18219,3
18220,4
18221,5
18222,4
18223,5
18224,6
18225,4
18226,5
18227,5
18228,2
18229,3
18230,4
18231,5
18232,5
18233,7
18234,4
18235,5
18236,6
18237,7
18238,5
18239,4
18240,6
18241,5
18242,3
18243,3
18244,3
18245,3
18246,3
18247,3
18248,3
18249,4
18250,5
18251,4
18252,5
18253,6
18254,5
18255,6
18256,6
18257,7
18258,6
18259,5
18260,8
18261,7
18262,4
18263,5
18264,6
18265,6
18266,5
18267,5
18268,5
18269,4
18270,5
18271,6
18272,7
18273,4
18274,5
18275,5
18276,3
18277,4
18278,4
18279,6
18280,6
18281,8
18282,7
18283,4
18284,3
18285,3
18286,4
18287,4
18288,5
18289,4
18290,3
18291,7
18292,10
18293,8
18294,5
18295,3
18296,3
18297,3
18298,3
18299,4
18300,5
18301,5
18302,3
18303,5
18304,6
18305,5
18306,5
18307,4
18308,3
18309,3
18310,4
18311,5
18312,4
18313,5
18314,3
18315,2
18316,4
18317,3
18318,2
18319,2
18320,2
18321,2
18322,3
18323,5
18324,4
18325,5
18326,5
18327,4
18328,6
18329,6
18330,7
18331,9
18332,9
18333,8
18334,6
18335,6
18336,5
18337,5
18338,5
18339,6
18340,5
18341,8
18342,6
18343,6
18344,6
18345,4
18346,3
18347,4
18348,5
18349,3
18350,2
18351,3
18352,4
18353,4
18354,4
18355,4
18356,4
18357,3
18358,3
18359,4
18360,5
18361,6
18362,6
18363,6
18364,6
18365,5
18366,6
18367,6
18368,6
18369,4
18370,5
18371,7
18372,6
18373,3
18374,3
18375,5
18376,7
18377,6
18378,5
18379,3
18380,3
18381,4
18382,5
18383,2
18384,1
18385,3
18386,5
18387,6
18388,6
18389,6
18390,5
18391,4
18392,3
18393,3
18394,4
18395,6
18396,5
18397,4
18398,4
18399,6
18400,6
18401,5
18402,3
18403,3
18404,3
18405,3
18406,3
18407,3
18408,4
18409,5
18410,4
18411,3
18412,4
18413,4
18414,4
18415,4
18416,3
18417,5
18418,6
18419,7
18420,7
18421,6
18422,7
18423,7
18424,7
18425,6
18426,5
18427,4
18428,4
18429,4
18430,4
18431,6
18432,5
18433,4
18434,3
18435,2
18436,4
18437,4
18438,3
18439,3
18440,4
18441,6
18442,4
18443,2
18444,2
18445,4
18446,5
18447,7
18448,4
18449,6
18450,10
18451,9
18452,4
18453,4
18454,5
18455,9
18456,7
18457,5
18458,3
18459,3
18460,3
18461,4
18462,5
18463,5
18464,5
18465,5
18466,4
18467,6
18468,7
18469,8
18470,5
18471,5
18472,4
18473,3
18474,4
18475,4
18476,4
18477,5
18478,5
18479,3
18480,4
18481,4
18482,4
18483,2
18484,6
18485,7
18486,5
18487,5
18488,6
18489,4
18490,6
18491,5
18492,4
18493,3
18494,4
18495,4
18496,6
18497,4
18498,4
18499,5
18500,4
18501,4
18502,6
18503,7
18504,7
18505,5
18506,5
18507,7
18508,4
18509,5
18510,4
18511,4
18512,4
18513,6
18514,5
18515,5
18516,1
18517,3
18518,1
18519,3
18520,3
18521,3
18522,3
18523,4
18524,5
18525,7
18526,5
18527,5
18528,6
18529,7
18530,9
18531,10
18532,8
18533,6
18534,6
18535,5
18536,4
18537,5
18538,3
18539,2
18540,5
18541,6
18542,3
18543,4
18544,6
18545,7
18546,5
18547,1
18548,2
18549,3
18550,2
18551,2
18552,3
18553,4
18554,4
18555,6
18556,4
18557,3
18558,4
18559,7
18560,4
18561,4
18562,5
18563,4
18564,2
18565,3
18566,3
18567,7
18568,5
18569,6
18570,6
18571,4
18572,5
18573,7
18574,5
18575,5
18576,5
18577,7
18578,4
18579,5
18580,4
18581,5
18582,6
18583,4
18584,4
18585,5
18586,5
18587,5
18588,4
18589,5
18590,5
18591,6
18592,2
18593,5
18594,4
18595,5
18596,6
18597,6
18598,6
18599,7
18600,6
18601,6
18602,6
18603,3
18604,6
18605,5
18606,6
18607,5
18608,5
18609,4
18610,3
18611,3
18612,1
18613,2
18614,3
18615,6
18616,4
18617,2
18618,4
18619,6
18620,6
18621,5
18622,3
18623,3
18624,6
18625,5
18626,5
18627,6
18628,5
18629,5
18630,6
18631,5
18632,4
18633,5
18634,7
18635,5
18636,5
18637,3
18638,4
18639,5
18640,4
18641,5
18642,4
18643,4
18644,2
18645,6
18646,2
18647,4
18648,2
18649,5
18650,4
18651,5
18652,4
18653,6
18654,5
18655,3
18656,4
18657,4
18658,2
18659,5
18660,3
18661,5
18662,6
18663,8
18664,5
18665,6
18666,4
18667,3
18668,5
18669,8
18670,6
18671,6
18672,4
18673,5
18674,3
18675,6
18676,4
18677,5
18678,3
18679,2
18680,4
18681,5
18682,5
18683,3
18684,5
18685,4
18686,6
18687,3
18688,2
18689,3
18690,4
18691,6
18692,6
18693,5
18694,5
18695,6
18696,5
18697,5
18698,4
18699,3
18700,5
18701,5
18702,2
18703,4
18704,5
18705,5
18706,6
18707,3
18708,3
18709,5
18710,6
18711,5
18712,4
18713,3
18714,7
18715,4
18716,4
18717,4
18718,4
18719,3
18720,5
18721,4
18722,5
18723,6
18724,5
18725,7
18726,5
18727,3
18728,3
18729,5
18730,6
18731,5
18732,6
18733,4
18734,7
18735,6
18736,6
18737,6
18738,5
18739,7
18740,4
18741,4
18742,5
18743,3
18744,3
18745,3
18746,4
18747,3
18748,3
18749,2
18750,3
18751,6
18752,5
18753,8
18754,8
18755,9
18756,4
18757,2
18758,3
18759,4
18760,7
18761,7
18762,4
18763,6
18764,6
18765,5
18766,4
18767,6
18768,6
18769,3
18770,5
18771,2
18772,4
18773,6
18774,6
18775,6
18776,4
18777,3
18778,4
18779,6
18780,6
18781,4
18782,3
18783,3
18784,5
18785,7
18786,8
18787,6
18788,5
18789,3
18790,0
18791,6
18792,4
18793,5
18794,6
18795,5
18796,5
18797,6
18798,3
18799,5
18800,4
18801,3
18802,4
18803,3
18804,6
18805,6
18806,6
18807,2
18808,1
18809,4
18810,3
18811,2
18812,3
18813,5
18814,5
18815,6
18816,3
18817,3
18818,2
18819,3
18820,3
18821,5
18822,6
18823,4
18824,5
18825,6
18826,5
18827,6
18828,7
18829,3
18830,5
18831,5
18832,4
18833,4
18834,5
18835,7
18836,4
18837,3
18838,3
18839,3
18840,4
18841,7
18842,7
18843,7
18844,8
18845,5
18846,4
18847,4
18848,3
18849,4
18850,3
18851,3
18852,3
18853,2
18854,4
18855,5
18856,4
18857,5
18858,5
18859,7
18860,6
18861,7
18862,5
18863,8
18864,5
18865,5
18866,5
18867,6
18868,8
18869,7
18870,5
18871,6
18872,5
18873,4
18874,4
18875,4
18876,2
18877,2
18878,3
18879,3
18880,3
18881,9
18882,5
18883,2
18884,4
18885,4
18886,3
18887,5
18888,4
18889,1
18890,3
18891,5
18892,4
18893,4
18894,1
18895,2
18896,3
18897,3
18898,5
18899,6
18900,5
18901,5
18902,6
18903,8
18904,8
18905,7
18906,8
18907,5
18908,3
18909,4
18910,5
18911,3
18912,8
18913,10
18914,5
18915,7
18916,7
18917,3
18918,4
18919,4
18920,3
18921,3
18922,2
18923,5
18924,4
18925,6
18926,2
18927,0
18928,2
18929,2
18930,4
18931,5
18932,6
18933,6
18934,4
18935,2
18936,4
18937,3
18938,5
18939,5
18940,6
18941,8
18942,7
18943,5
18944,4
18945,7
18946,8
18947,10
18948,7
18949,6
18950,4
18951,4
18952,3
18953,4
18954,3
18955,2
18956,2
18957,4
18958,3
18959,5
18960,4
18961,4
18962,4
18963,4
18964,2
18965,3
18966,1
18967,4
18968,3
18969,5
18970,5
18971,5
18972,5
18973,4
18974,5
18975,3
18976,4
18977,4
18978,6
18979,2
18980,4
18981,4
18982,2
18983,5
18984,4
18985,2
18986,6
18987,6
18988,5
18989,4
18990,7
18991,7
18992,4
18993,3
18994,6
18995,3
18996,4
18997,7
18998,2
18999,1
19000,5
19001,3
19002,3
19003,3
19004,3
19005,3
19006,2
19007,6
19008,4
19009,5
19010,5
19011,4
19012,5
19013,3
19014,5
19015,5
19016,2
19017,2
19018,2
19019,3
19020,2
19021,3
19022,5
19023,5
19024,4
19025,5
19026,7
19027,6
19028,6
19029,7
19030,7
19031,6
19032,4
19033,7
19034,6
19035,5
19036,7
19037,8
19038,6
19039,7
19040,4
19041,5
19042,4
19043,3
19044,4
19045,5
19046,6
19047,7
19048,4
19049,5
19050,7
19051,5
19052,4
19053,3
19054,7
19055,7
19056,5
19057,3
19058,5
19059,6
19060,6
19061,6
19062,4
19063,4
19064,5
19065,6
19066,3
19067,3
19068,3
19069,3
19070,5
19071,2
19072,9
19073,7
19074,8
19075,9
19076,3
19077,4
19078,3
19079,3
19080,8
19081,6
19082,5
19083,4
19084,3
19085,5
19086,5
19087,4
19088,3
19089,2
19090,5
19091,5
19092,2
19093,2
19094,2
19095,3
19096,3
19097,4
19098,3
19099,7
19100,6
19101,4
19102,4
19103,5
19104,6
19105,6
19106,5
19107,4
19108,2
19109,2
19110,4
19111,3
19112,4
19113,2
19114,2
19115,2
19116,2
19117,2
19118,4
19119,5
19120,2
19121,6
19122,5
19123,4
19124,6
19125,6
19126,6
19127,6
19128,8
19129,8
19130,6
19131,6
19132,6
19133,4
19134,5
19135,5
19136,1
19137,3
19138,4
19139,3
19140,5
19141,4
19142,3
19143,6
19144,3
19145,2
19146,4
19147,5
19148,5
19149,5
19150,7
19151,7
19152,7
19153,6
19154,7
19155,4
19156,5
19157,5
19158,7
19159,7
19160,6
19161,6
19162,3
19163,2
19164,3
19165,4
19166,3
19167,3
19168,3
19169,3
19170,3
19171,0
19172,2
19173,3
19174,3
19175,4
19176,5
19177,5
19178,6
19179,7
19180,5
19181,4
19182,7
19183,10
19184,8
19185,6
19186,6
19187,4
19188,4
19189,4
19190,4
19191,4
19192,3
19193,5
19194,5
19195,4
19196,4
19197,6
19198,3
19199,5
19200,4
19201,5
19202,5
19203,4
19204,6
19205,6
19206,3
19207,3
19208,3
19209,3
19210,3
19211,3
19212,4
19213,4
19214,4
19215,5
19216,5
19217,6
19218,6
19219,5
19220,4
19221,5
19222,4
19223,1
19224,5
19225,4
19226,6
19227,7
19228,4
19229,4
19230,5
19231,5
19232,4
19233,1
19234,4
19235,5
19236,6
19237,6
19238,7
19239,7
19240,7
19241,5
19242,3
19243,4
19244,4
19245,1
19246,3
19247,2
19248,4
19249,7
19250,4
19251,5
19252,2
19253,6
19254,6
19255,4
19256,4
19257,4
19258,4
19259,4
19260,4
19261,4
19262,3
19263,4
19264,4
19265,4
19266,5
19267,5
19268,3
19269,2
19270,5
19271,4
19272,4
19273,5
19274,4
19275,5
19276,6
19277,5
19278,5
19279,7
19280,7
19281,7
19282,8
19283,4
19284,5
19285,4
19286,3
19287,8
19288,8
19289,4
19290,3
19291,3
19292,3
19293,4
19294,4
19295,4
19296,3
19297,4
19298,2
19299,2
19300,4
19301,5
19302,3
19303,4
19304,6
19305,4
19306,4
19307,3
19308,5
19309,7
19310,3
19311,5
19312,8
19313,9
19314,7
19315,4
19316,4
19317,4
19318,2
19319,2
19320,4
19321,4
19322,5
19323,6
19324,6
19325,5
19326,3
19327,3
19328,8
19329,7
19330,5
19331,7
19332,6
19333,6
19334,4
19335,4
19336,4
19337,3
19338,2
19339,3
19340,5
19341,5
19342,4
19343,5
19344,4
19345,4
19346,2
19347,4
19348,5
19349,6
19350,5
19351,4
19352,4
19353,4
19354,4
19355,4
19356,6
19357,4
19358,4
19359,5
19360,5
19361,8
19362,6
19363,6
19364,3
19365,2
19366,2
19367,3
19368,7
19369,3
19370,2
19371,7
19372,7
19373,3
19374,3
19375,4
19376,3
19377,2
19378,4
19379,3
19380,7
19381,3
19382,5
19383,5
19384,7
19385,6
19386,8
19387,7
19388,2
19389,4
19390,4
19391,3
19392,4
19393,4
19394,4
19395,4
19396,3
19397,3
19398,4
19399,7
19400,6
19401,6
19402,5
19403,6
19404,4
19405,5
19406,7
19407,4
19408,6
19409,8
19410,5
19411,6
19412,4
19413,4
19414,5
19415,6
19416,4
19417,4
19418,4
19419,4
19420,4
19421,5
19422,3
19423,2
19424,5
19425,5
19426,4
19427,3
19428,3
19429,3
19430,4
19431,1
19432,3
19433,6
19434,3
19435,3
19436,4
19437,4
19438,6
19439,5
19440,5
19441,4
19442,5
19443,8
19444,5
19445,8
19446,8
19447,9
19448,7
19449,5
19450,5
19451,4
19452,4
19453,4
19454,3
19455,3
19456,6
19457,5
19458,4
19459,5
19460,3
19461,3
19462,3
19463,4
19464,4
19465,5
19466,4
19467,5
19468,4
19469,7
19470,7
19471,6
19472,6
19473,4
19474,6
19475,6
19476,5
19477,5
19478,4
19479,3
19480,4
19481,5
19482,3
19483,3
19484,6
19485,4
19486,4
19487,5
19488,4
19489,4
19490,3
19491,4
19492,4
19493,6
19494,5
19495,3
19496,5
19497,4
19498,3
19499,1
19500,5
19501,8
19502,7
19503,5
19504,7
19505,7
19506,5
19507,5
19508,6
19509,5
19510,4
19511,4
19512,6
19513,7
19514,5
19515,6
19516,5
19517,2
19518,3
19519,4
19520,4
19521,4
19522,8
19523,7
19524,4
19525,5
19526,7
19527,5
19528,7
19529,6
19530,6
19531,5
19532,6
19533,4
19534,2
19535,4
19536,6
19537,7
19538,4
19539,3
19540,5
19541,2
19542,1
19543,5
19544,5
19545,1
19546,1
19547,3
19548,3
19549,4
19550,6
19551,5
19552,4
19553,4
19554,4
19555,3
19556,4
19557,3
19558,4
19559,1
19560,2
19561,1
19562,2
19563,4
19564,5
19565,3
19566,4
19567,7
19568,5
19569,5
19570,6
19571,5
19572,4
19573,7
19574,9
19575,6
19576,6
19577,7
19578,6
19579,5
19580,7
19581,5
19582,3
19583,5
19584,5
19585,4
19586,5
19587,5
19588,3
19589,3
19590,5
19591,5
19592,5
19593,4
19594,3
19595,3
19596,6
19597,5
19598,2
19599,4
19600,5
19601,5
19602,6
19603,5
19604,5
19605,3
19606,5
19607,5
19608,6
19609,5
19610,7
19611,8
19612,6
19613,6
19614,7
19615,6
19616,5
19617,6
19618,7
19619,5
19620,7
19621,4
19622,4
19623,4
19624,2
19625,1
19626,1
19627,4
19628,6
19629,5
19630,5
19631,3
19632,4
19633,6
19634,4
19635,5
19636,6
19637,5
19638,5
19639,5
19640,4
19641,6
19642,4
19643,4
19644,3
19645,3
19646,3
19647,6
19648,8
19649,9
19650,7
19651,4
19652,4
19653,3
19654,3
19655,2
19656,3
19657,4
19658,4
19659,2
19660,4
19661,6
19662,5
19663,5
19664,3
19665,4
19666,5
19667,8
19668,8
19669,7
19670,4
19671,2
19672,3
19673,2
19674,3
19675,2
19676,5
19677,6
19678,5
19679,8
19680,4
19681,7
19682,7
19683,5
19684,4
19685,5
19686,5
19687,4
19688,4
19689,4
19690,4
19691,5
19692,4
19693,3
19694,3
19695,5
19696,5
19697,5
19698,4
19699,6
19700,3
19701,5
19702,4
19703,3
19704,4
19705,6
19706,6
19707,5
19708,4
19709,4
19710,4
19711,5
19712,3
19713,2
19714,2
19715,2
19716,3
19717,6
19718,5
19719,5
19720,4
19721,5
19722,3
19723,2
19724,4
19725,5
19726,5
19727,5
19728,4
19729,7
19730,5
19731,6
19732,3
19733,6
19734,4
19735,4
19736,5
19737,6
19738,8
19739,4
19740,6
19741,4
19742,5
19743,5
19744,6
19745,5
19746,4
19747,2
19748,2
19749,5
19750,5
19751,6
19752,4
19753,4
19754,4
19755,6
19756,4
19757,2
19758,6
19759,9
19760,4
19761,4
19762,5
19763,6
19764,5
19765,3
19766,3
19767,4
19768,5
19769,3
19770,4
19771,1
19772,5
19773,5
19774,4
19775,4
19776,6
19777,2
19778,3
19779,4
19780,4
19781,2
19782,3
19783,2
19784,5
19785,3
19786,6
19787,7
19788,9
19789,3
19790,3
19791,4
19792,4
19793,4
19794,4
19795,6
19796,4
19797,3
19798,2
19799,2
19800,6
19801,6
19802,3
19803,3
19804,6
19805,4
19806,3
19807,4
19808,2
19809,4
19810,4
19811,4
19812,3
19813,5
19814,6
19815,5
19816,4
19817,4
19818,3
19819,4
19820,6
19821,5
19822,5
19823,5
19824,5
19825,5
19826,3
19827,5
19828,3
19829,7
19830,7
19831,6
19832,5
19833,6
19834,5
19835,3
19836,4
19837,3
19838,3
19839,4
19840,7
19841,3
19842,3
19843,6
19844,7
19845,4
19846,5
19847,2
19848,2
19849,4
19850,3
19851,3
19852,4
19853,4
19854,2
19855,4
19856,6
19857,6
19858,5
19859,2
19860,3
19861,5
19862,3
19863,4
19864,4
19865,6
19866,5
19867,7
19868,6
19869,7
19870,4
19871,5
19872,3
19873,2
19874,3
19875,3
19876,1
19877,6
19878,5
19879,5
19880,5
19881,7
19882,4
19883,6
19884,8
19885,6
19886,8
19887,5
19888,5
19889,5
19890,5
19891,8
19892,5
19893,5
19894,7
19895,5
19896,5
19897,4
19898,3
19899,3
19900,3
19901,2
19902,4
19903,3
19904,3
19905,4
19906,6
19907,4
19908,5
19909,5
19910,4
19911,4
19912,5
19913,4
19914,5
19915,4
19916,4
19917,5
19918,5
19919,4
19920,5
19921,5
19922,2
19923,4
19924,3
19925,6
19926,6
19927,5
19928,2
19929,4
19930,4
19931,4
19932,6
19933,5
19934,4
19935,6
19936,5
19937,4
19938,5
19939,3
19940,2
19941,6
19942,4
19943,4
19944,3
19945,4
19946,4
19947,5
19948,5
19949,5
19950,4
19951,7
19952,5
19953,3
19954,4
19955,4
19956,4
19957,5
19958,6
19959,5
19960,4
19961,5
19962,5
19963,6
19964,4
19965,3
19966,4
19967,4
19968,4
19969,5
19970,5
19971,6
19972,3
19973,3
19974,4
19975,6
19976,3
19977,3
19978,3
19979,2
19980,3
19981,3
19982,4
19983,5
19984,9
19985,6
19986,4
19987,5
19988,7
19989,5
19990,3
19991,3
19992,6
19993,7
19994,5
19995,5
19996,4
19997,2
19998,4
19999,9
20000,3
20001,1
20002,3
20003,3
20004,5
20005,3
20006,3
20007,2
20008,2
20009,4
20010,3
20011,2
20012,4
20013,2
20014,4
20015,5
20016,7
20017,6
20018,6
20019,7
20020,7
20021,6
20022,7
20023,4
20024,5
20025,5
20026,5
20027,7
20028,5
20029,5
20030,4
20031,3
20032,7
20033,5
20034,2
20035,6
20036,5
20037,7
20038,7
20039,8
20040,7
20041,5
20042,4
20043,2
20044,1
20045,2
20046,2
20047,5
20048,4
20049,5
20050,4
20051,3
20052,3
20053,7
20054,7
20055,5
20056,2
20057,3
20058,4
20059,3
20060,4
20061,3
20062,5
20063,7
20064,2
20065,3
20066,3
20067,2
20068,4
20069,3
20070,5
20071,2
20072,1
20073,1
20074,4
20075,4
20076,5
20077,8
20078,6
20079,7
20080,7
20081,5
20082,3
20083,3
20084,4
20085,6
20086,8
20087,7
20088,4
20089,6
20090,6
20091,5
20092,6
20093,5
20094,4
20095,4
20096,3
20097,4
20098,5
20099,6
20100,3
20101,8
20102,6
20103,5
20104,7
20105,10
20106,9
20107,5
20108,7
20109,5
20110,5
20111,4
20112,7
20113,6
20114,4
20115,6
20116,2
20117,1
20118,2
20119,5
20120,4
20121,3
20122,4
20123,4
20124,3
20125,3
20126,3
20127,3
20128,4
20129,5
20130,6
20131,6
20132,9
20133,4
20134,5
20135,3
20136,4
20137,6
20138,2
20139,3
20140,3
20141,5
20142,6
20143,4
20144,5
20145,4
20146,3
20147,3
20148,3
20149,5
20150,3
20151,4
20152,4
20153,5
20154,4
20155,2
20156,4
20157,5
20158,6
20159,7
20160,5
20161,4
20162,2
20163,2
20164,2
20165,4
20166,3
20167,3
20168,4
20169,4
20170,5
20171,3
20172,4
20173,5
20174,6
20175,3
20176,4
20177,3
20178,3
20179,4
20180,7
20181,8
20182,7
20183,9
20184,7
20185,6
20186,6
20187,5
20188,6
20189,5
20190,5
20191,5
20192,1
20193,4
20194,5
20195,3
20196,3
20197,4
20198,4
20199,6
20200,5
20201,5
20202,5
20203,7
20204,7
20205,5
20206,4
20207,2
20208,1
20209,3
20210,4
20211,8
20212,6
20213,6
20214,4
20215,6
20216,8
20217,4
20218,6
20219,2
20220,3
20221,4
20222,3
20223,4
20224,3
20225,0
20226,2
20227,4
20228,5
20229,6
20230,4
20231,5
20232,4
20233,3
20234,1
20235,4
20236,4
20237,4
20238,3
20239,6
20240,8
20241,6
20242,7
20243,5
20244,4
20245,5
20246,9
20247,9
20248,7
20249,6
20250,8
20251,5
20252,7
20253,3
20254,3
20255,5
20256,3
20257,4
20258,6
20259,3
20260,4
20261,4
20262,4
20263,4
20264,3
20265,6
20266,5
20267,5
20268,5
20269,4
20270,3
20271,5
20272,8
20273,6
20274,4
20275,3
20276,4
20277,5
20278,5
20279,6
20280,6
20281,5
20282,4
20283,5
20284,4
20285,7
20286,4
20287,3
20288,3
20289,2
20290,3
20291,4
20292,5
20293,3
20294,3
20295,4
20296,4
20297,7
20298,5
20299,3
20300,4
20301,5
20302,5
20303,5
20304,7
20305,4
20306,5
20307,8
20308,7
20309,5
20310,2
20311,4
20312,6
20313,8
20314,4
20315,6
20316,5
20317,3
20318,4
20319,3
20320,5
20321,5
20322,8
20323,7
20324,7
20325,6
20326,5
20327,3
20328,3
20329,3
20330,3
20331,5
20332,7
20333,5
20334,6
20335,7
20336,6
20337,5
20338,4
20339,3
20340,2
20341,2
20342,4
20343,4
20344,4
20345,5
20346,3
20347,5
20348,5
20349,5
20350,4
20351,5
20352,4
20353,5
20354,6
20355,4
20356,4
20357,4
20358,4
20359,3
20360,5
20361,4
20362,3
20363,2
20364,3
20365,3
20366,4
20367,4
20368,2
20369,4
20370,7
20371,8
20372,5
20373,4
20374,6
20375,2
20376,5
20377,8
20378,7
20379,5
20380,5
20381,5
20382,4
20383,4
20384,3
20385,3
20386,4
20387,4
20388,5
20389,3
20390,6
20391,4
20392,5
20393,6
20394,6
20395,4
20396,3
20397,4
20398,5
20399,5
20400,4
20401,5
20402,5
20403,4
20404,5
20405,2
20406,3
20407,7
20408,7
20409,6
20410,3
20411,5
20412,6
20413,5
20414,3
20415,3
20416,2
20417,3
20418,5
20419,5
20420,4
20421,4
20422,6
20423,6
20424,7
20425,6
20426,4
20427,5
20428,4
20429,6
20430,8
20431,7
20432,4
20433,6
20434,6
20435,3
20436,4
20437,4
20438,3
20439,4
20440,2
20441,4
20442,5
20443,5
20444,4
20445,3
20446,2
20447,3
20448,5
20449,5
20450,3
20451,3
20452,7
20453,5
20454,4
20455,4
20456,7
20457,6
20458,5
20459,5
20460,4
20461,6
20462,5
20463,6
20464,4
20465,6
20466,9
20467,4
20468,5
20469,2
20470,1
20471,3
20472,5
20473,2
20474,4
20475,5
20476,4
20477,4
20478,4
20479,3
20480,4
20481,9
20482,10
20483,5
20484,7
20485,7
20486,6
20487,4
20488,3
20489,2
20490,2
20491,2
20492,7
20493,6
20494,3
20495,3
20496,1
20497,2
20498,4
20499,3
20500,7
20501,7
20502,7
20503,7
20504,4
20505,4
20506,4
20507,3
20508,4
20509,7
20510,4
20511,3
20512,6
20513,6
20514,5
20515,5
20516,4
20517,5
20518,4
20519,2
20520,1
20521,2
20522,2
20523,4
20524,2
20525,3
20526,4
20527,3
20528,4
20529,3
20530,6
20531,7
20532,7
20533,4
20534,4
20535,3
20536,5
20537,7
20538,7
20539,5
20540,6
20541,7
20542,6
20543,9
20544,4
20545,1
20546,4
20547,7
20548,4
20549,4
20550,5
20551,4
20552,6
20553,5
20554,5
20555,4
20556,2
20557,5
20558,4
20559,3
20560,4
20561,3
20562,4
20563,3
20564,3
20565,5
20566,6
20567,6
20568,4
20569,5
20570,5
20571,6
20572,9
20573,5
20574,3
20575,3
20576,3
20577,3
20578,2
20579,4
20580,3
20581,4
20582,5
20583,4
20584,7
20585,6
20586,7
20587,5
20588,4
20589,3
20590,4
20591,4
20592,6
20593,5
20594,6
20595,4
20596,5
20597,6
20598,8
20599,7
20600,4
20601,6
20602,6
20603,5
20604,3
20605,2
20606,4
20607,4
20608,4
20609,3
20610,2
20611,3
20612,3
20613,5
20614,5
20615,6
20616,5
20617,6
20618,4
20619,3
20620,4
20621,6
20622,6
20623,6
20624,6
20625,7
20626,7
20627,6
20628,6
20629,6
20630,3
20631,3
20632,3
20633,3
20634,4
20635,5
20636,4
20637,3
20638,4
20639,4
20640,4
20641,4
20642,4
20643,3
20644,3
20645,6
20646,8
20647,9
20648,7
20649,7
20650,4
20651,4
20652,5
20653,6
20654,5
20655,5
20656,4
20657,7
20658,5
20659,6
20660,2
20661,1
20662,2
20663,6
20664,4
20665,6
20666,2
20667,2
20668,4
20669,4
20670,6
20671,5
20672,7
20673,8
20674,8
20675,5
20676,1
20677,2
20678,2
20679,0
20680,1
20681,3
20682,6
20683,1
20684,3
20685,3
20686,4
20687,1
20688,4
20689,5
20690,5
20691,4
20692,6
20693,4
20694,5
20695,7
20696,5
20697,9
20698,7
20699,8
20700,4
20701,4
20702,6
20703,6
20704,6
20705,5
20706,5
20707,5
20708,6
20709,5
20710,4
20711,4
20712,3
20713,2
20714,6
20715,6
20716,5
20717,5
20718,3
20719,3
20720,6
20721,3
20722,2
20723,5
20724,4
20725,5
20726,5
20727,5
20728,6
20729,5
20730,5
20731,4
20732,2
20733,4
20734,6
20735,5
20736,4
20737,4
20738,3
20739,5
20740,7
20741,6
20742,8
20743,7
20744,5
20745,5
20746,6
20747,6
20748,5
20749,5
20750,6
20751,6
20752,5
20753,6
20754,4
20755,4
20756,1
20757,2
20758,1
20759,3
20760,3
20761,5
20762,6
20763,4
20764,5
20765,5
20766,7
20767,7
20768,5
20769,4
20770,5
20771,4
20772,4
20773,2
20774,3
20775,5
20776,4
20777,3
20778,3
20779,3
20780,3
20781,5
20782,4
20783,5
20784,5
20785,4
20786,6
20787,7
20788,5
20789,5
20790,3
20791,4
20792,5
20793,3
20794,4
20795,4
20796,5
20797,5
20798,5
20799,5
20800,7
20801,7
20802,5
20803,5
20804,4
20805,2
20806,2
20807,3
20808,6
20809,5
20810,4
20811,4
20812,3
20813,6
20814,5
20815,4
20816,3
20817,4
20818,5
20819,4
20820,5
20821,5
20822,4
20823,4
20824,4
20825,4
20826,5
20827,5
20828,5
20829,3
20830,4
20831,5
20832,6
20833,5
20834,6
20835,7
20836,5
20837,4
20838,5
20839,4
20840,3
20841,4
20842,4
20843,6
20844,4
20845,4
20846,4
20847,4
20848,4
20849,3
20850,4
20851,3
20852,4
20853,6
20854,4
20855,3
20856,3
20857,2
20858,5
20859,7
20860,8
20861,5
20862,4
20863,6
20864,4
20865,3
20866,3
20867,3
20868,3
20869,3
20870,3
20871,4
20872,2
20873,3
20874,4
20875,5
20876,7
20877,6
20878,4
20879,4
20880,8
20881,6
20882,2
20883,5
20884,9
20885,8
20886,4
20887,7
20888,6
20889,4
20890,5
20891,5
20892,5
20893,4
20894,3
20895,3
20896,2
20897,4
20898,5
20899,6
20900,6
20901,6
20902,6
20903,6
20904,5
20905,10
20906,7
20907,7
20908,6
20909,4
20910,3
20911,6
20912,8
20913,4
20914,4
20915,4
20916,4
20917,3
20918,1
20919,3
20920,5
20921,4
20922,4
20923,4
20924,4
20925,3
20926,4
20927,4
20928,5
20929,3
20930,5
20931,4
20932,6
20933,7
20934,5
20935,6
20936,7
20937,5
20938,6
20939,5
20940,6
20941,3
20942,2
20943,5
20944,6
20945,3
20946,3
20947,5
20948,4
20949,3
20950,4
20951,2
20952,1
20953,2
20954,5
20955,7
20956,6
20957,6
20958,3
20959,6
20960,2
20961,6
20962,5
20963,5
20964,5
20965,6
20966,7
20967,6
20968,4
20969,7
20970,9
20971,6
20972,7
20973,5
20974,4
20975,6
20976,3
20977,2
20978,2
20979,3
20980,1
20981,3
20982,5
20983,5
20984,5
20985,3
20986,3
20987,4
20988,4
20989,6
20990,4
20991,6
20992,4
20993,3
20994,4
20995,3
20996,3
20997,3
20998,2
20999,4
21000,4
21001,7
21002,8
21003,5
21004,8
21005,7
21006,6
21007,7
21008,6
21009,7
21010,6
21011,5
21012,6
21013,5
21014,4
21015,5
21016,2
21017,4
21018,5
21019,4
21020,4
21021,2
21022,3
21023,3
21024,4
21025,5
21026,5
21027,4
21028,4
21029,5
21030,2
21031,3
21032,3
21033,3
21034,5
21035,5
21036,4
21037,8
21038,8
21039,5
21040,4
21041,4
21042,4
21043,3
21044,4
21045,5
21046,6
21047,4
21048,4
21049,9
21050,9
21051,3
21052,3
21053,3
21054,2
21055,4
21056,3
21057,5
21058,5
21059,5
21060,6
21061,5
21062,4
21063,5
21064,6
21065,5
21066,4
21067,5
21068,7
21069,5
21070,6
21071,4
21072,7
21073,7
21074,6
21075,3
21076,5
21077,3
21078,5
21079,4
21080,4
21081,4
21082,4
21083,5
21084,4
21085,4
21086,2
21087,2
21088,6
21089,4
21090,4
21091,5
21092,5
21093,3
21094,4
21095,4
21096,5
21097,7
21098,5
21099,7
21100,5
21101,4
21102,5
21103,3
21104,3
21105,4
21106,5
21107,4
21108,6
21109,4
21110,4
21111,4
21112,4
21113,7
21114,6
21115,6
21116,5
21117,4
21118,3
21119,5
21120,3
21121,6
21122,5
21123,4
21124,4
21125,6
21126,7
21127,7
21128,5
21129,7
21130,7
21131,5
21132,8
21133,5
21134,3
21135,3
21136,4
21137,3
21138,2
21139,4
21140,3
21141,6
21142,5
21143,6
21144,4
21145,4
21146,3
21147,3
21148,6
21149,5
21150,3
21151,2
21152,3
21153,5
21154,6
21155,4
21156,6
21157,3
21158,5
21159,6
21160,4
21161,5
21162,4
21163,6
21164,3
21165,3
21166,4
21167,4
21168,5
21169,5
21170,4
21171,5
21172,5
21173,4
21174,3
21175,3
21176,2
21177,3
21178,5
21179,5
21180,4
21181,6
21182,4
21183,5
21184,3
21185,3
21186,4
21187,4
21188,4
21189,4
21190,5
21191,6
21192,4
21193,4
21194,5
21195,4
21196,3
21197,7
21198,6
21199,2
21200,5
21201,6
21202,5
21203,5
21204,4
21205,6
21206,7
21207,7
21208,6
21209,5
21210,6
21211,6
21212,4
21213,5
21214,5
21215,2
21216,7
21217,6
21218,6
21219,4
21220,6
21221,6
21222,4
21223,5
21224,3
21225,4
21226,3
21227,3
21228,3
21229,4
21230,2
21231,2
21232,4
21233,5
21234,4
21235,5
21236,6
21237,6
21238,5
21239,6
21240,5
21241,3
21242,4
21243,4
21244,4
21245,6
21246,5
21247,7
21248,4
21249,4
21250,6
21251,8
21252,5
21253,7
21254,8
21255,4
21256,5
21257,7
21258,7
21259,7
21260,4
21261,6
21262,5
21263,4
21264,5
21265,4
21266,2
21267,4
21268,4
21269,3
21270,3
21271,3
21272,4
21273,3
21274,2
21275,1
21276,2
21277,3
21278,5
21279,4
21280,3
21281,5
21282,6
21283,6
21284,4
21285,6
21286,4
21287,4
21288,8
21289,6
21290,5
21291,3
21292,7
21293,8
21294,7
21295,4
21296,5
21297,5
21298,6
21299,6
21300,6
21301,6
21302,4
21303,5
21304,3
21305,3
21306,2
21307,2
21308,3
21309,3
21310,3
21311,2
21312,6
21313,7
21314,10
21315,6
21316,3
21317,4
21318,4
21319,5
21320,1
21321,3
21322,4
21323,4
21324,1
21325,2
21326,3
21327,3
21328,4
21329,6
21330,5
21331,5
21332,6
21333,4
21334,4
21335,6
21336,6
21337,7
21338,7
21339,7
21340,4
21341,3
21342,3
21343,5
21344,1
21345,3
21346,4
21347,5
21348,5
21349,8
21350,6
21351,4
21352,5
21353,6
21354,3
21355,3
21356,5
21357,4
21358,5
21359,6
21360,5
21361,4
21362,3
21363,4
21364,3
21365,4
21366,5
21367,5
21368,3
21369,3
21370,4
21371,5
21372,6
21373,5
21374,4
21375,3
21376,1
21377,2
21378,3
21379,3
21380,4
21381,3
21382,3
21383,6
21384,2
21385,3
21386,3
21387,6
21388,6
21389,8
21390,6
21391,5
21392,6
21393,6
21394,7
21395,5
21396,8
21397,8
21398,4
21399,6
21400,7
21401,6
21402,5
21403,5
21404,5
21405,3
21406,2
21407,2
21408,4
21409,3
21410,6
21411,5
21412,2
21413,1
21414,3
21415,3
21416,3
21417,4
21418,5
21419,5
21420,3
21421,5
21422,9
21423,8
21424,9
21425,8
21426,8
21427,7
21428,6
21429,4
21430,6
21431,5
21432,4
21433,4
21434,4
21435,5
21436,5
21437,4
21438,3
21439,3
21440,5
21441,4
21442,6
21443,8
21444,5
21445,5
21446,3
21447,4
21448,5
21449,3
21450,3
21451,3
21452,3
21453,5
21454,4
21455,3
21456,4
21457,3
21458,4
21459,4
21460,4
21461,4
21462,2
21463,2
21464,2
21465,6
21466,5
21467,8
21468,7
21469,9
21470,8
21471,7
21472,4
21473,5
21474,6
21475,7
21476,6
21477,6
21478,4
21479,5
21480,4
21481,4
21482,3
21483,4
21484,4
21485,4
21486,3
21487,4
21488,5
21489,4
21490,5
21491,4
21492,4
21493,5
21494,5
21495,5
21496,5
21497,5
21498,5
21499,5
21500,5
21501,5
21502,5
21503,4
21504,4
21505,4
21506,4
21507,6
21508,4
21509,4
21510,5
21511,4
21512,4
21513,5
21514,5
21515,4
21516,6
21517,7
21518,6
21519,4
21520,6
21521,7
21522,6
21523,7
21524,8
21525,7
21526,5
21527,4
21528,6
21529,4
21530,3
21531,4
21532,3
21533,3
21534,3
21535,3
21536,5
21537,4
21538,4
21539,3
21540,3
21541,4
21542,7
21543,7
21544,5
21545,3
21546,3
21547,4
21548,4
21549,4
21550,6
21551,6
21552,5
21553,6
21554,5
21555,2
21556,4
21557,3
21558,3
21559,3
21560,5
21561,4
21562,3
21563,6
21564,5
21565,7
21566,6
21567,7
21568,1
21569,3
21570,7
21571,3
21572,3
21573,4
21574,4
21575,6
21576,7
21577,8
21578,7
21579,7
21580,6
21581,7
21582,5
21583,3
21584,4
21585,4
21586,6
21587,5
21588,5
21589,5
21590,6
21591,4
21592,5
21593,5
21594,4
21595,3
21596,3
21597,3
21598,3
21599,1
21600,6
21601,5
21602,5
21603,5
21604,4
21605,5
21606,4
21607,5
21608,5
21609,5
21610,7
21611,4
21612,4
21613,6
21614,5
21615,4
21616,6
21617,8
21618,6
21619,4
21620,4
21621,4
21622,5
21623,2
21624,3
21625,3
21626,3
21627,1
21628,2
21629,2
21630,5
21631,3
21632,2
21633,2
21634,1
21635,2
21636,2
21637,5
21638,6
21639,6
21640,5
21641,7
21642,7
21643,6
21644,4
21645,5
21646,5
21647,2
21648,5
21649,5
21650,6
21651,4
21652,3
21653,4
21654,5
21655,4
21656,3
21657,6
21658,5
21659,5
21660,5
21661,4
21662,4
21663,4
21664,6
21665,4
21666,5
21667,6
21668,5
21669,4
21670,3
21671,4
21672,2
21673,4
21674,4
21675,5
21676,6
21677,5
21678,3
21679,4
21680,6
21681,6
21682,6
21683,5
21684,6
21685,4
21686,5
21687,4
21688,3
21689,4
21690,4
21691,5
21692,5
21693,4
21694,5
21695,7
21696,5
21697,5
21698,6
21699,6
21700,4
21701,7
21702,6
21703,5
21704,2
21705,2
21706,5
21707,3
21708,4
21709,5
21710,4
21711,3
21712,3
21713,2
21714,2
21715,1
21716,4
21717,6
21718,3
21719,3
21720,3
21721,6
21722,10
21723,4
21724,2
21725,5
21726,6
21727,4
21728,3
21729,5
21730,5
21731,3
21732,2
21733,5
21734,5
21735,5
21736,6
21737,1
21738,3
21739,2
21740,3
21741,5
21742,7
21743,5
21744,3
21745,5
21746,4
21747,4
21748,4
21749,5
21750,8
21751,5
21752,4
21753,6
21754,6
21755,6
21756,4
21757,6
21758,6
21759,2
21760,5
21761,7
21762,7
21763,7
21764,10
21765,6
21766,4
21767,1
21768,3
21769,3
21770,4
21771,4
21772,4
21773,5
21774,4
21775,6
21776,5
21777,2
21778,2
21779,2
21780,2
21781,3
21782,3
21783,4
21784,5
21785,6
21786,6
21787,6
21788,4
21789,5
21790,4
21791,6
21792,9
21793,7
21794,6
21795,5
21796,3
21797,1
21798,2
21799,4
21800,7
21801,8
21802,6
21803,4
21804,2
21805,4
21806,3
21807,3
21808,5
21809,4
21810,1
21811,5
21812,4
21813,5
21814,5
21815,5
21816,6
21817,4
21818,5
21819,5
21820,6
21821,6
21822,4
21823,6
21824,4
21825,6
21826,3
21827,2
21828,3
21829,1
21830,2
21831,5
21832,5
21833,3
21834,5
21835,6
21836,5
21837,7
21838,6
21839,4
21840,4
21841,6
21842,5
21843,5
21844,4
21845,4
21846,6
21847,4
21848,3
21849,4
21850,6
21851,4
21852,3
21853,6
21854,6
21855,5
21856,5
21857,4
21858,4
21859,5
21860,3
21861,5
21862,5
21863,6
21864,6
21865,8
21866,5
21867,6
21868,6
21869,7
21870,2
21871,4
21872,4
21873,4
21874,4
21875,6
21876,5
21877,3
21878,4
21879,4
21880,3
21881,3
21882,3
21883,2
21884,4
21885,4
21886,4
21887,4
21888,7
21889,5
21890,4
21891,4
21892,5
21893,7
21894,8
21895,5
21896,6
21897,4
21898,3
21899,4
21900,2
21901,2
21902,2
21903,3
21904,4
21905,3
21906,4
21907,3
21908,5
21909,2
21910,4
21911,4
21912,5
21913,5
21914,5
21915,6
21916,5
21917,6
21918,6
21919,7
21920,3
21921,3
21922,6
21923,5
21924,5
21925,6
21926,9
21927,6
21928,5
21929,5
21930,5
21931,6
21932,5
21933,6
21934,7
21935,4
21936,3
21937,5
21938,5
21939,3
21940,2
21941,3
21942,3
21943,3
21944,3
21945,4
21946,3
21947,5
21948,4
21949,3
21950,3
21951,3
21952,4
21953,6
21954,6
21955,3
21956,4
21957,4
21958,4
21959,4
21960,5
21961,7
21962,6
21963,3
21964,3
21965,3
21966,4
21967,4
21968,4
21969,4
21970,4
21971,4
21972,6
21973,7
21974,3
21975,3
21976,5
21977,4
21978,4
21979,7
21980,8
21981,5
21982,5
21983,3
21984,6
21985,6
21986,7
21987,6
21988,6
21989,4
21990,4
21991,5
21992,4
21993,6
21994,5
21995,6
21996,3
21997,1
21998,4
21999,5
22000,6
22001,6
22002,4
22003,3
22004,2
22005,3
22006,3
22007,4
22008,4
22009,4
22010,4
22011,4
22012,4
22013,5
22014,5
22015,3
22016,6
22017,4
22018,5
22019,5
22020,4
22021,5
22022,5
22023,5
22024,6
22025,4
22026,3
22027,3
22028,7
22029,5
22030,3
22031,4
22032,7
22033,6
22034,5
22035,6
22036,5
22037,4
22038,4
22039,5
22040,4
22041,3
22042,3
22043,2
22044,5
22045,4
22046,2
22047,7
22048,6
22049,6
22050,6
22051,5
22052,5
22053,6
22054,5
22055,7
22056,7
22057,5
22058,4
22059,3
22060,3
22061,3
22062,4
22063,2
22064,2
22065,2
22066,3
22067,3
22068,4
22069,5
22070,5
22071,5
22072,5
22073,3
22074,2
22075,4
22076,6
22077,6
22078,4
22079,4
22080,4
22081,3
22082,3
22083,3
22084,4
22085,6
22086,6
22087,5
22088,5
22089,7
22090,4
22091,4
22092,6
22093,8
22094,8
22095,9
22096,8
22097,7
22098,8
22099,4
22100,1
22101,0
22102,3
22103,5
22104,4
22105,4
22106,4
22107,5
22108,3
22109,4
22110,3
22111,3
22112,2
22113,4
22114,4
22115,3
22116,3
22117,3
22118,4
22119,6
22120,4
22121,5
22122,5
22123,4
22124,5
22125,5
22126,6
22127,4
22128,5
22129,6
22130,7
22131,5
22132,7
22133,3
22134,6
22135,5
22136,6
22137,2
22138,3
22139,3
22140,5
22141,5
22142,5
22143,5
22144,2
22145,6
22146,6
22147,6
22148,4
22149,4
22150,5
22151,4
22152,3
22153,3
22154,3
22155,3
22156,2
22157,4
22158,6
22159,6
22160,6
22161,2
22162,3
22163,3
22164,3
22165,3
22166,7
22167,6
22168,4
22169,5
22170,6
22171,5
22172,4
22173,7
22174,5
22175,2
22176,4
22177,4
22178,5
22179,6
22180,3
22181,4
22182,4
22183,3
22184,5
22185,3
22186,4
22187,3
22188,3
22189,4
22190,6
22191,4
22192,3
22193,4
22194,4
22195,4
22196,6
22197,5
22198,5
22199,6
22200,6
22201,7
22202,7
22203,8
22204,5
22205,4
22206,3
22207,6
22208,3
22209,5
22210,5
22211,3
22212,4
22213,4
22214,3
22215,3
22216,4
22217,3
22218,2
22219,6
22220,6
22221,7
22222,5
22223,7
22224,6
22225,7
22226,5
22227,5
22228,5
22229,5
22230,3
22231,4
22232,6
22233,4
22234,4
22235,3
22236,2
22237,4
22238,5
22239,4
22240,6
22241,7
22242,5
22243,5
22244,6
22245,6
22246,5
22247,4
22248,3
22249,3
22250,4
22251,4
22252,3
22253,1
22254,3
22255,2
22256,7
22257,4
22258,4
22259,2
22260,3
22261,6
22262,5
22263,5
22264,2
22265,4
22266,7
22267,7
22268,6
22269,4
22270,4
22271,7
22272,4
22273,4
22274,6
22275,6
22276,7
22277,6
22278,5
22279,4
22280,4
22281,6
22282,5
22283,5
22284,5
22285,5
22286,5
22287,6
22288,4
22289,4
22290,3
22291,4
22292,5
22293,2
22294,3
22295,4
22296,5
22297,6
22298,3
22299,3
22300,6
22301,5
22302,4
22303,4
22304,4
22305,5
22306,6
22307,5
22308,4
22309,5
22310,1
22311,1
22312,4
22313,3
22314,5
22315,4
22316,2
22317,3
22318,4
22319,6
22320,6
22321,7
22322,4
22323,3
22324,5
22325,4
22326,7
22327,8
22328,6
22329,5
22330,4
22331,3
22332,5
22333,5
22334,6
22335,5
22336,3
22337,5
22338,4
22339,6
22340,5
22341,5
22342,4
22343,5
22344,5
22345,4
22346,3
22347,3
22348,3
22349,2
22350,1
22351,2
22352,3
22353,5
22354,3
22355,6
22356,6
22357,6
22358,6
22359,6
22360,4
22361,6
22362,7
22363,5
22364,6
22365,5
22366,4
22367,5
22368,4
22369,4
22370,2
22371,4
22372,5
22373,9
22374,8
22375,8
22376,7
22377,8
22378,6
22379,5
22380,4
22381,4
22382,5
22383,4
22384,3
22385,3
22386,4
22387,4
22388,2
22389,1
22390,2
22391,1
22392,2
22393,4
22394,5
22395,4
22396,6
22397,5
22398,4
22399,5
22400,3
22401,3
22402,6
22403,4
22404,4
22405,3
22406,3
22407,6
22408,5
22409,4
22410,6
22411,7
22412,6
22413,7
22414,6
22415,4
22416,4
22417,2
22418,3
22419,5
22420,6
22421,5
22422,4
22423,5
22424,5
22425,5
22426,4
22427,5
22428,5
22429,3
22430,5
22431,5
22432,7
22433,7
22434,6
22435,4
22436,5
22437,3
22438,4
22439,5
22440,5
22441,2
22442,3
22443,3
22444,3
22445,5
22446,5
22447,6
22448,7
22449,4
22450,5
22451,4
22452,5
22453,4
22454,2
22455,4
22456,4
22457,5
22458,4
22459,4
22460,4
22461,5
22462,6
22463,6
22464,4
22465,5
22466,7
22467,6
22468,6
22469,4
22470,4
22471,7
22472,7
22473,6
22474,7
22475,4
22476,4
22477,3
22478,3
22479,5
22480,5
22481,3
22482,3
22483,5
22484,5
22485,5
22486,5
22487,4
22488,3
22489,4
22490,4
22491,5
22492,5
22493,4
22494,3
22495,4
22496,8
22497,7
22498,7
22499,5
22500,4
22501,4
22502,2
22503,2
22504,5
22505,6
22506,7
22507,5
22508,4
22509,4
22510,6
22511,5
22512,5
22513,4
22514,5
22515,2
22516,2
22517,5
22518,4
22519,3
22520,5
22521,4
22522,3
22523,4
22524,5
22525,6
22526,6
22527,6
22528,5
22529,4
22530,2
22531,3
22532,2
22533,3
22534,3
22535,3
22536,3
22537,5
22538,7
22539,5
22540,6
22541,5
22542,4
22543,4
22544,4
22545,5
22546,6
22547,5
22548,7
22549,6
22550,6
22551,6
22552,6
22553,6
22554,8
22555,4
22556,4
22557,2
22558,4
22559,2
22560,3
22561,4
22562,3
22563,1
22564,1
22565,2
22566,2
22567,5
22568,9
22569,9
22570,6
22571,3
22572,3
22573,5
22574,6
22575,4
22576,4
22577,3
22578,4
22579,6
22580,7
22581,7
22582,5
22583,3
22584,2
22585,5
22586,4
22587,7
22588,7
22589,5
22590,2
22591,3
22592,9
22593,9
22594,8
22595,8
22596,7
22597,8
22598,11
22599,7
22600,6
22601,5
22602,5
22603,1
22604,4
22605,5
22606,4
22607,4
22608,2
22609,3
22610,3
22611,3
22612,3
22613,1
22614,1
22615,1
22616,1
22617,3
22618,6
22619,5
22620,4
22621,7
22622,6
22623,6
22624,5
22625,5
22626,7
22627,5
22628,8
22629,7
22630,6
22631,7
22632,4
22633,3
22634,4
22635,5
22636,5
22637,5
22638,4
22639,5
22640,4
22641,5
22642,3
22643,2
22644,4
22645,3
22646,3
22647,5
22648,4
22649,6
22650,5
22651,4
22652,4
22653,5
22654,5
22655,5
22656,6
22657,4
22658,5
22659,4
22660,3
22661,2
22662,4
22663,2
22664,3
22665,6
22666,5
22667,3
22668,2
22669,3
22670,5
22671,6
22672,7
22673,5
22674,2
22675,3
22676,6
22677,7
22678,7
22679,2
22680,5
22681,8
22682,5
22683,6
22684,4
22685,5
22686,4
22687,3
22688,4
22689,3
22690,3
22691,4
22692,4
22693,6
22694,5
22695,4
22696,3
22697,4
22698,6
22699,5
22700,4
22701,5
22702,5
22703,4
22704,4
22705,4
22706,3
22707,5
22708,7
22709,6
22710,4
22711,4
22712,4
22713,5
22714,5
22715,5
22716,3
22717,5
22718,6
22719,4
22720,4
22721,5
22722,6
22723,6
22724,3
22725,5
22726,5
22727,2
22728,4
22729,3
22730,4
22731,2
22732,4
22733,6
22734,6
22735,8
22736,7
22737,7
22738,4
22739,3
22740,3
22741,2
22742,5
22743,6
22744,6
22745,5
22746,4
22747,3
22748,3
22749,5
22750,6
22751,4
22752,2
22753,3
22754,7
22755,8
22756,7
22757,4
22758,5
22759,4
22760,5
22761,3
22762,4
22763,3
22764,5
22765,4
22766,3
22767,3
22768,4
22769,2
22770,4
22771,4
22772,4
22773,6
22774,4
22775,6
22776,6
22777,4
22778,5
22779,4
22780,4
22781,3
22782,4
22783,5
22784,5
22785,6
22786,5
22787,6
22788,5
22789,6
22790,6
22791,6
22792,4
22793,4
22794,2
22795,3
22796,4
22797,5
22798,5
22799,5
22800,3
22801,3
22802,4
22803,6
22804,6
22805,7
22806,7
22807,3
22808,5
22809,3
22810,2
22811,5
22812,6
22813,6
22814,7
22815,7
22816,5
22817,4
22818,5
22819,3
22820,3
22821,4
22822,3
22823,2
22824,0
22825,1
22826,4
22827,3
22828,3
22829,3
22830,5
22831,7
22832,6
22833,4
22834,6
22835,6
22836,7
22837,6
22838,8
22839,6
22840,8
22841,5
22842,4
22843,6
22844,6
22845,4
22846,7
22847,7
22848,6
22849,6
22850,7
22851,6
22852,7
22853,4
22854,4
22855,4
22856,6
22857,6
22858,6
22859,5
22860,6
22861,3
22862,4
22863,5
22864,5
22865,5
22866,4
22867,5
22868,4
22869,3
22870,2
22871,3
22872,5
22873,4
22874,3
22875,3
22876,4
22877,3
22878,2
22879,5
22880,5
22881,5
22882,6
22883,8
22884,6
22885,5
22886,5
22887,2
22888,3
22889,4
22890,4
22891,2
22892,2
22893,2
22894,6
22895,6
22896,3
22897,3
22898,3
22899,2
22900,5
22901,4
22902,3
22903,4
22904,6
22905,6
22906,6
22907,5
22908,8
22909,7
22910,5
22911,5
22912,3
22913,5
22914,6
22915,7
22916,4
22917,3
22918,5
22919,6
22920,3
22921,2
22922,3
22923,3
22924,6
22925,6
22926,6
22927,3
22928,4
22929,7
22930,5
22931,7
22932,5
22933,4
22934,5
22935,6
22936,6
22937,3
22938,5
22939,4
22940,3
22941,4
22942,3
22943,4
22944,4
22945,2
22946,1
22947,2
22948,1
22949,3
22950,6
22951,4
22952,5
22953,6
22954,6
22955,6
22956,9
22957,7
22958,5
22959,5
22960,5
22961,9
22962,10
22963,6
22964,7
22965,4
22966,3
22967,3
22968,4
22969,6
22970,6
22971,5
22972,3
22973,3
22974,3
22975,1
22976,4
22977,4
22978,4
22979,4
22980,5
22981,5
22982,3
22983,1
22984,1
22985,6
22986,6
22987,6
22988,6
22989,3
22990,2
22991,5
22992,6
22993,6
22994,4
22995,2
22996,1
22997,6
22998,7
22999,5
23000,5
23001,6
23002,4
23003,5
23004,4
23005,4
23006,5
23007,5
23008,3
23009,4
23010,3
23011,3
23012,4
23013,4
23014,7
23015,5
23016,3
23017,5
23018,4
23019,4
23020,4
23021,4
23022,5
23023,6
23024,4
23025,3
23026,5
23027,6
23028,5
23029,6
23030,3
23031,6
23032,6
23033,5
23034,5
23035,4
23036,5
23037,3
23038,3
23039,5
23040,4
23041,4
23042,4
23043,6
23044,4
23045,6
23046,6
23047,5
23048,4
23049,3
23050,5
23051,4
23052,6
23053,8
23054,6
23055,6
23056,5
23057,2
23058,1
23059,1
23060,2
23061,4
23062,2
23063,6
23064,6
23065,5
23066,3
23067,6
23068,5
23069,4
23070,3
23071,4
23072,7
23073,4
23074,7
23075,2
23076,2
23077,3
23078,6
23079,6
23080,5
23081,4
23082,5
23083,4
23084,5
23085,5
23086,5
23087,7
23088,7
23089,7
23090,3
23091,4
23092,5
23093,3
23094,2
23095,2
23096,3
23097,4
23098,6
23099,6
23100,5
23101,4
23102,4
23103,3
23104,6
23105,5
23106,5
23107,7
23108,4
23109,3
23110,7
23111,7
23112,7
23113,6
23114,4
23115,4
23116,2
23117,4
23118,3
23119,4
23120,4
23121,5
23122,5
23123,5
23124,5
23125,3
23126,3
23127,3
23128,4
23129,2
23130,4
23131,4
23132,3
23133,2
23134,4
23135,7
23136,3
23137,4
23138,5
23139,5
23140,3
23141,6
23142,4
23143,7
23144,6
23145,2
23146,4
23147,4
23148,3
23149,5
23150,5
23151,2
23152,3
23153,5
23154,5
23155,1
23156,4
23157,3
23158,4
23159,3
23160,4
23161,6
23162,6
23163,8
23164,6
23165,4
23166,5
23167,7
23168,3
23169,3
23170,3
23171,3
23172,5
23173,5
23174,6
23175,3
23176,4
23177,5
23178,5
23179,5
23180,6
23181,6
23182,7
23183,6
23184,8
23185,9
23186,4
23187,4
23188,5
23189,6
23190,5
23191,5
23192,5
23193,5
23194,3
23195,2
23196,2
23197,1
23198,1
23199,2
23200,4
23201,4
23202,5
23203,2
23204,2
23205,3
23206,2
23207,3
23208,4
23209,2
23210,1
23211,3
23212,5
23213,6
23214,5
23215,8
23216,7
23217,8
23218,8
23219,7
23220,7
23221,6
23222,6
23223,6
23224,4
23225,5
23226,6
23227,4
23228,2
23229,4
23230,4
23231,3
23232,3
23233,4
23234,3
23235,4
23236,5
23237,5
23238,8
23239,6
23240,5
23241,5
23242,5
23243,4
23244,6
23245,5
23246,5
23247,3
23248,3
23249,4
23250,6
23251,5
23252,6
23253,6
23254,4
23255,3
23256,4
23257,6
23258,6
23259,4
23260,4
23261,5
23262,4
23263,4
23264,2
23265,3
23266,4
23267,4
23268,5
23269,3
23270,2
23271,3
23272,5
23273,6
23274,6
23275,6
23276,7
23277,5
23278,3
23279,5
23280,5
23281,5
23282,6
23283,6
23284,6
23285,6
23286,7
23287,8
23288,5
23289,2
23290,2
23291,4
23292,4
23293,5
23294,5
23295,3
23296,5
23297,5
23298,5
23299,6
23300,4
23301,7
23302,8
23303,4
23304,3
23305,5
23306,3
23307,4
23308,3
23309,5
23310,5
23311,4
23312,4
23313,5
23314,6
23315,5
23316,3
23317,3
23318,1
23319,2
23320,3
23321,5
23322,4
23323,3
23324,4
23325,3
23326,4
23327,8
23328,3
23329,4
23330,3
23331,5
23332,4
23333,2
23334,3
23335,5
23336,4
23337,5
23338,6
23339,6
23340,5
23341,6
23342,9
23343,5
23344,6
23345,7
23346,5
23347,5
23348,6
23349,5
23350,7
23351,6
23352,4
23353,2
23354,2
23355,3
23356,3
23357,7
23358,4
23359,0
23360,5
23361,5
23362,2
23363,5
23364,6
23365,7
23366,7
23367,5
23368,4
23369,5
23370,9
23371,9
23372,6
23373,5
23374,5
23375,3
23376,7
23377,6
23378,6
23379,6
23380,6
23381,2
23382,1
23383,2
23384,1
23385,2
23386,4
23387,3
23388,1
23389,2
23390,3
23391,1
23392,7
23393,5
23394,4
23395,4
23396,4
23397,4
23398,4
23399,4
23400,3
23401,4
23402,6
23403,5
23404,7
23405,7
23406,8
23407,5
23408,5
23409,4
23410,3
23411,6
23412,4
23413,5
23414,3
23415,5
23416,4
23417,4
23418,5
23419,4
23420,2
23421,3
23422,3
23423,4
23424,6
23425,5
23426,6
23427,5
23428,5
23429,7
23430,3
23431,4
23432,4
23433,4
23434,5
23435,3
23436,4
23437,4
23438,5
23439,4
23440,4
23441,3
23442,3
23443,5
23444,3
23445,2
23446,6
23447,5
23448,3
23449,4
23450,6
23451,6
23452,5
23453,5
23454,5
23455,4
23456,4
23457,4
23458,5
23459,7
23460,9
23461,3
23462,3
23463,3
23464,3
23465,4
23466,3
23467,3
23468,2
23469,4
23470,5
23471,7
23472,4
23473,4
23474,4
23475,2
23476,4
23477,8
23478,6
23479,4
23480,3
23481,3
23482,5
23483,8
23484,4
23485,4
23486,6
23487,6
23488,4
23489,4
23490,5
23491,3
23492,4
23493,4
23494,4
23495,5
23496,6
23497,8
23498,6
23499,5
23500,5
23501,5
23502,4
23503,4
23504,1
23505,2
23506,3
23507,3
23508,4
23509,4
23510,5
23511,5
23512,6
23513,6
23514,7
23515,6
23516,5
23517,3
23518,2
23519,4
23520,5
23521,4
23522,3
23523,4
23524,3
23525,3
23526,5
23527,5
23528,4
23529,6
23530,7
23531,6
23532,4
23533,8
23534,6
23535,6
23536,4
23537,5
23538,4
23539,3
23540,3
23541,4
23542,3
23543,6
23544,7
23545,4
23546,3
23547,4
23548,3
23549,6
23550,3
23551,3
23552,4
23553,5
23554,7
23555,7
23556,6
23557,8
23558,5
23559,5
23560,5
23561,7
23562,7
23563,7
23564,7
23565,5
23566,4
23567,4
23568,3
23569,5
23570,4
23571,3
23572,5
23573,2
23574,2
23575,2
23576,2
23577,2
23578,3
23579,4
23580,6
23581,4
23582,3
23583,4
23584,4
23585,5
23586,3
23587,3
23588,4
23589,5
23590,4
23591,5
23592,6
23593,6
23594,4
23595,6
23596,7
23597,5
23598,6
23599,6
23600,5
23601,6
23602,6
23603,3
23604,3
23605,5
23606,6
23607,7
23608,2
23609,2
23610,1
23611,3
23612,4
23613,0
23614,2
23615,4
23616,4
23617,4
23618,5
23619,5
23620,3
23621,2
23622,3
23623,3
23624,3
23625,5
23626,5
23627,4
23628,5
23629,4
23630,5
23631,5
23632,5
23633,5
23634,6
23635,8
23636,8
23637,7
23638,7
23639,4
23640,2
23641,3
23642,2
23643,4
23644,3
23645,4
23646,3
23647,3
23648,2
23649,2
23650,3
23651,4
23652,3
23653,4
23654,4
23655,4
23656,9
23657,7
23658,7
23659,7
23660,5
23661,4
23662,5
23663,7
23664,7
23665,5
23666,5
23667,5
23668,3
23669,3
23670,5
23671,3
23672,4
23673,4
23674,5
23675,5
23676,6
23677,3
23678,5
23679,3
23680,5
23681,5
23682,5
23683,7
23684,6
23685,7
23686,6
23687,5
23688,2
23689,3
23690,4
23691,4
23692,4
23693,4
23694,3
23695,4
23696,4
23697,4
23698,6
23699,7
23700,5
23701,4
23702,4
23703,3
23704,3
23705,3
23706,3
23707,6
23708,4
23709,4
23710,5
23711,3
23712,5
23713,3
23714,0
23715,2
23716,2
23717,4
23718,2
23719,2
23720,3
23721,3
23722,4
23723,6
23724,7
23725,6
23726,7
23727,7
23728,7
23729,6
23730,6
23731,5
23732,5
23733,5
23734,7
23735,8
23736,5
23737,4
23738,7
23739,4
23740,3
23741,3
23742,3
23743,4
23744,3
23745,5
23746,4
23747,4
23748,3
23749,3
23750,3
23751,2
23752,4
23753,6
23754,4
23755,6
23756,5
23757,6
23758,5
23759,5
23760,6
23761,5
23762,5
23763,6
23764,5
23765,7
23766,8
23767,6
23768,4
23769,4
23770,3
23771,3
23772,3
23773,5
23774,5
23775,3
23776,6
23777,8
23778,4
23779,4
23780,5
23781,5
23782,4
23783,4
23784,3
23785,3
23786,4
23787,4
23788,7
23789,7
23790,5
23791,6
23792,5
23793,6
23794,6
23795,5
23796,4
23797,4
23798,3
23799,4
23800,3
23801,1
23802,1
23803,2
23804,2
23805,4
23806,5
23807,5
23808,6
23809,7
23810,6
23811,9
23812,4
23813,3
23814,2
23815,3
23816,5
23817,6
23818,6
23819,5
23820,4
23821,4
23822,4
23823,3
23824,2
23825,3
23826,3
23827,4
23828,3
23829,1
23830,3
23831,4
23832,5
23833,7
23834,7
23835,7
23836,3
23837,5
23838,7
23839,7
23840,5
23841,7
23842,8
23843,8
23844,9
23845,8
23846,6
23847,5
23848,2
23849,3
23850,4
23851,3
23852,3
23853,4
23854,6
23855,5
23856,4
23857,3
23858,2
23859,3
23860,3
23861,3
23862,4
23863,3
23864,4
23865,2
23866,5
23867,6
23868,5
23869,4
23870,2
23871,5
23872,5
23873,5
23874,6
23875,4
23876,2
23877,4
23878,5
23879,5
23880,4
23881,5
23882,6
23883,5
23884,5
23885,7
23886,6
23887,4
23888,4
23889,5
23890,5
23891,6
23892,6
23893,4
23894,4
23895,3
23896,3
23897,4
23898,1
23899,3
23900,4
23901,4
23902,5
23903,4
23904,4
23905,3
23906,6
23907,4
23908,4
23909,5
23910,5
23911,5
23912,4
23913,4
23914,4
23915,6
23916,4
23917,5
23918,5
23919,6
23920,6
23921,5
23922,6
23923,4
23924,4
23925,5
23926,2
23927,1
23928,3
23929,4
23930,6
23931,5
23932,4
23933,3
23934,3
23935,3
23936,4
23937,4
23938,5
23939,7
23940,3
23941,6
23942,3
23943,3
23944,3
23945,4
23946,4
23947,4
23948,5
23949,5
23950,6
23951,6
23952,4
23953,6
23954,4
23955,4
23956,5
23957,5
23958,8
23959,8
23960,4
23961,4
23962,4
23963,4
23964,4
23965,3
23966,4
23967,2
23968,4
23969,5
23970,6
23971,3
23972,4
23973,3
23974,3
23975,4
23976,6
23977,5
23978,6
23979,5
23980,3
23981,2
23982,4
23983,6
23984,4
23985,4
23986,5
23987,3
23988,3
23989,4
23990,3
23991,4
23992,6
23993,5
23994,5
23995,5
23996,5
23997,6
23998,6
23999,5
24000,8
24001,6
24002,4
24003,4
24004,5
24005,3
24006,4
24007,6
24008,7
24009,5
24010,3
24011,6
24012,4
24013,9
24014,4
24015,4
24016,5
24017,6
24018,7
24019,6
24020,3
24021,4
24022,3
24023,4
24024,2
24025,2
24026,2
24027,6
24028,5
24029,5
24030,10
24031,8
24032,5
24033,5
24034,6
24035,7
24036,6
24037,5
24038,4
24039,4
24040,4
24041,4
24042,4
24043,6
24044,6
24045,3
24046,5
24047,5
24048,4
24049,6
24050,4
24051,3
24052,5
24053,5
24054,3
24055,3
24056,4
24057,3
24058,4
24059,4
24060,4
24061,3
24062,6
24063,6
24064,3
24065,7
24066,3
24067,4
24068,6
24069,5
24070,2
24071,2
24072,3
24073,3
24074,4
24075,4
24076,4
24077,6
24078,4
24079,5
24080,7
24081,5
24082,4
24083,5
24084,5
24085,5
24086,6
24087,10
24088,5
24089,3
24090,4
24091,4
24092,6
24093,6
24094,2
24095,3
24096,4
24097,3
24098,5
24099,4
24100,8
24101,6
24102,5
24103,4
24104,4
24105,6
24106,5
24107,4
24108,5
24109,6
24110,4
24111,5
24112,5
24113,6
24114,5
24115,6
24116,7
24117,4
24118,5
24119,3
24120,5
24121,3
24122,3
24123,2
24124,3
24125,4
24126,2
24127,3
24128,4
24129,4
24130,4
24131,4
24132,5
24133,3
24134,3
24135,5
24136,4
24137,3
24138,4
24139,7
24140,5
24141,4
24142,6
24143,5
24144,8
24145,4
24146,3
24147,3
24148,5
24149,5
24150,6
24151,3
24152,2
24153,3
24154,4
24155,7
24156,4
24157,3
24158,5
24159,5
24160,5
24161,4
24162,5
24163,3
24164,5
24165,5
24166,5
24167,4
24168,4
24169,5
24170,3
24171,6
24172,5
24173,6
24174,4
24175,6
24176,3
24177,5
24178,2
24179,5
24180,4
24181,2
24182,4
24183,5
24184,6
24185,5
24186,5
24187,3
24188,2
24189,3
24190,7
24191,5
24192,4
24193,6
24194,5
24195,4
24196,5
24197,4
24198,6
24199,7
24200,6
24201,6
24202,5
24203,4
24204,4
24205,6
24206,8
24207,6
24208,6
24209,4
24210,5
24211,3
24212,4
24213,4
24214,3
24215,5
24216,7
24217,5
24218,4
24219,2
24220,3
24221,4
24222,2
24223,3
24224,6
24225,5
24226,4
24227,6
24228,4
24229,4
24230,5
24231,7
24232,8
24233,7
24234,5
24235,3
24236,4
24237,2
24238,3
24239,2
24240,3
24241,4
24242,5
24243,4
24244,4
24245,5
24246,3
24247,2
24248,3
24249,4
24250,3
24251,4
24252,6
24253,5
24254,5
24255,5
24256,8
24257,6
24258,6
24259,4
24260,6
24261,4
24262,3
24263,4
24264,5
24265,4
24266,5
24267,3
24268,3
24269,3
24270,2
24271,5
24272,4
24273,3
24274,3
24275,3
24276,5
24277,3
24278,4
24279,3
24280,4
24281,4
24282,4
24283,7
24284,3
24285,5
24286,6
24287,9
24288,3
24289,3
24290,7
24291,6
24292,4
24293,7
24294,9
24295,7
24296,4
24297,3
24298,3
24299,4
24300,4
24301,3
24302,5
24303,2
24304,4
24305,4
24306,4
24307,5
24308,3
24309,3
24310,3
24311,3
24312,5
24313,5
24314,7
24315,8
24316,3
24317,2
24318,5
24319,4
24320,5
24321,4
24322,3
24323,2
24324,4
24325,4
24326,4
24327,5
24328,5
24329,3
24330,3
24331,5
24332,5
24333,7
24334,4
24335,6
24336,3
24337,3
24338,5
24339,9
24340,6
24341,4
24342,4
24343,2
24344,3
24345,6
24346,5
24347,6
24348,5
24349,3
24350,4
24351,6
24352,3
24353,5
24354,4
24355,5
24356,4
24357,4
24358,3
24359,5
24360,5
24361,3
24362,1
24363,1
24364,1
24365,3
24366,6
24367,6
24368,5
24369,5
24370,4
24371,3
24372,2
24373,4
24374,6
24375,5
24376,8
24377,7
24378,8
24379,8
24380,6
24381,5
24382,4
24383,4
24384,4
24385,3
24386,3
24387,2
24388,4
24389,3
24390,3
24391,5
24392,4
24393,5
24394,5
24395,3
24396,4
24397,5
24398,4
24399,3
24400,5
24401,5
24402,2
24403,4
24404,5
24405,3
24406,4
24407,5
24408,5
24409,5
24410,5
24411,5
24412,6
24413,6
24414,8
24415,7
24416,4
24417,5
24418,4
24419,5
24420,4
24421,3
24422,2
24423,3
24424,2
24425,3
24426,4
24427,3
24428,3
24429,2
24430,4
24431,7
24432,7
24433,8
24434,5
24435,5
24436,8
24437,9
24438,7
24439,6
24440,7
24441,6
24442,6
24443,5
24444,6
24445,5
24446,4
24447,3
24448,4
24449,6
24450,6
24451,3
24452,2
24453,4
24454,5
24455,6
24456,4
24457,7
24458,5
24459,5
24460,5
24461,6
24462,8
24463,5
24464,1
24465,4
24466,5
24467,6
24468,3
24469,3
24470,5
24471,3
24472,3
24473,4
24474,2
24475,3
24476,4
24477,3
24478,4
24479,4
24480,5
24481,4
24482,3
24483,6
24484,3
24485,3
24486,2
24487,6
24488,4
24489,5
24490,4
24491,3
24492,3
24493,4
24494,4
24495,5
24496,6
24497,2
24498,4
24499,4
24500,3
24501,3
24502,4
24503,6
24504,4
24505,5
24506,6
24507,7
24508,7
24509,4
24510,8
24511,7
24512,3
24513,7
24514,4
24515,2
24516,4
24517,5
24518,2
24519,5
24520,5
24521,2
24522,2
24523,3
24524,7
24525,6
24526,5
24527,3
24528,8
24529,7
24530,6
24531,5
24532,2
24533,3
24534,3
24535,4
24536,5
24537,6
24538,5
24539,3
24540,5
24541,4
24542,4
24543,4
24544,3
24545,3
24546,3
24547,4
24548,4
24549,3
24550,4
24551,4
24552,3
24553,2
24554,4
24555,6
24556,5
24557,4
24558,6
24559,5
24560,4
24561,6
24562,7
24563,5
24564,6
24565,5
24566,7
24567,7
24568,6
24569,5
24570,5
24571,3
24572,6
24573,5
24574,6
24575,4
24576,6
24577,5
24578,3
24579,4
24580,4
24581,1
24582,4
24583,4
24584,3
24585,5
24586,4
24587,4
24588,5
24589,4
24590,4
24591,7
24592,5
24593,2
24594,3
24595,3
24596,5
24597,8
24598,6
24599,4
24600,5
24601,7
24602,6
24603,5
24604,8
24605,3
24606,6
24607,7
24608,7
24609,5
24610,3
24611,4
24612,5
24613,6
24614,3
24615,6
24616,5
24617,5
24618,8
24619,6
24620,7
24621,8
24622,7
24623,5
24624,9
24625,7
24626,6
24627,5
24628,5
24629,5
24630,4
24631,6
24632,6
24633,7
24634,8
24635,4
24636,1
24637,2
24638,4
24639,5
24640,3
24641,5
24642,5
24643,6
24644,5
24645,4
24646,4
24647,4
24648,4
24649,3
24650,4
24651,4
24652,4
24653,7
24654,8
24655,7
24656,3
24657,6
24658,5
24659,3
24660,4
24661,7
24662,5
24663,5
24664,6
24665,7
24666,7
24667,4
24668,3
24669,3
24670,4
24671,4
24672,9
24673,4
24674,3
24675,5
24676,6
24677,6
24678,5
24679,7
24680,4
24681,3
24682,5
24683,6
24684,4
24685,5
24686,9
24687,3
24688,1
24689,3
24690,2
24691,3
24692,4
24693,7
24694,8
24695,6
24696,4
24697,4
24698,6
24699,8
24700,7
24701,6
24702,6
24703,6
24704,9
24705,8
24706,6
24707,4
24708,1
24709,5
24710,5
24711,7
24712,6
24713,3
24714,4
24715,7
24716,5
24717,2
24718,2
24719,6
24720,6
24721,6
24722,6
24723,4
24724,4
24725,7
24726,5
24727,6
24728,7
24729,5
24730,2
24731,5
24732,8
24733,3
24734,6
24735,7
24736,7
24737,7
24738,6
24739,8
24740,9
24741,7
24742,9
24743,10
24744,9
24745,7
24746,4
24747,8
24748,8
24749,3
24750,5
24751,6
24752,7
24753,7
24754,8
24755,5
24756,4
24757,5
24758,2
24759,1
24760,1
24761,4
24762,4
24763,4
24764,4
24765,4
24766,3
24767,6
24768,4
24769,6
24770,5
24771,3
24772,4
24773,4
24774,4
24775,5
24776,5
24777,3
24778,6
24779,7
24780,5
24781,6
24782,5
24783,6
24784,5
24785,7
24786,6
24787,8
24788,8
24789,10
24790,8
24791,7
24792,7
24793,7
24794,2
24795,3
24796,6
24797,6
24798,4
24799,2
24800,5
24801,4
24802,6
24803,6
24804,5
24805,5
24806,5
24807,8
24808,4
24809,5
24810,7
24811,4
24812,2
24813,4
24814,6
24815,4
24816,4
24817,3
24818,4
24819,5
24820,5
24821,8
24822,4
24823,3
24824,3
24825,5
24826,6
24827,4
24828,4
24829,5
24830,5
24831,5
24832,2
24833,5
24834,3
24835,3
24836,4
24837,7
24838,6
24839,4
24840,5
24841,7
24842,5
24843,4
24844,5
24845,6
24846,6
24847,4
24848,6
24849,7
24850,7
24851,3
24852,2
24853,4
24854,3
24855,2
24856,4
24857,4
24858,5
24859,6
24860,2
24861,4
24862,5
24863,4
24864,5
24865,5
24866,5
24867,6
24868,2
24869,3
24870,2
24871,5
24872,8
24873,6
24874,4
24875,4
24876,4
24877,7
24878,6
24879,5
24880,6
24881,5
24882,5
24883,5
24884,6
24885,5
24886,4
24887,6
24888,6
24889,6
24890,6
24891,4
24892,3
24893,2
24894,3
24895,5
24896,6
24897,5
24898,2
24899,4
24900,3
24901,6
24902,5
24903,5
24904,7
24905,8
24906,4
24907,5
24908,5
24909,4
24910,4
24911,4
24912,3
24913,4
24914,7
24915,5
24916,4
24917,5
24918,5
24919,2
24920,2
24921,3
24922,3
24923,5
24924,3
24925,4
24926,7
24927,7
24928,5
24929,5
24930,3
24931,3
24932,5
24933,8
24934,7
24935,5
24936,7
24937,4
24938,1
24939,7
24940,6
24941,5
24942,8
24943,5
24944,5
24945,7
24946,5
24947,5
24948,4
24949,3
24950,5
24951,5
24952,3
24953,6
24954,3
24955,4
24956,4
24957,3
24958,4
24959,5
24960,6
24961,6
24962,7
24963,4
24964,5
24965,5
24966,2
24967,2
24968,4
24969,3
24970,4
24971,3
24972,6
24973,9
24974,7
24975,6
24976,7
24977,4
24978,5
24979,4
24980,6
24981,7
24982,6
24983,3
24984,3
24985,4
24986,4
24987,5
24988,7
24989,4
24990,5
24991,7
24992,5
24993,5
24994,7
24995,7
24996,4
24997,6
24998,2
24999,4
25000,3
25001,5
25002,5
25003,6
25004,5
25005,4
25006,8
25007,8
25008,6
25009,5
25010,5
25011,4
25012,5
25013,5
25014,5
25015,6
25016,4
25017,5
25018,3
25019,5
25020,5
25021,4
25022,6
25023,6
25024,4
25025,5
25026,6
25027,4
25028,6
25029,4
25030,3
25031,5
25032,7
25033,7
25034,5
25035,5
25036,7
25037,2
25038,7
25039,5
25040,3
25041,4
25042,3
25043,6
25044,5
25045,6
25046,4
25047,6
25048,6
25049,2
25050,6
25051,5
25052,5
25053,5
25054,6
25055,4
25056,4
25057,6
25058,6
25059,5
25060,4
25061,4
25062,4
25063,3
25064,4
25065,3
25066,4
25067,4
25068,4
25069,4
25070,5
25071,4
25072,5
25073,5
25074,4
25075,4
25076,4
25077,6
25078,5
25079,4
25080,3
25081,6
25082,6
25083,7
25084,7
25085,7
25086,5
25087,3
25088,3
25089,4
25090,3
25091,5
25092,5
25093,4
25094,3
25095,4
25096,7
25097,3
25098,4
25099,5
25100,5
25101,7
25102,5
25103,4
25104,4
25105,5
25106,5
25107,3
25108,3
25109,3
25110,5
25111,4
25112,4
25113,4
25114,6
25115,7
25116,6
25117,5
25118,4
25119,4
25120,5
25121,6
25122,5
25123,7
25124,7
25125,4
25126,4
25127,4
25128,2
25129,3
25130,2
25131,1
25132,4
25133,3
25134,3
25135,4
25136,5
25137,5
25138,4
25139,5
25140,4
25141,3
25142,3
25143,4
25144,5
25145,4
25146,5
25147,5
25148,6
25149,6
25150,5
25151,5
25152,4
25153,5
25154,6
25155,5
25156,5
25157,5
25158,4
25159,7
25160,7
25161,5
25162,3
25163,3
25164,5
25165,6
25166,8
25167,4
25168,4
25169,4
25170,4
25171,3
25172,4
25173,4
25174,6
25175,2
25176,4
25177,6
25178,5
25179,5
25180,5
25181,6
25182,6
25183,5
25184,4
25185,2
25186,6
25187,4
25188,3
25189,7
25190,4
25191,5
25192,9
25193,5
25194,6
25195,3
25196,4
25197,2
25198,4
25199,4
25200,5
25201,5
25202,3
25203,4
25204,5
25205,2
25206,3
25207,2
25208,4
25209,6
25210,5
25211,7
25212,5
25213,3
25214,4
25215,2
25216,3
25217,3
25218,2
25219,2
25220,2
25221,5
25222,6
25223,6
25224,6
25225,4
25226,4
25227,5
25228,5
25229,5
25230,3
25231,4
25232,5
25233,4
25234,6
25235,6
25236,6
25237,5
25238,6
25239,6
25240,5
25241,7
25242,6
25243,6
25244,6
25245,4
25246,4
25247,3
25248,4
25249,9
25250,8
25251,3
25252,3
25253,5
25254,4
25255,3
25256,6
25257,7
25258,5
25259,3
25260,3
25261,7
25262,10
25263,6
25264,2
25265,4
25266,2
25267,4
25268,3
25269,6
25270,9
25271,8
25272,5
25273,3
25274,3
25275,5
25276,6
25277,3
25278,2
25279,0
25280,1
25281,5
25282,5
25283,4
25284,4
25285,2
25286,2
25287,3
25288,2
25289,4
25290,6
25291,3
25292,5
25293,6
25294,4
25295,5
25296,5
25297,4
25298,5
25299,5
25300,4
25301,7
25302,4
25303,6
25304,2
25305,3
25306,5
25307,4
25308,5
25309,4
25310,5
25311,6
25312,2
25313,5
25314,7
25315,6
25316,5
25317,4
25318,3
25319,6
25320,8
25321,5
25322,5
25323,6
25324,6
25325,2
25326,3
25327,3
25328,2
25329,6
25330,8
25331,6
25332,4
25333,5
25334,8
25335,7
25336,3
25337,2
25338,3
25339,2
25340,3
25341,3
25342,4
25343,4
25344,5
25345,3
25346,3
25347,4
25348,3
25349,4
25350,4
25351,3
25352,4
25353,8
25354,4
25355,3
25356,4
25357,5
25358,5
25359,5
25360,4
25361,4
25362,6
25363,6
25364,5
25365,4
25366,5
25367,5
25368,5
25369,5
25370,5
25371,4
25372,4
25373,5
25374,6
25375,6
25376,3
25377,4
25378,3
25379,4
25380,3
25381,2
25382,4
25383,4
25384,5
25385,5
25386,6
25387,3
25388,3
25389,5
25390,4
25391,7
25392,6
25393,6
25394,6
25395,3
25396,6
25397,4
25398,5
25399,3
25400,3
25401,5
25402,5
25403,4
25404,5
25405,8
25406,5
25407,4
25408,6
25409,7
25410,4
25411,3
25412,3
25413,4
25414,6
25415,6
25416,6
25417,5
25418,5
25419,5
25420,5
25421,5
25422,5
25423,4
25424,5
25425,6
25426,4
25427,6
25428,4
25429,4
25430,2
25431,6
25432,5
25433,3
25434,3
25435,8
25436,5
25437,0
25438,2
25439,4
25440,4
25441,3
25442,3
25443,5
25444,4
25445,2
25446,4
25447,4
25448,6
25449,5
25450,5
25451,5
25452,5
25453,7
25454,8
25455,8
25456,7
25457,6
25458,4
25459,6
25460,6
25461,6
25462,4
25463,5
25464,4
25465,6
25466,3
25467,3
25468,3
25469,3
25470,3
25471,3
25472,4
25473,4
25474,4
25475,7
25476,7
25477,4
25478,3
25479,6
25480,4
25481,7
25482,8
25483,4
25484,3
25485,1
25486,5
25487,6
25488,5
25489,6
25490,7
25491,7
25492,6
25493,4
25494,2
25495,4
25496,5
25497,4
25498,6
25499,5
25500,3
25501,4
25502,7
25503,8
25504,5
25505,4
25506,3
25507,3
25508,3
25509,5
25510,4
25511,4
25512,5
25513,5
25514,7
25515,8
25516,6
25517,7
25518,5
25519,4
25520,6
25521,5
25522,7
25523,8
25524,5
25525,8
25526,6
25527,5
25528,4
25529,4
25530,3
25531,2
25532,4
25533,2
25534,3
25535,2
25536,7
25537,4
25538,4
25539,4
25540,5
25541,2
25542,3
25543,5
25544,6
25545,4
25546,4
25547,4
25548,6
25549,6
25550,7
25551,5
25552,4
25553,2
25554,2
25555,5
25556,5
25557,6
25558,5
25559,6
25560,8
25561,7
25562,5
25563,4
25564,4
25565,4
25566,2
25567,5
25568,6
25569,5
25570,5
25571,4
25572,3
25573,5
25574,3
25575,2
25576,2
25577,1
25578,1
25579,1
25580,1
25581,2
25582,4
25583,3
25584,4
25585,5
25586,7
25587,5
25588,7
25589,7
25590,9
25591,9
25592,6
25593,6
25594,5
25595,4
25596,7
25597,7
25598,8
25599,7
25600,4
25601,3
25602,4
25603,5
25604,5
25605,4
25606,4
25607,4
25608,5
25609,4
25610,6
25611,5
25612,5
25613,2
25614,2
25615,2
25616,3
25617,7
25618,6
25619,4
25620,6
25621,5
25622,7
25623,6
25624,6
25625,7
25626,5
25627,5
25628,6
25629,4
25630,5
25631,3
25632,2
25633,1
25634,2
25635,2
25636,1
25637,1
25638,1
25639,3
25640,4
25641,3
25642,4
25643,6
25644,6
25645,5
25646,8
25647,8
25648,8
25649,8
25650,9
25651,7
25652,7
25653,8
25654,9
25655,8
25656,6
25657,6
25658,4
25659,3
25660,3
25661,3
25662,3
25663,2
25664,3
25665,2
25666,4
25667,4
25668,4
25669,4
25670,7
25671,6
25672,4
25673,4
25674,5
25675,5
25676,6
25677,6
25678,4
25679,4
25680,4
25681,3
25682,6
25683,7
25684,5
25685,4
25686,3
25687,4
25688,5
25689,5
25690,5
25691,8
25692,6
25693,4
25694,2
25695,6
25696,4
25697,6
25698,7
25699,6
25700,6
25701,4
25702,5
25703,4
25704,5
25705,3
25706,2
25707,3
25708,2
25709,3
25710,1
25711,5
25712,5
25713,9
25714,6
25715,5
25716,5
25717,7
25718,6
25719,6
25720,6
25721,5
25722,5
25723,5
25724,5
25725,3
25726,3
25727,4
25728,3
25729,4
25730,5
25731,3
25732,4
25733,4
25734,7
25735,8
25736,6
25737,5
25738,5
25739,6
25740,3
25741,4
25742,4
25743,6
25744,3
25745,4
25746,4
25747,4
25748,5
25749,5
25750,2
25751,2
25752,4
25753,6
25754,8
25755,5
25756,4
25757,5
25758,3
25759,3
25760,4
25761,4
25762,4
25763,4
25764,3
25765,2
25766,5
25767,4
25768,4
25769,5
25770,4
25771,4
25772,5
25773,6
25774,3
25775,6
25776,5
25777,6
25778,9
25779,7
25780,5
25781,5
25782,5
25783,4
25784,4
25785,4
25786,3
25787,5
25788,5
25789,4
25790,4
25791,4
25792,4
25793,4
25794,4
25795,4
25796,5
25797,5
25798,7
25799,7
25800,6
25801,5
25802,4
25803,3
25804,3
25805,5
25806,5
25807,7
25808,5
25809,6
25810,6
25811,6
25812,3
25813,4
25814,6
25815,7
25816,5
25817,5
25818,3
25819,3
25820,4
25821,3
25822,4
25823,4
25824,5
25825,5
25826,3
25827,4
25828,6
25829,6
25830,4
25831,8
25832,8
25833,9
25834,4
25835,3
25836,2
25837,3
25838,5
25839,4
25840,4
25841,6
25842,5
25843,6
25844,6
25845,5
25846,4
25847,4
25848,3
25849,1
25850,3
25851,4
25852,3
25853,3
25854,3
25855,5
25856,3
25857,5
25858,3
25859,4
25860,2
25861,2
25862,3
25863,3
25864,4
25865,4
25866,5
25867,4
25868,4
25869,5
25870,7
25871,8
25872,6
25873,6
25874,5
25875,4
25876,6
25877,5
25878,7
25879,5
25880,4
25881,5
25882,6
25883,5
25884,5
25885,6
25886,4
25887,3
25888,3
25889,4
25890,3
25891,4
25892,5
25893,5
25894,2
25895,3
25896,6
25897,7
25898,5
25899,6
25900,5
25901,4
25902,4
25903,7
25904,6
25905,5
25906,7
25907,8
25908,9
25909,6
25910,6
25911,3
25912,3
25913,5
25914,3
25915,4
25916,5
25917,3
25918,3
25919,3
25920,4
25921,4
25922,4
25923,5
25924,7
25925,5
25926,2
25927,5
25928,4
25929,4
25930,1
25931,4
25932,7
25933,6
25934,3
25935,2
25936,3
25937,1
25938,6
25939,7
25940,2
25941,8
25942,6
25943,4
25944,2
25945,6
25946,5
25947,9
25948,4
25949,1
25950,5
25951,4
25952,4
25953,5
25954,5
25955,4
25956,3
25957,6
25958,3
25959,4
25960,4
25961,4
25962,5
25963,5
25964,4
25965,4
25966,4
25967,6
25968,7
25969,3
25970,5
25971,4
25972,5
25973,4
25974,7
25975,5
25976,5
25977,6
25978,4
25979,6
25980,7
25981,4
25982,4
25983,4
25984,3
25985,5
25986,6
25987,5
25988,6
25989,5
25990,6
25991,8
25992,7
25993,7
25994,5
25995,5
25996,5
25997,6
25998,6
25999,4
26000,5
26001,4
26002,4
26003,6
26004,4
26005,3
26006,3
26007,4
26008,5
26009,5
26010,6
26011,2
26012,1
26013,3
26014,3
26015,5
26016,3
26017,4
26018,5
26019,5
26020,4
26021,3
26022,5
26023,5
26024,5
26025,5
26026,6
26027,6
26028,5
26029,5
26030,5
26031,5
26032,5
26033,3
26034,2
26035,4
26036,5
26037,4
26038,4
26039,4
26040,3
26041,4
26042,6
26043,5
26044,7
26045,5
26046,3
26047,4
26048,6
26049,5
26050,4
26051,4
26052,5
26053,4
26054,4
26055,3
26056,3
26057,6
26058,6
26059,5
26060,5
26061,3
26062,4
26063,4
26064,2
26065,5
26066,5
26067,5
26068,5
26069,5
26070,7
26071,5
26072,5
26073,6
26074,7
26075,5
26076,5
26077,5
26078,4
26079,5
26080,6
26081,5
26082,4
26083,3
26084,1
26085,3
26086,5
26087,5
26088,5
26089,4
26090,6
26091,3
26092,3
26093,4
26094,4
26095,5
26096,4
26097,5
26098,4
26099,3
26100,5
26101,5
26102,8
26103,7
26104,6
26105,5
26106,6
26107,3
26108,5
26109,5
26110,6
26111,4
26112,5
26113,6
26114,4
26115,5
26116,5
26117,3
26118,3
26119,5
26120,5
26121,5
26122,7
26123,5
26124,5
26125,6
26126,4
26127,3
26128,3
26129,1
26130,1
26131,3
26132,5
26133,5
26134,5
26135,4
26136,5
26137,5
26138,4
26139,5
26140,5
26141,4
26142,6
26143,6
26144,2
26145,5
26146,4
26147,3
26148,5
26149,5
26150,4
26151,5
26152,4
26153,3
26154,6
26155,3
26156,5
26157,6
26158,6
26159,5
26160,5
26161,5
26162,6
26163,5
26164,6
26165,6
26166,6
26167,3
26168,4
26169,5
26170,6
26171,5
26172,5
26173,5
26174,4
26175,3
26176,5
26177,6
26178,4
26179,6
26180,6
26181,6
26182,4
26183,3
26184,5
26185,5
26186,6
26187,7
26188,6
26189,4
26190,3
26191,4
26192,4
26193,3
26194,4
26195,7
26196,5
26197,7
26198,5
26199,3
26200,4
26201,7
26202,5
26203,5
26204,4
26205,4
26206,5
26207,4
26208,6
26209,4
26210,6
26211,3
26212,4
26213,7
26214,6
26215,7
26216,7
26217,4
26218,4
26219,4
26220,4
26221,4
26222,6
26223,4
26224,5
26225,7
26226,6
26227,6
26228,5
26229,2
26230,3
26231,3
26232,5
26233,5
26234,7
26235,6
26236,3
26237,3
26238,3
26239,4
26240,3
26241,2
26242,5
26243,3
26244,2
26245,3
26246,5
26247,4
26248,6
26249,7
26250,6
26251,3
26252,3
26253,3
26254,3
26255,6
26256,7
26257,8
26258,5
26259,5
26260,4
26261,6
26262,8
26263,5
26264,5
26265,5
26266,4
26267,8
26268,6
26269,5
26270,2
26271,4
26272,7
26273,7
26274,5
26275,4
26276,5
26277,4
26278,4
26279,4
26280,3
26281,3
26282,3
26283,4
26284,4
26285,4
26286,4
26287,4
26288,4
26289,5
26290,4
26291,5
26292,5
26293,4
26294,5
26295,5
26296,5
26297,4
26298,5
26299,5
26300,5
26301,3
26302,7
26303,6
26304,4
26305,4
26306,6
26307,2
26308,4
26309,4
26310,7
26311,7
26312,6
26313,5
26314,2
26315,3
26316,2
26317,3
26318,6
26319,5
26320,5
26321,5
26322,7
26323,7
26324,4
26325,5
26326,3
26327,4
26328,3
26329,3
26330,6
26331,4
26332,5
26333,6
26334,3
26335,2
26336,4
26337,3
26338,7
26339,3
26340,2
26341,5
26342,5
26343,6
26344,5
26345,5
26346,7
26347,7
26348,4
26349,8
26350,8
26351,6
26352,5
26353,5
26354,4
26355,4
26356,3
26357,2
26358,4
26359,6
26360,4
26361,3
26362,4
26363,4
26364,4
26365,4
26366,4
26367,1
26368,4
26369,3
26370,3
26371,4
26372,5
26373,3
26374,4
26375,3
26376,3
26377,2
26378,3
26379,5
26380,6
26381,6
26382,4
26383,7
26384,4
26385,7
26386,6
26387,7
26388,6
26389,5
26390,3
26391,2
26392,3
26393,3
26394,6
26395,5
26396,6
26397,6
26398,4
26399,5
26400,3
26401,3
26402,4
26403,6
26404,6
26405,5
26406,6
26407,7
26408,5
26409,4
26410,4
26411,3
26412,4
26413,4
26414,6
26415,6
26416,7
26417,4
26418,4
26419,5
26420,2
26421,3
26422,4
26423,5
26424,7
26425,5
26426,3
26427,5
26428,6
26429,6
26430,4
26431,4
26432,4
26433,4
26434,3
26435,3
26436,3
26437,3
26438,3
26439,4
26440,4
26441,5
26442,5
26443,4
26444,4
26445,6
26446,6
26447,6
26448,6
26449,6
26450,6
26451,5
26452,8
26453,7
26454,4
26455,6
26456,7
26457,6
26458,5
26459,5
26460,5
26461,5
26462,6
26463,6
26464,7
26465,5
26466,5
26467,7
26468,4
26469,4
26470,4
26471,6
26472,6
26473,8
26474,6
26475,3
26476,2
26477,3
26478,6
26479,5
26480,5
26481,4
26482,3
26483,7
26484,9
26485,8
26486,6
26487,4
26488,3
26489,2
26490,2
26491,2
26492,4
26493,4
26494,2
26495,5
26496,7
26497,6
26498,5
26499,4
26500,4
26501,3
26502,3
26503,4
26504,3
26505,5
26506,3
26507,2
26508,3
26509,2
26510,1
26511,1
26512,2
26513,3
26514,4
26515,4
26516,3
26517,5
26518,5
26519,4
26520,7
26521,8
26522,7
26523,9
26524,8
26525,7
26526,6
26527,7
26528,5
26529,5
26530,5
26531,6
26532,7
26533,7
26534,4
26535,3
26536,4
26537,4
26538,4
26539,3
26540,5
26541,6
26542,5
26543,4
26544,4
26545,5
26546,3
26547,5
26548,6
26549,4
26550,3
26551,4
26552,6
26553,7
26554,7
26555,5
26556,5
26557,5
26558,6
26559,5
26560,6
26561,3
26562,5
26563,5
26564,8
26565,3
26566,4
26567,5
26568,4
26569,4
26570,4
26571,3
26572,5
26573,6
26574,4
26575,4
26576,2
26577,3
26578,4
26579,6
26580,5
26581,5
26582,4
26583,5
26584,4
26585,3
26586,3
26587,6
26588,4
26589,3
26590,6
26591,7
26592,6
26593,5
26594,3
26595,3
26596,3
26597,4
26598,3
26599,3
26600,3
26601,6
26602,5
26603,4
26604,4
26605,3
26606,3
26607,4
26608,3
26609,5
26610,6
26611,7
26612,7
26613,5
26614,6
26615,7
26616,6
26617,5
26618,4
26619,3
26620,5
26621,5
26622,6
26623,5
26624,5
26625,5
26626,3
26627,3
26628,6
26629,4
26630,6
26631,4
26632,3
26633,5
26634,3
26635,3
26636,3
26637,2
26638,5
26639,7
26640,4
26641,5
26642,8
26643,7
26644,3
26645,2
26646,4
26647,7
26648,5
26649,5
26650,4
26651,3
26652,5
26653,7
26654,7
26655,5
26656,6
26657,5
26658,5
26659,7
26660,7
26661,8
26662,5
26663,5
26664,4
26665,3
26666,4
26667,4
26668,4
26669,5
26670,4
26671,3
26672,5
26673,4
26674,4
26675,2
26676,6
26677,5
26678,5
26679,5
26680,6
26681,4
26682,5
26683,4
26684,4
26685,3
26686,3
26687,4
26688,3
26689,2
26690,4
26691,2
26692,4
26693,4
26694,3
26695,6
26696,9
26697,5
26698,4
26699,8
26700,5
26701,3
26702,4
26703,6
26704,6
26705,5
26706,2
26707,3
26708,5
26709,4
26710,5
26711,6
26712,4
26713,3
26714,3
26715,5
26716,5
26717,7
26718,6
26719,7
26720,4
26721,6
26722,7
26723,9
26724,9
26725,8
26726,6
26727,4
26728,3
26729,6
26730,3
26731,3
26732,3
26733,6
26734,3
26735,4
26736,6
26737,7
26738,6
26739,2
26740,2
26741,3
26742,2
26743,1
26744,2
26745,3
26746,4
26747,6
26748,6
26749,5
26750,7
26751,6
26752,5
26753,4
26754,5
26755,5
26756,5
26757,4
26758,4
26759,6
26760,5
26761,5
26762,5
26763,4
26764,4
26765,5
26766,6
26767,5
26768,5
26769,6
26770,4
26771,5
26772,4
26773,5
26774,7
26775,5
26776,4
26777,5
26778,5
26779,4
26780,2
26781,4
26782,5
26783,6
26784,2
26785,4
26786,5
26787,7
26788,6
26789,7
26790,6
26791,7
26792,6
26793,5
26794,4
26795,3
26796,5
26797,4
26798,6
26799,4
26800,4
26801,5
26802,3
26803,3
26804,2
26805,1
26806,3
26807,5
26808,4
26809,3
26810,5
26811,7
26812,6
26813,5
26814,3
26815,3
26816,5
26817,6
26818,5
26819,5
26820,4
26821,5
26822,6
26823,5
26824,1
26825,3
26826,5
26827,3
26828,5
26829,3
26830,4
26831,5
26832,5
26833,3
26834,5
26835,4
26836,4
26837,5
26838,2
26839,7
26840,6
26841,5
26842,6
26843,6
26844,3
26845,8
26846,7
26847,5
26848,3
26849,3
26850,3
26851,5
26852,3
26853,7
26854,4
26855,6
26856,5
26857,5
26858,5
26859,4
26860,5
26861,6
26862,4
26863,7
26864,3
26865,4
26866,3
26867,6
26868,5
26869,5
26870,4
26871,2
26872,5
26873,5
26874,5
26875,3
26876,6
26877,5
26878,6
26879,3
26880,4
26881,3
26882,4
26883,7
26884,6
26885,5
26886,5
26887,5
26888,3
26889,4
26890,4
26891,4
26892,4
26893,4
26894,2
26895,4
26896,5
26897,5
26898,5
26899,3
26900,3
26901,6
26902,5
26903,5
26904,5
26905,3
26906,7
26907,4
26908,5
26909,4
26910,3
26911,5
26912,4
26913,4
26914,5
26915,7
26916,6
26917,8
26918,6
26919,4
26920,5
26921,6
26922,6
26923,5
26924,5
26925,4
26926,5
26927,5
26928,5
26929,5
26930,5
26931,7
26932,4
26933,4
26934,5
26935,3
26936,3
26937,3
26938,4
26939,3
26940,3
26941,2
26942,3
26943,4
26944,5
26945,8
26946,9
26947,9
26948,4
26949,2
26950,5
26951,5
26952,6
26953,8
26954,4
26955,6
26956,6
26957,5
26958,4
26959,6
26960,6
26961,3
26962,5
26963,2
26964,3
26965,5
26966,6
26967,6
26968,5
26969,3
26970,3
26971,6
26972,6
26973,4
26974,3
26975,3
26976,5
26977,6
26978,7
26979,5
26980,7
26981,3
26982,0
26983,5
26984,3
26985,6
26986,7
26987,7
26988,4
26989,5
26990,4
26991,6
26992,6
26993,4
26994,4
26995,3
26996,5
26997,6
26998,5
26999,4
27000,2
27001,5
27002,1
27003,1
27004,1
27005,4
27006,3
27007,8
27008,3
27009,2
27010,2
27011,4
27012,4
27013,5
27014,6
27015,4
27016,5
27017,7
27018,6
27019,5
27020,6
27021,4
27022,4
27023,5
27024,4
27025,4
27026,5
27027,7
27028,4
27029,3
27030,3
27031,3
27032,4
27033,7
27034,7
27035,7
27036,7
27037,5
27038,4
27039,4
27040,2
27041,4
27042,3
27043,4
27044,4
27045,3
27046,4
27047,7
27048,5
27049,5
27050,6
27051,7
27052,6
27053,7
27054,6
27055,9
27056,4
27057,6
27058,6
27059,6
27060,6
27061,6
27062,5
27063,7
27064,6
27065,4
27066,2
27067,2
27068,1
27069,1
27070,4
27071,2
27072,3
27073,7
27074,6
27075,4
27076,4
27077,6
27078,5
27079,5
27080,3
27081,2
27082,3
27083,4
27084,3
27085,4
27086,3
27087,1
27088,3
27089,3
27090,4
27091,3
27092,4
27093,5
27094,6
27095,5
27096,9
27097,7
27098,7
27099,4
27100,3
27101,7
27102,6
27103,4
27104,8
27105,9
27106,5
27107,7
27108,6
27109,4
27110,4
27111,3
27112,4
27113,4
27114,3
27115,5
27116,5
27117,6
27118,4
27119,2
27120,3
27121,2
27122,3
27123,5
27124,6
27125,3
27126,3
27127,3
27128,3
27129,2
27130,4
27131,5
27132,6
27133,7
27134,5
27135,5
27136,5
27137,7
27138,7
27139,8
27140,5
27141,4
27142,5
27143,5
27144,3
27145,5
27146,3
27147,5
27148,5
27149,5
27150,3
27151,4
27152,4
27153,6
27154,4
27155,3
27156,1
27157,4
27158,2
27159,4
27160,3
27161,6
27162,3
27163,3
27164,5
27165,6
27166,7
27167,4
27168,3
27169,4
27170,5
27171,2
27172,4
27173,4
27174,2
27175,4
27176,3
27177,2
27178,5
27179,6
27180,6
27181,3
27182,7
27183,7
27184,4
27185,4
27186,7
27187,3
27188,5
27189,7
27190,2
27191,2
27192,5
27193,4
27194,3
27195,4
27196,2
27197,3
27198,4
27199,5
27200,4
27201,5
27202,5
27203,3
27204,4
27205,3
27206,3
27207,3
27208,2
27209,2
27210,2
27211,3
27212,2
27213,3
27214,5
27215,5
27216,4
27217,5
27218,7
27219,7
27220,7
27221,6
27222,6
27223,7
27224,5
27225,9
27226,7
27227,5
27228,7
27229,8
27230,5
27231,7
27232,3
27233,5
27234,3
27235,3
27236,5
27237,5
27238,4
27239,7
27240,3
27241,3
27242,6
27243,5
27244,5
27245,3
27246,6
27247,8
27248,5
27249,4
27250,5
27251,6
27252,6
27253,8
27254,6
27255,5
27256,5
27257,6
27258,4
27259,3
27260,3
27261,2
27262,6
27263,2
27264,6
27265,8
27266,8
27267,9
27268,3
27269,5
27270,5
27271,4
27272,7
27273,6
27274,5
27275,4
27276,2
27277,6
27278,5
27279,3
27280,2
27281,2
27282,4
27283,5
27284,2
27285,3
27286,3
27287,1
27288,3
27289,5
27290,4
27291,5
27292,5
27293,5
27294,5
27295,5
27296,4
27297,5
27298,5
27299,3
27300,4
27301,2
27302,3
27303,3
27304,3
27305,1
27306,2
27307,2
27308,4
27309,4
27310,3
27311,4
27312,2
27313,6
27314,4
27315,4
27316,7
27317,7
27318,6
27319,6
27320,8
27321,9
27322,7
27323,6
27324,6
27325,4
27326,5
27327,5
27328,2
27329,3
27330,3
27331,3
27332,5
27333,4
27334,3
27335,6
27336,3
27337,2
27338,3
27339,4
27340,7
27341,5
27342,5
27343,5
27344,7
27345,7
27346,8
27347,6
27348,6
27349,4
27350,7
27351,8
27352,5
27353,6
27354,4
27355,3
27356,4
27357,4
27358,3
27359,2
27360,3
27361,2
27362,3
27363,1
27364,1
27365,2
27366,3
27367,5
27368,4
27369,6
27370,5
27371,5
27372,3
27373,3
27374,8
27375,11
27376,7
27377,5
27378,5
27379,5
27380,5
27381,4
27382,5
27383,4
27384,5
27385,7
27386,5
27387,3
27388,4
27389,7
27390,3
27391,3
27392,3
27393,5
27394,5
27395,5
27396,6
27397,4
27398,4
27399,3
27400,3
27401,3
27402,2
27403,3
27404,5
27405,5
27406,4
27407,4
27408,5
27409,6
27410,5
27411,6
27412,4
27413,6
27414,4
27415,4
27416,5
27417,3
27418,5
27419,7
27420,4
27421,4
27422,6
27423,5
27424,4
27425,2
27426,5
27427,5
27428,7
27429,6
27430,9
27431,5
27432,7
27433,4
27434,5
27435,5
27436,4
27437,1
27438,3
27439,2
27440,5
27441,5
27442,5
27443,3
27444,2
27445,5
27446,5
27447,4
27448,3
27449,4
27450,3
27451,3
27452,5
27453,3
27454,3
27455,3
27456,4
27457,5
27458,6
27459,5
27460,3
27461,2
27462,4
27463,3
27464,3
27465,4
27466,4
27467,5
27468,6
27469,5
27470,5
27471,6
27472,7
27473,6
27474,7
27475,5
27476,7
27477,5
27478,3
27479,7
27480,8
27481,4
27482,3
27483,3
27484,3
27485,4
27486,4
27487,4
27488,2
27489,5
27490,2
27491,1
27492,5
27493,6
27494,4
27495,4
27496,6
27497,3
27498,5
27499,3
27500,5
27501,8
27502,4
27503,5
27504,6
27505,6
27506,6
27507,4
27508,4
27509,4
27510,2
27511,3
27512,6
27513,5
27514,5
27515,6
27516,2
27517,3
27518,4
27519,4
27520,8
27521,7
27522,3
27523,5
27524,5
27525,6
27526,4
27527,4
27528,4
27529,4
27530,4
27531,4
27532,5
27533,5
27534,3
27535,5
27536,4
27537,4
27538,2
27539,3
27540,4
27541,5
27542,4
27543,5
27544,5
27545,4
27546,4
27547,6
27548,5
27549,3
27550,5
27551,6
27552,6
27553,8
27554,6
27555,6
27556,4
27557,3
27558,2
27559,2
27560,4
27561,4
27562,2
27563,6
27564,7
27565,4
27566,5
27567,4
27568,3
27569,2
27570,4
27571,5
27572,5
27573,3
27574,5
27575,5
27576,8
27577,7
27578,6
27579,5
27580,2
27581,3
27582,5
27583,5
27584,3
27585,2
27586,1
27587,3
27588,3
27589,3
27590,5
27591,7
27592,5
27593,6
27594,6
27595,7
27596,4
27597,4
27598,6
27599,4
27600,6
27601,8
27602,5
27603,6
27604,4
27605,5
27606,6
27607,7
27608,4
27609,5
27610,5
27611,5
27612,3
27613,5
27614,3
27615,2
27616,5
27617,5
27618,3
27619,3
27620,3
27621,2
27622,2
27623,3
27624,4
27625,6
27626,3
27627,3
27628,5
27629,6
27630,4
27631,5
27632,5
27633,4
27634,6
27635,9
27636,6
27637,8
27638,8
27639,8
27640,8
27641,6
27642,4
27643,4
27644,3
27645,4
27646,4
27647,3
27648,6
27649,5
27650,4
27651,6
27652,4
27653,3
27654,3
27655,4
27656,4
27657,5
27658,4
27659,5
27660,4
27661,7
27662,8
27663,6
27664,7
27665,5
27666,6
27667,6
27668,5
27669,5
27670,4
27671,3
27672,3
27673,4
27674,3
27675,2
27676,5
27677,4
27678,4
27679,5
27680,3
27681,4
27682,4
27683,4
27684,4
27685,4
27686,5
27687,3
27688,5
27689,4
27690,2
27691,1
27692,4
27693,8
27694,8
27695,6
27696,8
27697,8
27698,6
27699,5
27700,6
27701,5
27702,4
27703,5
27704,7
27705,7
27706,4
27707,7
27708,6
27709,3
27710,2
27711,4
27712,5
27713,5
27714,8
27715,7
27716,4
27717,5
27718,7
27719,4
27720,7
27721,7
27722,6
27723,4
27724,6
27725,5
27726,2
27727,4
27728,6
27729,5
27730,2
27731,3
27732,4
27733,2
27734,2
27735,4
27736,4
27737,1
27738,2
27739,4
27740,3
27741,5
27742,6
27743,5
27744,4
27745,4
27746,5
27747,4
27748,3
27749,2
27750,3
27751,1
27752,2
27753,1
27754,2
27755,3
27756,5
27757,4
27758,5
27759,8
27760,5
27761,5
27762,6
27763,5
27764,4
27765,7
27766,10
27767,7
27768,6
27769,6
27770,6
27771,5
27772,7
27773,5
27774,3
27775,5
27776,4
27777,3
27778,6
27779,5
27780,3
27781,3
27782,5
27783,4
27784,4
27785,4
27786,3
27787,3
27788,7
27789,7
27790,2
27791,4
27792,5
27793,5
27794,6
27795,5
27796,6
27797,3
27798,5
27799,4
27800,5
27801,4
27802,7
27803,8
27804,9
27805,8
27806,6
27807,6
27808,4
27809,6
27810,7
27811,5
27812,6
27813,4
27814,4
27815,2
27816,2
27817,3
27818,2
27819,4
27820,6
27821,5
27822,5
27823,3
27824,4
27825,7
27826,5
27827,5
27828,5
27829,6
27830,6
27831,6
27832,5
27833,7
27834,4
27835,3
27836,2
27837,3
27838,4
27839,5
27840,9
27841,9
27842,7
27843,3
27844,4
27845,3
27846,3
27847,3
27848,4
27849,4
27850,2
27851,2
27852,4
27853,6
27854,4
27855,5
27856,4
27857,5
27858,6
27859,7
27860,8
27861,7
27862,4
27863,2
27864,3
27865,2
27866,4
27867,3
27868,6
27869,7
27870,3
27871,8
27872,5
27873,6
27874,5
27875,5
27876,4
27877,5
27878,5
27879,4
27880,4
27881,4
27882,4
27883,4
27884,3
27885,3
27886,3
27887,5
27888,5
27889,4
27890,3
27891,6
27892,3
27893,5
27894,4
27895,3
27896,4
27897,6
27898,6
27899,5
27900,5
27901,5
27902,5
27903,6
27904,3
27905,2
27906,2
27907,1
27908,2
27909,3
27910,4
27911,8
27912,8
27913,7
27914,4
27915,3
27916,5
27917,6
27918,5
27919,6
27920,5
27921,7
27922,5
27923,6
27924,3
27925,5
27926,2
27927,2
27928,6
27929,4
27930,6
27931,4
27932,7
27933,4
27934,3
27935,5
27936,5
27937,4
27938,3
27939,2
27940,2
27941,5
27942,5
27943,6
27944,3
27945,3
27946,3
27947,5
27948,4
27949,4
27950,7
27951,9
27952,5
27953,3
27954,4
27955,5
27956,3
27957,1
27958,4
27959,4
27960,4
27961,2
27962,4
27963,4
27964,5
27965,5
27966,5
27967,5
27968,7
27969,5
27970,2
27971,4
27972,2
27973,3
27974,3
27975,3
27976,7
27977,4
27978,7
27979,5
27980,7
27981,3
27982,4
27983,3
27984,3
27985,4
27986,4
27987,6
27988,3
27989,4
27990,3
27991,3
27992,6
27993,5
27994,3
27995,3
27996,5
27997,5
27998,3
27999,3
28000,3
28001,3
28002,4
28003,4
28004,2
28005,4
28006,6
28007,5
28008,4
28009,6
28010,6
28011,4
28012,6
28013,5
28014,5
28015,5
28016,6
28017,5
28018,1
28019,5
28020,4
28021,7
28022,8
28023,5
28024,4
28025,6
28026,5
28027,2
28028,2
28029,3
28030,3
28031,4
28032,8
28033,4
28034,2
28035,4
28036,3
28037,3
28038,5
28039,2
28040,2
28041,5
28042,4
28043,3
28044,4
28045,3
28046,2
28047,3
28048,4
28049,6
28050,5
28051,1
28052,4
28053,6
28054,5
28055,5
28056,4
28057,8
28058,8
28059,9
28060,7
28061,6
28062,4
28063,6
28064,3
28065,6
28066,6
28067,5
28068,4
28069,5
28070,5
28071,5
28072,5
28073,5
28074,3
28075,5
28076,9
28077,7
28078,7
28079,6
28080,6
28081,5
28082,4
28083,7
28084,5
28085,3
28086,5
28087,3
28088,3
28089,3
28090,4
28091,2
28092,2
28093,1
28094,4
28095,4
28096,4
28097,4
28098,4
28099,2
28100,5
28101,5
28102,5
28103,4
28104,7
28105,6
28106,4
28107,2
28108,3
28109,5
28110,7
28111,4
28112,4
28113,4
28114,2
28115,4
28116,2
28117,6
28118,7
28119,4
28120,1
28121,3
28122,6
28123,6
28124,5
28125,5
28126,4
28127,6
28128,6
28129,5
28130,5
28131,3
28132,2
28133,5
28134,4
28135,4
28136,3
28137,4
28138,4
28139,5
28140,6
28141,6
28142,3
28143,6
28144,6
28145,4
28146,4
28147,3
28148,4
28149,5
28150,6
28151,6
28152,4
28153,4
28154,5
28155,6
28156,4
28157,3
28158,4
28159,4
28160,4
28161,5
28162,5
28163,5
28164,3
28165,2
28166,3
28167,4
28168,3
28169,3
28170,4
28171,3
28172,4
28173,3
28174,4
28175,6
28176,10
28177,7
28178,4
28179,5
28180,6
28181,3
28182,4
28183,4
28184,6
28185,7
28186,5
28187,4
28188,4
28189,2
28190,3
28191,7
28192,3
28193,3
28194,4
28195,2
28196,5
28197,3
28198,2
28199,2
28200,2
28201,2
28202,3
28203,2
28204,4
28205,4
28206,5
28207,5
28208,7
28209,6
28210,6
28211,9
28212,6
28213,6
28214,7
28215,4
28216,3
28217,4
28218,4
28219,7
28220,8
28221,6
28222,5
28223,3
28224,6
28225,5
28226,2
28227,7
28228,6
28229,5
28230,6
28231,8
28232,6
28233,5
28234,4
28235,2
28236,1
28237,2
28238,2
28239,4
28240,3
28241,5
28242,3
28243,3
28244,4
28245,7
28246,9
28247,5
28248,3
28249,3
28250,3
28251,3
28252,4
28253,3
28254,6
28255,7
28256,2
28257,3
28258,4
28259,3
28260,4
28261,3
28262,5
28263,4
28264,3
28265,1
28266,5
28267,5
28268,5
28269,8
28270,7
28271,7
28272,5
28273,5
28274,4
28275,4
28276,4
28277,5
28278,7
28279,6
28280,5
28281,8
28282,5
28283,5
28284,5
28285,5
28286,2
28287,3
28288,3
28289,4
28290,5
28291,5
28292,2
28293,7
28294,5
28295,5
28296,10
28297,9
28298,5
28299,4
28300,5
28301,7
28302,6
28303,4
28304,7
28305,6
28306,7
28307,7
28308,4
28309,2
28310,2
28311,5
28312,6
28313,2
28314,3
28315,5
28316,3
28317,3
28318,2
28319,2
28320,5
28321,4
28322,4
28323,3
28324,10
28325,5
28326,7
28327,3
28328,4
28329,6
28330,2
28331,3
28332,2
28333,5
28334,5
28335,4
28336,5
28337,5
28338,4
28339,3
28340,3
28341,3
28342,3
28343,6
28344,4
28345,3
28346,5
28347,3
28348,6
28349,6
28350,6
28351,8
28352,6
28353,5
28354,2
28355,2
28356,3
28357,4
28358,3
28359,3
28360,4
28361,3
28362,5
28363,4
28364,3
28365,5
28366,5
28367,5
28368,4
28369,4
28370,4
28371,3
28372,7
28373,8
28374,7
28375,7
28376,8
28377,6
28378,6
28379,5
28380,6
28381,5
28382,4
28383,5
28384,2
28385,4
28386,5
28387,3
28388,3
28389,6
28390,4
28391,5
28392,5
28393,4
28394,5
28395,6
28396,4
28397,5
28398,4
28399,5
28400,3
28401,4
28402,5
28403,7
28404,6
28405,5
28406,4
28407,5
28408,7
28409,4
28410,5
28411,3
28412,3
28413,5
28414,4
28415,5
28416,3
28417,0
28418,3
28419,2
28420,3
28421,6
28422,3
28423,3
28424,4
28425,3
28426,2
28427,4
28428,4
28429,3
28430,3
28431,6
28432,8
28433,6
28434,7
28435,6
28436,5
28437,5
28438,7
28439,7
28440,8
28441,6
28442,9
28443,5
28444,9
28445,4
28446,3
28447,6
28448,4
28449,4
28450,6
28451,3
28452,4
28453,4
28454,4
28455,6
28456,4
28457,6
28458,5
28459,5
28460,5
28461,3
28462,3
28463,5
28464,8
28465,5
28466,4
28467,4
28468,4
28469,4
28470,5
28471,6
28472,6
28473,5
28474,4
28475,5
28476,4
28477,7
28478,3
28479,3
28480,3
28481,2
28482,3
28483,4
28484,4
28485,4
28486,4
28487,4
28488,7
28489,7
28490,4
28491,3
28492,4
28493,5
28494,4
28495,5
28496,6
28497,6
28498,7
28499,9
28500,6
28501,4
28502,3
28503,4
28504,5
28505,7
28506,4
28507,7
28508,5
28509,3
28510,4
28511,3
28512,5
28513,5
28514,8
28515,6
28516,7
28517,5
28518,5
28519,3
28520,3
28521,4
28522,3
28523,5
28524,6
28525,6
28526,6
28527,4
28528,6
28529,6
28530,3
28531,3
28532,3
28533,4
28534,5
28535,4
28536,4
28537,4
28538,4
28539,4
28540,4
28541,5
28542,4
28543,4
28544,3
28545,3
28546,3
28547,3
28548,4
28549,5
28550,5
28551,1
28552,4
28553,5
28554,5
28555,1
28556,2
28557,2
28558,4
28559,4
28560,4
28561,7
28562,6
28563,6
28564,4
28565,3
28566,6
28567,3
28568,4
28569,8
28570,8
28571,5
28572,6
28573,6
28574,4
28575,4
28576,4
28577,5
28578,4
28579,3
28580,4
28581,3
28582,6
28583,5
28584,6
28585,6
28586,7
28587,4
28588,4
28589,4
28590,4
28591,4
28592,4
28593,5
28594,5
28595,4
28596,4
28597,1
28598,3
28599,6
28600,7
28601,5
28602,4
28603,6
28604,5
28605,3
28606,3
28607,4
28608,3
28609,3
28610,5
28611,5
28612,5
28613,5
28614,6
28615,6
28616,7
28617,5
28618,4
28619,5
28620,4
28621,6
28622,8
28623,6
28624,4
28625,6
28626,4
28627,3
28628,4
28629,4
28630,4
28631,5
28632,3
28633,5
28634,6
28635,5
28636,3
28637,2
28638,2
28639,4
28640,5
28641,5
28642,3
28643,5
28644,6
28645,6
28646,4
28647,3
28648,5
28649,5
28650,5
28651,6
28652,5
28653,6
28654,6
28655,6
28656,6
28657,5
28658,8
28659,4
28660,3
28661,2
28662,1
28663,3
28664,5
28665,3
28666,3
28667,5
28668,5
28669,3
28670,3
28671,3
28672,4
28673,8
28674,6
28675,4
28676,4
28677,4
28678,7
28679,6
28680,6
28681,4
28682,3
28683,3
28684,6
28685,5
28686,3
28687,2
28688,1
28689,2
28690,6
28691,4
28692,6
28693,5
28694,5
28695,6
28696,5
28697,5
28698,4
28699,5
28700,4
28701,8
28702,4
28703,3
28704,7
28705,6
28706,7
28707,4
28708,4
28709,5
28710,4
28711,2
28712,1
28713,3
28714,2
28715,4
28716,2
28717,3
28718,4
28719,3
28720,3
28721,2
28722,5
28723,6
28724,7
28725,5
28726,5
28727,4
28728,5
28729,7
28730,8
28731,4
28732,4
28733,6
28734,6
28735,9
28736,3
28737,2
28738,5
28739,8
28740,5
28741,3
28742,4
28743,3
28744,6
28745,5
28746,7
28747,5
28748,3
28749,5
28750,5
28751,2
28752,4
28753,3
28754,5
28755,4
28756,3
28757,5
28758,6
28759,4
28760,2
28761,4
28762,4
28763,4
28764,7
28765,6
28766,3
28767,3
28768,3
28769,3
28770,3
28771,5
28772,4
28773,4
28774,5
28775,5
28776,8
28777,6
28778,7
28779,5
28780,4
28781,3
28782,4
28783,4
28784,6
28785,5
28786,3
28787,4
28788,5
28789,6
28790,8
28791,7
28792,4
28793,6
28794,6
28795,5
28796,3
28797,2
28798,3
28799,3
28800,4
28801,3
28802,2
28803,3
28804,3
28805,6
28806,5
28807,7
28808,8
28809,6
28810,2
28811,5
28812,4
28813,5
28814,6
28815,6
28816,6
28817,6
28818,7
28819,6
28820,6
28821,6
28822,3
28823,3
28824,3
28825,3
28826,4
28827,5
28828,4
28829,3
28830,4
28831,4
28832,6
28833,6
28834,6
28835,6
28836,4
28837,4
28838,7
28839,7
28840,7
28841,8
28842,6
28843,3
28844,4
28845,5
28846,3
28847,4
28848,5
28849,9
28850,9
28851,8
28852,3
28853,2
28854,3
28855,5
28856,5
28857,6
28858,2
28859,2
28860,2
28861,2
28862,4
28863,4
28864,5
28865,8
28866,7
28867,7
28868,3
28869,1
28870,1
28871,1
28872,2
28873,4
28874,7
28875,1
28876,4
28877,3
28878,4
28879,3
28880,3
28881,4
28882,5
28883,4
28884,7
28885,5
28886,5
28887,7
28888,7
28889,9
28890,6
28891,6
28892,4
28893,4
28894,6
28895,5
28896,5
28897,5
28898,4
28899,4
28900,6
28901,5
28902,4
28903,4
28904,3
28905,2
28906,6
28907,6
28908,5
28909,5
28910,3
28911,4
28912,6
28913,3
28914,2
28915,4
28916,5
28917,4
28918,5
28919,5
28920,6
28921,5
28922,5
28923,4
28924,3
28925,5
28926,6
28927,5
28928,4
28929,5
28930,4
28931,6
28932,6
28933,6
28934,8
28935,7
28936,5
28937,4
28938,6
28939,6
28940,5
28941,5
28942,5
28943,5
28944,5
28945,5
28946,4
28947,4
28948,1
28949,1
28950,1
28951,3
28952,3
28953,6
28954,6
28955,5
28956,6
28957,5
28958,6
28959,6
28960,5
28961,4
28962,5
28963,4
28964,4
28965,2
28966,3
28967,4
28968,4
28969,3
28970,3
28971,3
28972,4
28973,5
28974,4
28975,5
28976,5
28977,4
28978,7
28979,8
28980,5
28981,3
28982,2
28983,3
28984,4
28985,3
28986,5
28987,5
28988,5
28989,6
28990,6
28991,5
28992,7
28993,8
28994,6
28995,5
28996,4
28997,3
28998,4
28999,4
29000,5
29001,5
29002,4
29003,3
29004,2
29005,2
29006,5
29007,3
29008,3
29009,3
29010,4
29011,4
29012,5
29013,5
29014,5
29015,6
29016,6
29017,4
29018,5
29019,7
29020,6
29021,4
29022,5
29023,4
29024,5
29025,5
29026,6
29027,7
29028,5
29029,4
29030,5
29031,4
29032,4
29033,5
29034,4
29035,6
29036,4
29037,4
29038,4
29039,4
29040,3
29041,4
29042,5
29043,2
29044,4
29045,6
29046,5
29047,3
29048,2
29049,3
29050,5
29051,7
29052,8
29053,5
29054,4
29055,5
29056,6
29057,4
29058,5
29059,4
29060,4
29061,3
29062,3
29063,3
29064,4
29065,4
29066,4
29067,5
29068,7
29069,5
29070,3
29071,3
29072,6
29073,6
29074,4
29075,6
29076,6
29077,7
29078,1
29079,4
29080,6
29081,5
29082,6
29083,4
29084,4
29085,5
29086,4
29087,5
29088,2
29089,5
29090,6
29091,6
29092,6
29093,5
29094,4
29095,5
29096,5
29097,9
29098,7
29099,8
29100,6
29101,4
29102,2
29103,5
29104,7
29105,4
29106,3
29107,5
29108,4
29109,3
29110,1
29111,4
29112,5
29113,3
29114,3
29115,5
29116,4
29117,3
29118,6
29119,5
29120,6
29121,1
29122,2
29123,2
29124,5
29125,4
29126,5
29127,6
29128,8
29129,5
29130,7
29131,5
29132,3
29133,3
29134,4
29135,5
29136,6
29137,3
29138,2
29139,4
29140,4
29141,3
29142,4
29143,2
29144,3
29145,4
29146,5
29147,7
29148,8
29149,8
29150,5
29151,7
29152,3
29153,7
29154,5
29155,5
29156,5
29157,5
29158,4
29159,6
29160,4
29161,5
29162,7
29163,7
29164,7
29165,6
29166,3
29167,5
29168,3
29169,2
29170,2
29171,3
29172,1
29173,3
29174,6
29175,7
29176,7
29177,4
29178,4
29179,5
29180,5
29181,5
29182,5
29183,7
29184,4
29185,3
29186,4
29187,4
29188,3
29189,3
29190,3
29191,5
29192,6
29193,7
29194,8
29195,5
29196,8
29197,7
29198,6
29199,7
29200,6
29201,7
29202,6
29203,8
29204,6
29205,4
29206,2
29207,4
29208,2
29209,3
29210,2
29211,3
29212,3
29213,1
29214,3
29215,3
29216,4
29217,5
29218,4
29219,5
29220,5
29221,4
29222,3
29223,3
29224,3
29225,5
29226,6
29227,5
29228,2
29229,4
29230,5
29231,4
29232,6
29233,6
29234,5
29235,3
29236,5
29237,5
29238,7
29239,5
29240,5
29241,7
29242,7
29243,4
29244,4
29245,3
29246,3
29247,3
29248,3
29249,4
29250,5
29251,5
29252,6
29253,4
29254,3
29255,6
29256,6
29257,5
29258,5
29259,5
29260,7
29261,5
29262,6
29263,6
29264,7
29265,7
29266,5
29267,4
29268,3
29269,4
29270,6
29271,4
29272,4
29273,3
29274,2
29275,5
29276,4
29277,4
29278,2
29279,2
29280,6
29281,4
29282,4
29283,6
29284,6
29285,3
29286,5
29287,5
29288,4
29289,6
29290,5
29291,7
29292,5
29293,4
29294,6
29295,3
29296,3
29297,4
29298,6
29299,4
29300,7
29301,4
29302,4
29303,4
29304,4
29305,5
29306,5
29307,6
29308,5
29309,3
29310,2
29311,4
29312,4
29313,6
29314,5
29315,5
29316,3
29317,5
29318,6
29319,7
29320,5
29321,6
29322,8
29323,6
29324,7
29325,5
29326,4
29327,3
29328,4
29329,3
29330,3
29331,4
29332,5
29333,4
29334,6
29335,5
29336,2
29337,3
29338,4
29339,4
29340,5
29341,4
29342,4
29343,3
29344,5
29345,5
29346,6
29347,5
29348,5
29349,3
29350,5
29351,8
29352,7
29353,6
29354,5
29355,4
29356,2
29357,3
29358,5
29359,4
29360,4
29361,3
29362,4
29363,5
29364,4
29365,4
29366,4
29367,3
29368,3
29369,3
29370,4
29371,4
29372,4
29373,5
29374,5
29375,6
29376,4
29377,4
29378,2
29379,4
29380,6
29381,6
29382,5
29383,5
29384,3
29385,4
29386,5
29387,3
29388,3
29389,7
29390,7
29391,3
29392,6
29393,5
29394,4
29395,5
29396,4
29397,4
29398,6
29399,6
29400,6
29401,6
29402,5
29403,5
29404,4
29405,5
29406,6
29407,3
29408,5
29409,4
29410,3
29411,4
29412,6
29413,6
29414,4
29415,5
29416,3
29417,4
29418,3
29419,3
29420,3
29421,4
29422,2
29423,4
29424,5
29425,6
29426,5
29427,5
29428,6
29429,7
29430,5
29431,5
29432,5
29433,5
29434,4
29435,4
29436,4
29437,6
29438,5
29439,5
29440,5
29441,5
29442,5
29443,6
29444,6
29445,6
29446,6
29447,5
29448,5
29449,8
29450,8
29451,8
29452,5
29453,5
29454,3
29455,4
29456,2
29457,3
29458,3
29459,5
29460,4
29461,4
29462,2
29463,3
29464,3
29465,3
29466,2
29467,2
29468,4
29469,4
29470,3
29471,4
29472,3
29473,5
29474,5
29475,5
29476,3
29477,4
29478,4
29479,5
29480,7
29481,5
29482,6
29483,4
29484,6
29485,9
29486,8
29487,5
29488,5
29489,6
29490,6
29491,7
29492,7
29493,5
29494,4
29495,5
29496,4
29497,3
29498,2
29499,2
29500,3
29501,3
29502,3
29503,2
29504,6
29505,6
29506,10
29507,7
29508,3
29509,2
29510,5
29511,5
29512,1
29513,3
29514,3
29515,3
29516,3
29517,4
29518,4
29519,5
29520,4
29521,5
29522,4
29523,4
29524,4
29525,3
29526,4
29527,7
29528,6
29529,6
29530,5
29531,8
29532,5
29533,3
29534,3
29535,5
29536,1
29537,2
29538,5
29539,5
29540,5
29541,8
29542,3
29543,5
29544,5
29545,6
29546,2
29547,2
29548,4
29549,4
29550,3
29551,5
29552,6
29553,5
29554,4
29555,7
29556,4
29557,3
29558,6
29559,4
29560,6
29561,4
29562,3
29563,5
29564,5
29565,5
29566,4
29567,3
29568,1
29569,2
29570,4
29571,3
29572,4
29573,3
29574,3
29575,6
29576,2
29577,3
29578,3
29579,5
29580,8
29581,9
29582,7
29583,5
29584,6
29585,6
29586,7
29587,5
29588,6
29589,7
29590,4
29591,6
29592,7
29593,5
29594,5
29595,4
29596,4
29597,3
29598,3
29599,2
29600,5
29601,4
29602,5
29603,5
29604,3
29605,1
29606,3
29607,2
29608,3
29609,6
29610,5
29611,6
29612,5
29613,6
29614,7
29615,7
29616,8
29617,8
29618,7
29619,5
29620,6
29621,4
29622,6
29623,5
29624,4
29625,4
29626,4
29627,5
29628,5
29629,4
29630,4
29631,4
29632,6
29633,5
29634,6
29635,7
29636,7
29637,6
29638,3
29639,4
29640,5
29641,3
29642,3
29643,4
29644,3
29645,5
29646,3
29647,3
29648,4
29649,4
29650,4
29651,4
29652,4
29653,5
29654,2
29655,2
29656,2
29657,6
29658,5
29659,6
29660,7
29661,7
29662,8
29663,7
29664,4
29665,5
29666,6
29667,7
29668,6
29669,6
29670,4
29671,5
29672,4
29673,3
29674,3
29675,4
29676,3
29677,3
29678,3
29679,4
29680,5
29681,5
29682,5
29683,4
29684,4
29685,6
29686,6
29687,5
29688,5
29689,5
29690,5
29691,5
29692,5
29693,5
29694,5
29695,4
29696,5
29697,4
29698,3
29699,6
29700,5
29701,3
29702,5
29703,6
29704,3
29705,3
29706,5
29707,5
29708,6
29709,7
29710,8
29711,7
29712,7
29713,6
29714,5
29715,5
29716,8
29717,7
29718,5
29719,4
29720,5
29721,3
29722,2
29723,4
29724,3
29725,5
29726,2
29727,3
29728,4
29729,5
29730,4
29731,3
29732,3
29733,4
29734,6
29735,6
29736,5
29737,3
29738,3
29739,5
29740,4
29741,4
29742,6
29743,6
29744,5
29745,5
29746,4
29747,4
29748,7
29749,3
29750,2
29751,3
29752,4
29753,4
29754,6
29755,6
29756,5
29757,6
29758,6
29759,7
29760,2
29761,2
29762,7
29763,4
29764,4
29765,5
29766,4
29767,7
29768,6
29769,8
29770,5
29771,5
29772,7
29773,7
29774,5
29775,3
29776,5
29777,4
29778,6
29779,5
29780,5
29781,3
29782,4
29783,3
29784,6
29785,6
29786,5
29787,2
29788,3
29789,3
29790,4
29791,2
29792,6
29793,5
29794,4
29795,2
29796,5
29797,7
29798,5
29799,5
29800,4
29801,8
29802,5
29803,5
29804,4
29805,5
29806,6
29807,4
29808,4
29809,5
29810,5
29811,4
29812,5
29813,3
29814,3
29815,1
29816,3
29817,4
29818,3
29819,1
29820,3
29821,2
29822,5
29823,5
29824,3
29825,1
29826,1
29827,2
29828,3
29829,6
29830,6
29831,7
29832,6
29833,6
29834,5
29835,4
29836,4
29837,5
29838,5
29839,1
29840,4
29841,5
29842,5
29843,3
29844,3
29845,4
29846,5
29847,5
29848,5
29849,7
29850,7
29851,4
29852,3
29853,5
29854,4
29855,5
29856,5
29857,4
29858,5
29859,6
29860,4
29861,5
29862,5
29863,8
29864,4
29865,4
29866,5
29867,6
29868,7
29869,7
29870,6
29871,6
29872,8
29873,5
29874,4
29875,4
29876,4
29877,2
29878,4
29879,4
29880,3
29881,3
29882,3
29883,4
29884,4
29885,2
29886,5
29887,6
29888,5
29889,6
29890,7
29891,6
29892,4
29893,7
29894,7
29895,7
29896,2
29897,2
29898,4
29899,4
29900,5
29901,4
29902,3
29903,2
29904,2
29905,3
29906,3
29907,2
29908,3
29909,5
29910,4
29911,3
29912,3
29913,5
29914,9
29915,2
29916,3
29917,4
29918,6
29919,3
29920,4
29921,4
29922,4
29923,4
29924,4
29925,4
29926,5
29927,4
29928,5
29929,1
29930,3
29931,2
29932,3
29933,4
29934,7
29935,5
29936,3
29937,4
29938,4
29939,6
29940,5
29941,5
29942,7
29943,5
29944,3
29945,5
29946,7
29947,4
29948,5
29949,7
29950,7
29951,4
29952,5
29953,6
29954,8
29955,8
29956,8
29957,4
29958,5
29959,3
29960,1
29961,2
29962,4
29963,5
29964,4
29965,6
29966,5
29967,7
29968,6
29969,3
29970,2
29971,2
29972,2
29973,4
29974,3
29975,4
29976,5
29977,5
29978,5
29979,6
29980,4
29981,3
29982,3
29983,5
29984,9
29985,6
29986,4
29987,4
29988,3
29989,2
29990,3
29991,4
29992,6
29993,7
29994,6
29995,4
29996,2
29997,4
29998,3
29999,3
30000,5
30001,4
30002,2
30003,7
30004,6
30005,6
30006,9
30007,5
30008,4
30009,4
30010,3
30011,5
30012,5
30013,3
30014,3
30015,5
30016,5
30017,6
30018,4
30019,2
30020,3
30021,2
30022,3
30023,3
30024,3
30025,4
30026,4
30027,6
30028,6
30029,5
30030,6
30031,5
30032,4
30033,5
30034,5
30035,5
30036,4
30037,5
30038,6
30039,5
30040,4
30041,5
30042,6
30043,4
30044,2
30045,5
30046,4
30047,5
30048,5
30049,3
30050,4
30051,4
30052,5
30053,3
30054,5
30055,5
30056,8
30057,9
30058,6
30059,6
30060,6
30061,7
30062,3
30063,5
30064,4
30065,5
30066,4
30067,5
30068,4
30069,3
30070,5
30071,5
30072,3
30073,3
30074,3
30075,3
30076,5
30077,2
30078,3
30079,4
30080,7
30081,6
30082,4
30083,4
30084,5
30085,7
30086,7
30087,5
30088,7
30089,6
30090,5
30091,3
30092,3
30093,3
30094,3
30095,3
30096,4
30097,3
30098,3
30099,3
30100,4
30101,1
30102,3
30103,4
30104,5
30105,5
30106,4
30107,5
30108,5
30109,6
30110,6
30111,7
30112,4
30113,3
30114,5
30115,6
30116,6
30117,5
30118,8
30119,3
30120,4
30121,4
30122,5
30123,6
30124,4
30125,6
30126,8
30127,4
30128,3
30129,5
30130,7
30131,4
30132,2
30133,4
30134,3
30135,3
30136,4
30137,4
30138,2
30139,5
30140,5
30141,4
30142,2
30143,4
30144,4
30145,6
30146,6
30147,3
30148,3
30149,3
30150,4
30151,3
30152,5
30153,5
30154,5
30155,3
30156,3
30157,3
30158,4
30159,5
30160,6
30161,5
30162,4
30163,4
30164,5
30165,8
30166,4
30167,4
30168,6
30169,5
30170,5
30171,6
30172,6
30173,5
30174,5
30175,3
30176,5
30177,5
30178,5
30179,5
30180,6
30181,5
30182,6
30183,5
30184,4
30185,5
30186,3
30187,5
30188,2
30189,1
30190,4
30191,5
30192,5
30193,6
30194,4
30195,3
30196,4
30197,5
30198,3
30199,4
30200,4
30201,3
30202,3
30203,5
30204,7
30205,6
30206,5
30207,4
30208,6
30209,5
30210,5
30211,4
30212,3
30213,4
30214,5
30215,6
30216,5
30217,4
30218,4
30219,5
30220,7
30221,5
30222,3
30223,4
30224,6
30225,7
30226,5
30227,7
30228,4
30229,4
30230,4
30231,4
30232,4
30233,3
30234,4
30235,2
30236,5
30237,6
30238,3
30239,6
30240,6
30241,5
30242,5
30243,5
30244,5
30245,6
30246,6
30247,7
30248,7
30249,4
30250,5
30251,3
30252,3
30253,3
30254,3
30255,2
30256,3
30257,3
30258,3
30259,3
30260,3
30261,3
30262,6
30263,6
30264,5
30265,3
30266,2
30267,5
30268,7
30269,5
30270,5
30271,5
30272,4
30273,3
30274,4
30275,5
30276,6
30277,7
30278,7
30279,5
30280,5
30281,5
30282,4
30283,5
30284,6
30285,7
30286,6
30287,7
30288,8
30289,7
30290,6
30291,3
30292,2
30293,0
30294,3
30295,5
30296,4
30297,4
30298,5
30299,5
30300,2
30301,3
30302,3
30303,3
30304,2
30305,6
30306,4
30307,3
30308,3
30309,2
30310,5
30311,6
30312,4
30313,5
30314,5
30315,5
30316,5
30317,5
30318,5
30319,3
30320,3
30321,6
30322,6
30323,4
30324,6
30325,4
30326,4
30327,5
30328,6
30329,3
30330,3
30331,3
30332,3
30333,6
30334,6
30335,6
30336,2
30337,6
30338,6
30339,4
30340,3
30341,4
30342,5
30343,4
30344,3
30345,3
30346,3
30347,3
30348,3
30349,5
30350,5
30351,5
30352,7
30353,3
30354,4
30355,3
30356,4
30357,4
30358,7
30359,7
30360,5
30361,6
30362,7
30363,5
30364,4
30365,5
30366,4
30367,2
30368,4
30369,4
30370,4
30371,5
30372,2
30373,4
30374,4
30375,4
30376,5
30377,3
30378,4
30379,2
30380,4
30381,3
30382,5
30383,4
30384,3
30385,5
30386,4
30387,5
30388,5
30389,5
30390,5
30391,5
30392,6
30393,6
30394,6
30395,8
30396,5
30397,6
30398,4
30399,6
30400,3
30401,5
30402,4
30403,3
30404,4
30405,4
30406,4
30407,3
30408,4
30409,3
30410,4
30411,6
30412,5
30413,5
30414,5
30415,7
30416,6
30417,7
30418,5
30419,6
30420,4
30421,3
30422,3
30423,4
30424,6
30425,4
30426,4
30427,4
30428,3
30429,4
30430,6
30431,5
30432,7
30433,6
30434,7
30435,5
30436,5
30437,6
30438,5
30439,3
30440,4
30441,5
30442,5
30443,5
30444,3
30445,1
30446,2
30447,2
30448,5
30449,3
30450,2
30451,2
30452,3
30453,5
30454,6
30455,6
30456,2
30457,6
30458,7
30459,6
30460,6
30461,4
30462,5
30463,8
30464,4
30465,4
30466,6
30467,6
30468,8
30469,7
30470,5
30471,6
30472,2
30473,5
30474,5
30475,5
30476,5
30477,5
30478,5
30479,6
30480,4
30481,4
30482,3
30483,4
30484,5
30485,2
30486,3
30487,3
30488,5
30489,6
30490,3
30491,3
30492,5
30493,6
30494,4
30495,4
30496,3
30497,6
30498,6
30499,6
30500,2
30501,3
30502,3
30503,4
30504,5
30505,2
30506,5
30507,4
30508,3
30509,6
30510,5
30511,5
30512,4
30513,8
30514,4
30515,2
30516,4
30517,5
30518,5
30519,6
30520,6
30521,7
30522,5
30523,3
30524,5
30525,5
30526,5
30527,3
30528,4
30529,5
30530,5
30531,5
30532,5
30533,5
30534,5
30535,5
30536,5
30537,4
30538,3
30539,2
30540,2
30541,2
30542,1
30543,2
30544,3
30545,5
30546,3
30547,6
30548,6
30549,6
30550,5
30551,5
30552,5
30553,6
30554,7
30555,5
30556,5
30557,4
30558,5
30559,6
30560,4
30561,4
30562,4
30563,4
30564,6
30565,9
30566,8
30567,7
30568,7
30569,6
30570,6
30571,6
30572,3
30573,5
30574,5
30575,4
30576,3
30577,3
30578,4
30579,4
30580,2
30581,2
30582,4
30583,3
30584,3
30585,3
30586,4
30587,6
30588,5
30589,4
30590,5
30591,4
30592,3
30593,3
30594,6
30595,4
30596,5
30597,4
30598,4
30599,6
30600,5
30601,4
30602,5
30603,5
30604,6
30605,7
30606,5
30607,3
30608,4
30609,3
30610,3
30611,5
30612,6
30613,6
30614,6
30615,6
30616,5
30617,5
30618,3
30619,3
30620,5
30621,3
30622,3
30623,4
30624,7
30625,7
30626,6
30627,5
30628,4
30629,4
30630,4
30631,3
30632,2
30633,1
30634,2
30635,3
30636,5
30637,6
30638,4
30639,6
30640,7
30641,5
30642,5
30643,4
30644,4
30645,3
30646,2
30647,5
30648,4
30649,5
30650,5
30651,5
30652,5
30653,7
30654,7
30655,7
30656,5
30657,5
30658,6
30659,6
30660,6
30661,4
30662,4
30663,6
30664,5
30665,5
30666,6
30667,4
30668,4
30669,4
30670,3
30671,5
30672,5
30673,3
30674,3
30675,6
30676,5
30677,5
30678,4
30679,5
30680,3
30681,5
30682,4
30683,4
30684,5
30685,4
30686,3
30687,4
30688,8
30689,8
30690,7
30691,5
30692,4
30693,4
30694,2
30695,2
30696,7
30697,7
30698,7
30699,5
30700,3
30701,3
30702,5
30703,4
30704,6
30705,4
30706,4
30707,2
30708,2
30709,5
30710,4
30711,2
30712,4
30713,4
30714,3
30715,3
30716,5
30717,7
30718,7
30719,7
30720,5
30721,4
30722,2
30723,2
30724,2
30725,3
30726,3
30727,3
30728,3
30729,5
30730,7
30731,5
30732,6
30733,5
30734,4
30735,4
30736,4
30737,3
30738,4
30739,4
30740,6
30741,6
30742,5
30743,5
30744,6
30745,7
30746,8
30747,4
30748,5
30749,4
30750,5
30751,3
30752,6
30753,5
30754,3
30755,2
30756,2
30757,3
30758,3
30759,4
30760,6
30761,6
30762,4
30763,4
30764,4
30765,5
30766,5
30767,4
30768,3
30769,4
30770,5
30771,5
30772,7
30773,8
30774,4
30775,3
30776,2
30777,5
30778,4
30779,6
30780,5
30781,5
30782,3
30783,4
30784,7
30785,9
30786,8
30787,8
30788,7
30789,7
30790,8
30791,6
30792,7
30793,5
30794,5
30795,1
30796,3
30797,5
30798,3
30799,3
30800,2
30801,3
30802,3
30803,2
30804,2
30805,0
30806,0
30807,1
30808,4
30809,4
30810,7
30811,6
30812,5
30813,8
30814,6
30815,6
30816,5
30817,5
30818,6
30819,5
30820,8
30821,7
30822,7
30823,5
30824,5
30825,3
30826,4
30827,4
30828,4
30829,4
30830,4
30831,5
30832,3
30833,3
30834,2
30835,2
30836,4
30837,3
30838,3
30839,4
30840,4
30841,6
30842,5
30843,5
30844,5
30845,6
30846,5
30847,7
30848,6
30849,4
30850,5
30851,4
30852,5
30853,3
30854,3
30855,4
30856,3
30857,4
30858,4
30859,2
30860,3
30861,3
30862,3
30863,7
30864,7
30865,5
30866,5
30867,4
30868,5
30869,7
30870,5
30871,3
30872,5
30873,7
30874,4
30875,5
30876,3
30877,7
30878,6
30879,5
30880,3
30881,3
30882,3
30883,4
30884,7
30885,7
30886,4
30887,4
30888,2
30889,3
30890,5
30891,4
30892,5
30893,5
30894,4
30895,5
30896,5
30897,5
30898,6
30899,4
30900,5
30901,4
30902,5
30903,5
30904,4
30905,5
30906,4
30907,4
30908,3
30909,5
30910,5
30911,3
30912,3
30913,5
30914,5
30915,6
30916,5
30917,5
30918,6
30919,2
30920,4
30921,3
30922,4
30923,3
30924,5
30925,6
30926,6
30927,8
30928,7
30929,8
30930,4
30931,2
30932,2
30933,3
30934,4
30935,6
30936,5
30937,4
30938,4
30939,3
30940,3
30941,4
30942,6
30943,2
30944,4
30945,5
30946,6
30947,6
30948,7
30949,4
30950,5
30951,4
30952,4
30953,3
30954,4
30955,3
30956,5
30957,4
30958,3
30959,3
30960,3
30961,2
30962,6
30963,4
30964,4
30965,5
30966,3
30967,6
30968,6
30969,4
30970,5
30971,4
30972,4
30973,4
30974,4
30975,5
30976,5
30977,6
30978,5
30979,7
30980,7
30981,7
30982,5
30983,6
30984,5
30985,4
30986,2
30987,3
30988,4
30989,3
30990,4
30991,5
30992,3
30993,3
30994,2
30995,4
30996,5
30997,5
30998,7
30999,4
31000,5
31001,2
31002,3
31003,4
31004,7
31005,6
31006,7
31007,7
31008,5
31009,3
31010,4
31011,2
31012,3
31013,4
31014,4
31015,3
31016,2
31017,3
31018,5
31019,4
31020,5
31021,4
31022,5
31023,6
31024,5
31025,3
31026,4
31027,5
31028,5
31029,8
31030,8
31031,6
31032,8
31033,4
31034,6
31035,5
31036,4
31037,3
31038,7
31039,7
31040,7
31041,7
31042,7
31043,6
31044,7
31045,4
31046,3
31047,4
31048,6
31049,5
31050,6
31051,5
31052,5
31053,3
31054,4
31055,5
31056,5
31057,5
31058,4
31059,5
31060,3
31061,3
31062,2
31063,4
31064,5
31065,4
31066,3
31067,3
31068,4
31069,3
31070,3
31071,7
31072,5
31073,5
31074,5
31075,8
31076,5
31077,5
31078,5
31079,2
31080,3
31081,4
31082,3
31083,3
31084,2
31085,2
31086,5
31087,5
31088,2
31089,2
31090,3
31091,3
31092,7
31093,5
31094,2
31095,4
31096,7
31097,6
31098,6
31099,6
31100,8
31101,4
31102,6
31103,6
31104,3
31105,3
31106,3
31107,6
31108,5
31109,3
31110,6
31111,6
31112,4
31113,3
31114,4
31115,4
31116,7
31117,8
31118,5
31119,3
31120,4
31121,8
31122,5
31123,7
31124,5
31125,4
31126,5
31127,6
31128,5
31129,3
31130,4
31131,3
31132,3
31133,4
31134,4
31135,5
31136,6
31137,4
31138,4
31139,4
31140,2
31141,2
31142,6
31143,4
31144,6
31145,5
31146,5
31147,5
31148,6
31149,6
31150,5
31151,7
31152,6
31153,7
31154,7
31155,5
31156,5
31157,4
31158,3
31159,3
31160,3
31161,2
31162,3
31163,7
31164,5
31165,4
31166,2
31167,2
31168,4
31169,4
31170,4
31171,4
31172,4
31173,5
31174,3
31175,1
31176,1
31177,6
31178,7
31179,7
31180,5
31181,2
31182,2
31183,4
31184,5
31185,6
31186,5
31187,3
31188,2
31189,6
31190,7
31191,5
31192,5
31193,6
31194,4
31195,5
31196,4
31197,4
31198,4
31199,5
31200,4
31201,5
31202,3
31203,3
31204,4
31205,5
31206,9
31207,6
31208,3
31209,5
31210,4
31211,4
31212,3
31213,2
31214,5
31215,6
31216,5
31217,5
31218,5
31219,6
31220,5
31221,6
31222,3
31223,5
31224,7
31225,3
31226,4
31227,4
31228,6
31229,2
31230,3
31231,5
31232,3
31233,2
31234,2
31235,5
31236,5
31237,7
31238,5
31239,6
31240,5
31241,5
31242,5
31243,5
31244,6
31245,8
31246,5
31247,4
31248,6
31249,2
31250,2
31251,3
31252,3
31253,5
31254,3
31255,5
31256,6
31257,6
31258,2
31259,5
31260,5
31261,3
31262,5
31263,4
31264,7
31265,5
31266,7
31267,3
31268,2
31269,3
31270,5
31271,4
31272,4
31273,4
31274,4
31275,3
31276,5
31277,5
31278,3
31279,4
31280,5
31281,7
31282,3
31283,3
31284,4
31285,2
31286,3
31287,4
31288,4
31289,6
31290,7
31291,7
31292,6
31293,4
31294,4
31295,3
31296,5
31297,7
31298,7
31299,6
31300,4
31301,2
31302,6
31303,5
31304,4
31305,5
31306,3
31307,4
31308,2
31309,5
31310,4
31311,4
31312,4
31313,4
31314,5
31315,5
31316,5
31317,4
31318,3
31319,3
31320,4
31321,3
31322,6
31323,4
31324,5
31325,4
31326,4
31327,6
31328,4
31329,3
31330,5
31331,6
31332,4
31333,4
31334,5
31335,5
31336,5
31337,2
31338,3
31339,3
31340,3
31341,3
31342,6
31343,3
31344,5
31345,5
31346,4
31347,4
31348,5
31349,4
31350,5
31351,4
31352,3
31353,4
31354,5
31355,7
31356,3
31357,3
31358,6
31359,8
31360,3
31361,4
31362,5
31363,3
31364,4
31365,4
31366,5
31367,2
31368,4
31369,4
31370,5
31371,6
31372,6
31373,6
31374,8
31375,7
31376,8
31377,8
31378,4
31379,4
31380,6
31381,6
31382,7
31383,5
31384,5
31385,3
31386,2
31387,2
31388,3
31389,2
31390,1
31391,2
31392,4
31393,3
31394,5
31395,2
31396,2
31397,2
31398,2
31399,3
31400,4
31401,2
31402,2
31403,4
31404,6
31405,7
31406,5
31407,7
31408,7
31409,7
31410,8
31411,6
31412,6
31413,4
31414,6
31415,6
31416,4
31417,5
31418,7
31419,4
31420,2
31421,5
31422,5
31423,4
31424,4
31425,5
31426,4
31427,4
31428,5
31429,5
31430,9
31431,7
31432,6
31433,5
31434,5
31435,4
31436,5
31437,5
31438,5
31439,3
31440,4
31441,5
31442,4
31443,5
31444,6
31445,7
31446,4
31447,4
31448,5
31449,4
31450,5
31451,4
31452,4
31453,4
31454,3
31455,4
31456,3
31457,4
31458,2
31459,3
31460,7
31461,4
31462,4
31463,3
31464,4
31465,5
31466,5
31467,6
31468,6
31469,4
31470,3
31471,5
31472,4
31473,5
31474,6
31475,6
31476,6
31477,6
31478,7
31479,7
31480,6
31481,2
31482,2
31483,4
31484,4
31485,6
31486,3
31487,2
31488,5
31489,5
31490,5
31491,4
31492,4
31493,7
31494,7
31495,4
31496,4
31497,6
31498,3
31499,2
31500,3
31501,5
31502,4
31503,4
31504,4
31505,5
31506,6
31507,5
31508,6
31509,7
31510,3
31511,2
31512,4
31513,5
31514,4
31515,3
31516,4
31517,5
31518,5
31519,6
31520,2
31521,3
31522,5
31523,7
31524,7
31525,3
31526,2
31527,8
31528,5
31529,5
31530,3
31531,6
31532,8
31533,6
31534,8
31535,9
31536,9
31537,6
31538,3
31539,3
31540,2
31541,4
31542,4
31543,2
31544,3
31545,2
31546,3
31547,2
31548,2
31549,6
31550,3
31551,0
31552,5
31553,4
31554,2
31555,5
31556,6
31557,7
31558,6
31559,6
31560,4
31561,5
31562,9
31563,9
31564,6
31565,4
31566,5
31567,2
31568,7
31569,5
31570,5
31571,4
31572,5
31573,2
31574,3
31575,5
31576,3
31577,2
31578,4
31579,3
31580,2
31581,3
31582,5
31583,2
31584,7
31585,6
31586,4
31587,4
31588,4
31589,3
31590,2
31591,3
31592,4
31593,5
31594,6
31595,6
31596,7
31597,5
31598,7
31599,5
31600,5
31601,5
31602,4
31603,6
31604,5
31605,5
31606,3
31607,5
31608,4
31609,4
31610,5
31611,4
31612,2
31613,3
31614,3
31615,4
31616,6
31617,4
31618,5
31619,5
31620,7
31621,5
31622,3
31623,4
31624,4
31625,3
31626,4
31627,2
31628,2
31629,4
31630,5
31631,4
31632,4
31633,4
31634,5
31635,7
31636,5
31637,4
31638,6
31639,4
31640,6
31641,6
31642,4
31643,5
31644,5
31645,5
31646,5
31647,5
31648,5
31649,2
31650,4
31651,6
31652,7
31653,5
31654,4
31655,4
31656,3
31657,2
31658,4
31659,4
31660,2
31661,4
31662,5
31663,8
31664,5
31665,4
31666,5
31667,5
31668,5
31669,8
31670,6
31671,5
31672,4
31673,4
31674,4
31675,7
31676,3
31677,1
31678,3
31679,5
31680,4
31681,4
31682,4
31683,2
31684,5
31685,4
31686,4
31687,5
31688,6
31689,7
31690,6
31691,5
31692,5
31693,5
31694,4
31695,4
31696,2
31697,3
31698,3
31699,3
31700,4
31701,4
31702,5
31703,6
31704,6
31705,5
31706,6
31707,5
31708,5
31709,5
31710,4
31711,4
31712,7
31713,5
31714,4
31715,4
31716,3
31717,3
31718,5
31719,4
31720,3
31721,6
31722,6
31723,4
31724,5
31725,7
31726,6
31727,5
31728,4
31729,5
31730,4
31731,3
31732,3
31733,5
31734,3
31735,4
31736,6
31737,3
31738,4
31739,5
31740,5
31741,5
31742,3
31743,5
31744,6
31745,6
31746,8
31747,8
31748,6
31749,6
31750,4
31751,3
31752,5
31753,7
31754,4
31755,5
31756,6
31757,4
31758,4
31759,3
31760,3
31761,5
31762,5
31763,3
31764,4
31765,2
31766,2
31767,3
31768,3
31769,3
31770,3
31771,5
31772,6
31773,4
31774,5
31775,6
31776,4
31777,5
31778,3
31779,4
31780,4
31781,4
31782,3
31783,5
31784,6
31785,6
31786,4
31787,4
31788,6
31789,5
31790,6
31791,5
31792,5
31793,6
31794,6
31795,4
31796,2
31797,4
31798,6
31799,7
31800,2
31801,2
31802,0
31803,3
31804,6
31805,1
31806,1
31807,5
31808,3
31809,2
31810,4
31811,4
31812,3
31813,3
31814,4
31815,3
31816,3
31817,4
31818,6
31819,6
31820,5
31821,5
31822,6
31823,5
31824,5
31825,5
31826,6
31827,8
31828,8
31829,8
31830,6
31831,3
31832,2
31833,3
31834,2
31835,4
31836,3
31837,4
31838,2
31839,3
31840,4
31841,4
31842,4
31843,5
31844,4
31845,6
31846,5
31847,5
31848,8
31849,6
31850,6
31851,5
31852,4
31853,3
31854,5
31855,7
31856,7
31857,4
31858,4
31859,3
31860,2
31861,3
31862,4
31863,1
31864,3
31865,4
31866,5
31867,6
31868,5
31869,5
31870,7
31871,4
31872,5
31873,5
31874,5
31875,6
31876,7
31877,8
31878,7
31879,5
31880,2
31881,3
31882,6
31883,5
31884,5
31885,3
31886,3
31887,3
31888,2
31889,3
31890,5
31891,7
31892,5
31893,2
31894,4
31895,3
31896,3
31897,3
31898,4
31899,6
31900,4
31901,4
31902,5
31903,4
31904,4
31905,4
31906,0
31907,2
31908,3
31909,4
31910,3
31911,2
31912,2
31913,4
31914,3
31915,5
31916,7
31917,7
31918,6
31919,7
31920,8
31921,6
31922,6
31923,5
31924,7
31925,5
31926,6
31927,7
31928,4
31929,3
31930,6
31931,3
31932,2
31933,2
31934,3
31935,4
31936,3
31937,5
31938,6
31939,5
31940,3
31941,4
31942,4
31943,2
31944,5
31945,4
31946,2
31947,3
31948,4
31949,8
31950,5
31951,5
31952,4
31953,6
31954,5
31955,7
31956,5
31957,7
31958,9
31959,3
31960,2
31961,2
31962,4
31963,5
31964,5
31965,7
31966,5
31967,4
31968,7
31969,7
31970,6
31971,6
31972,5
31973,5
31974,4
31975,4
31976,4
31977,4
31978,3
31979,4
31980,7
31981,7
31982,5
31983,5
31984,7
31985,7
31986,7
31987,4
31988,4
31989,4
31990,4
31991,3
31992,3
31993,2
31994,2
31995,1
31996,0
31997,3
31998,4
31999,4
32000,5
32001,6
32002,6
32003,7
32004,5
32005,3
32006,3
32007,4
32008,5
32009,6
32010,5
32011,4
32012,4
32013,3
32014,4
32015,3
32016,2
32017,3
32018,3
32019,4
32020,3
32021,2
32022,4
32023,5
32024,7
32025,8
32026,6
32027,6
32028,3
32029,4
32030,7
32031,7
32032,5
32033,7
32034,7
32035,7
32036,7
32037,6
32038,5
32039,4
32040,3
32041,2
32042,3
32043,4
32044,4
32045,4
32046,6
32047,4
32048,4
32049,4
32050,2
32051,3
32052,3
32053,3
32054,5
32055,3
32056,5
32057,4
32058,6
32059,6
32060,5
32061,4
32062,4
32063,4
32064,3
32065,5
32066,5
32067,5
32068,3
32069,2
32070,4
32071,4
32072,4
32073,4
32074,8
32075,6
32076,5
32077,6
32078,7
32079,4
32080,4
32081,5
32082,8
32083,10
32084,8
32085,4
32086,3
32087,4
32088,4
32089,4
32090,1
32091,2
32092,2
32093,3
32094,3
32095,4
32096,4
32097,3
32098,5
32099,2
32100,2
32101,4
32102,5
32103,5
32104,5
32105,6
32106,7
32107,7
32108,6
32109,6
32110,5
32111,6
32112,4
32113,4
32114,6
32115,5
32116,3
32117,4
32118,2
32119,1
32120,2
32121,4
32122,5
32123,4
32124,4
32125,2
32126,3
32127,5
32128,5
32129,3
32130,6
32131,9
32132,3
32133,5
32134,4
32135,4
32136,4
32137,4
32138,4
32139,3
32140,5
32141,5
32142,5
32143,5
32144,3
32145,3
32146,2
32147,3
32148,5
32149,4
32150,6
32151,8
32152,5
32153,3
32154,3
32155,5
32156,4
32157,4
32158,6
32159,5
32160,5
32161,5
32162,5
32163,5
32164,6
32165,3
32166,2
32167,3
32168,6
32169,4
32170,4
32171,5
32172,4
32173,3
32174,5
32175,7
32176,4
32177,3
32178,4
32179,3
32180,4
32181,4
32182,3
32183,3
32184,3
32185,4
32186,5
32187,5
32188,6
32189,7
32190,7
32191,6
32192,6
32193,3
32194,4
32195,5
32196,6
32197,4
32198,5
32199,5
32200,6
32201,2
32202,3
32203,5
32204,4
32205,5
32206,5
32207,7
32208,6
32209,5
32210,6
32211,6
32212,5
32213,8
32214,6
32215,7
32216,5
32217,2
32218,3
32219,6
32220,3
32221,2
32222,8
32223,7
32224,5
32225,5
32226,6
32227,7
32228,6
32229,4
32230,4
32231,5
32232,3
32233,3
32234,4
32235,6
32236,5
32237,3
32238,3
32239,5
32240,5
32241,6
32242,6
32243,5
32244,4
32245,4
32246,4
32247,4
32248,4
32249,4
32250,4
32251,4
32252,4
32253,4
32254,5
32255,6
32256,4
32257,6
32258,6
32259,4
32260,4
32261,4
32262,4
32263,4
32264,4
32265,4
32266,4
32267,3
32268,3
32269,5
32270,4
32271,4
32272,4
32273,6
32274,5
32275,7
32276,7
32277,5
32278,8
32279,8
32280,5
32281,2
32282,3
32283,2
32284,4
32285,5
32286,3
32287,5
32288,4
32289,4
32290,5
32291,4
32292,8
32293,6
32294,6
32295,5
32296,5
32297,7
32298,6
32299,4
32300,5
32301,6
32302,6
32303,5
32304,4
32305,5
32306,6
32307,4
32308,3
32309,2
32310,5
32311,2
32312,4
32313,3
32314,3
32315,2
32316,3
32317,4
32318,3
32319,5
32320,4
32321,5
32322,3
32323,5
32324,6
32325,3
32326,2
32327,5
32328,4
32329,4
32330,3
32331,5
32332,5
32333,6
32334,6
32335,4
32336,7
32337,4
32338,3
32339,4
32340,6
32341,5
32342,5
32343,4
32344,3
32345,2
32346,4
32347,8
32348,3
32349,2
32350,2
32351,4
32352,4
32353,4
32354,4
32355,2
32356,4
32357,3
32358,3
32359,5
32360,6
32361,5
32362,4
32363,7
32364,5
32365,8
32366,6
32367,4
32368,3
32369,3
32370,1
32371,5
32372,5
32373,5
32374,2
32375,4
32376,7
32377,5
32378,6
32379,2
32380,3
32381,6
32382,7
32383,3
32384,5
32385,4
32386,3
32387,7
32388,6
32389,4
32390,7
32391,7
32392,7
32393,6
32394,5
32395,4
32396,5
32397,6
32398,7
32399,2
32400,5
32401,3
32402,3
32403,3
32404,6
32405,7
32406,3
32407,3
32408,5
32409,4
32410,5
32411,1
32412,3
32413,5
32414,2
32415,4
32416,6
32417,5
32418,4
32419,4
32420,4
32421,5
32422,5
32423,7
32424,8
32425,5
32426,4
32427,2
32428,4
32429,3
32430,4
32431,2
32432,2
32433,3
32434,5
32435,4
32436,4
32437,4
32438,4
32439,4
32440,4
32441,4
32442,3
32443,3
32444,6
32445,7
32446,6
32447,5
32448,6
32449,3
32450,4
32451,5
32452,4
32453,4
32454,6
32455,4
32456,5
32457,3
32458,3
32459,2
32460,5
32461,2
32462,3
32463,4
32464,4
32465,4
32466,3
32467,3
32468,4
32469,3
32470,5
32471,4
32472,4
32473,5
32474,6
32475,7
32476,4
32477,5
32478,6
32479,9
32480,5
32481,6
32482,5
32483,4
32484,3
32485,6
32486,6
32487,7
32488,5
32489,3
32490,3
32491,2
32492,5
32493,4
32494,4
32495,3
32496,4
32497,4
32498,5
32499,5
32500,4
32501,3
32502,3
32503,4
32504,5
32505,5
32506,6
32507,9
32508,4
32509,3
32510,5
32511,4
32512,4
32513,3
32514,3
32515,2
32516,4
32517,4
32518,4
32519,5
32520,6
32521,3
32522,3
32523,5
32524,5
32525,8
32526,4
32527,5
32528,4
32529,4
32530,5
32531,7
32532,5
32533,5
32534,4
32535,4
32536,3
32537,6
32538,5
32539,6
32540,5
32541,4
32542,5
32543,5
32544,3
32545,4
32546,3
32547,5
32548,4
32549,4
32550,2
32551,4
32552,5
32553,5
32554,2
32555,1
32556,1
32557,2
32558,4
32559,5
32560,5
32561,6
32562,5
32563,3
32564,3
32565,3
32566,5
32567,6
32568,7
32569,7
32570,7
32571,8
32572,7
32573,8
32574,4
32575,3
32576,4
32577,3
32578,3
32579,2
32580,4
32581,3
32582,3
32583,5
32584,4
32585,5
32586,4
32587,3
32588,4
32589,5
32590,4
32591,5
32592,5
32593,4
32594,3
32595,4
32596,5
32597,5
32598,4
32599,5
32600,5
32601,4
32602,4
32603,4
32604,6
32605,6
32606,6
32607,7
32608,3
32609,4
32610,3
32611,4
32612,2
32613,1
32614,2
32615,3
32616,2
32617,3
32618,2
32619,2
32620,4
32621,4
32622,4
32623,6
32624,6
32625,7
32626,6
32627,6
32628,8
32629,9
32630,9
32631,7
32632,11
32633,8
32634,7
32635,5
32636,4
32637,5
32638,4
32639,2
32640,3
32641,4
32642,5
32643,3
32644,3
32645,3
32646,5
32647,6
32648,6
32649,7
32650,5
32651,6
32652,5
32653,6
32654,6
32655,5
32656,2
32657,4
32658,3
32659,4
32660,3
32661,4
32662,4
32663,5
32664,4
32665,4
32666,3
32667,4
32668,4
32669,4
32670,4
32671,3
32672,4
32673,3
32674,3
32675,5
32676,2
32677,1
32678,1
32679,5
32680,3
32681,5
32682,3
32683,3
32684,4
32685,5
32686,7
32687,5
32688,6
32689,5
32690,5
32691,5
32692,3
32693,3
32694,5
32695,6
32696,3
32697,4
32698,6
32699,7
32700,7
32701,5
32702,7
32703,6
32704,3
32705,6
32706,3
32707,4
32708,4
32709,3
32710,3
32711,4
32712,4
32713,2
32714,2
32715,3
32716,6
32717,5
32718,5
32719,3
32720,7
32721,6
32722,6
32723,5
32724,3
32725,3
32726,3
32727,4
32728,6
32729,6
32730,5
32731,4
32732,6
32733,4
32734,4
32735,5
32736,4
32737,4
32738,5
32739,4
32740,3
32741,3
32742,5
32743,4
32744,3
32745,2
32746,3
32747,5
32748,4
32749,3
32750,6
32751,4
32752,4
32753,6
32754,6
32755,6
32756,4
32757,4
32758,5
32759,8
32760,3
32761,3
32762,5
32763,4
32764,7
32765,6
32766,6
32767,4
