layer_idx,step_idx,head_idx,plane_idx,reads_count
0,0,0,0,14
0,0,0,1,12
0,0,0,2,11
0,0,0,3,8
0,0,0,4,9
0,0,0,5,9
0,0,0,6,9
0,0,0,7,8
0,0,0,8,10
0,0,0,9,9
0,0,0,10,10
0,0,0,11,12
0,0,0,12,12
0,0,0,13,11
0,0,0,14,10
0,0,0,15,11
0,0,0,16,12
0,0,0,17,11
0,0,0,18,9
0,0,0,19,12
0,0,0,20,10
0,0,0,21,11
0,0,0,22,16
0,0,0,23,18
0,0,0,24,15
0,0,0,25,12
0,0,0,26,13
0,0,0,27,17
0,0,0,28,16
0,0,0,29,15
0,0,0,30,12
0,0,0,31,11
0,0,1,0,14
0,0,1,1,15
0,0,1,2,14
0,0,1,3,11
0,0,1,4,12
0,0,1,5,13
0,0,1,6,14
0,0,1,7,11
0,0,1,8,9
0,0,1,9,14
0,0,1,10,16
0,0,1,11,9
0,0,1,12,13
0,0,1,13,17
0,0,1,14,12
0,0,1,15,11
0,0,1,16,19
0,0,1,17,16
0,0,1,18,15
0,0,1,19,12
0,0,1,20,13
0,0,1,21,14
0,0,1,22,12
0,0,1,23,13
0,0,1,24,15
0,0,1,25,14
0,0,1,26,15
0,0,1,27,11
0,0,1,28,15
0,0,1,29,15
0,0,1,30,12
0,0,1,31,12
0,0,2,0,11
0,0,2,1,11
0,0,2,2,11
0,0,2,3,12
0,0,2,4,9
0,0,2,5,12
0,0,2,6,12
0,0,2,7,13
0,0,2,8,12
0,0,2,9,11
0,0,2,10,12
0,0,2,11,15
0,0,2,12,12
0,0,2,13,10
0,0,2,14,13
0,0,2,15,18
0,0,2,16,11
0,0,2,17,12
0,0,2,18,12
0,0,2,19,14
0,0,2,20,14
0,0,2,21,13
0,0,2,22,14
0,0,2,23,12
0,0,2,24,9
0,0,2,25,14
0,0,2,26,13
0,0,2,27,10
0,0,2,28,10
0,0,2,29,13
0,0,2,30,10
0,0,2,31,12
0,0,3,0,15
0,0,3,1,10
0,0,3,2,10
0,0,3,3,15
0,0,3,4,17
0,0,3,5,14
0,0,3,6,13
0,0,3,7,14
0,0,3,8,10
0,0,3,9,11
0,0,3,10,10
0,0,3,11,13
0,0,3,12,14
0,0,3,13,9
0,0,3,14,15
0,0,3,15,8
0,0,3,16,8
0,0,3,17,14
0,0,3,18,10
0,0,3,19,11
0,0,3,20,10
0,0,3,21,13
0,0,3,22,15
0,0,3,23,15
0,0,3,24,13
0,0,3,25,10
0,0,3,26,11
0,0,3,27,18
0,0,3,28,16
0,0,3,29,15
0,0,3,30,12
0,0,3,31,10
0,0,4,0,17
0,0,4,1,15
0,0,4,2,13
0,0,4,3,15
0,0,4,4,13
0,0,4,5,13
0,0,4,6,12
0,0,4,7,12
0,0,4,8,13
0,0,4,9,8
0,0,4,10,8
0,0,4,11,11
0,0,4,12,12
0,0,4,13,15
0,0,4,14,10
0,0,4,15,9
0,0,4,16,11
0,0,4,17,17
0,0,4,18,17
0,0,4,19,9
0,0,4,20,13
0,0,4,21,14
0,0,4,22,9
0,0,4,23,9
0,0,4,24,13
0,0,4,25,13
0,0,4,26,9
0,0,4,27,17
0,0,4,28,16
0,0,4,29,11
0,0,4,30,12
0,0,4,31,11
0,0,5,0,15
0,0,5,1,18
0,0,5,2,14
0,0,5,3,14
0,0,5,4,13
0,0,5,5,13
0,0,5,6,16
0,0,5,7,19
0,0,5,8,14
0,0,5,9,12
0,0,5,10,10
0,0,5,11,13
0,0,5,12,15
0,0,5,13,10
0,0,5,14,13
0,0,5,15,15
0,0,5,16,12
0,0,5,17,11
0,0,5,18,12
0,0,5,19,11
0,0,5,20,9
0,0,5,21,10
0,0,5,22,9
0,0,5,23,11
0,0,5,24,11
0,0,5,25,10
0,0,5,26,9
0,0,5,27,14
0,0,5,28,12
0,0,5,29,12
0,0,5,30,12
0,0,5,31,14
0,0,6,0,12
0,0,6,1,14
0,0,6,2,12
0,0,6,3,10
0,0,6,4,10
0,0,6,5,12
0,0,6,6,10
0,0,6,7,11
0,0,6,8,13
0,0,6,9,12
0,0,6,10,13
0,0,6,11,14
0,0,6,12,9
0,0,6,13,14
0,0,6,14,12
0,0,6,15,13
0,0,6,16,13
0,0,6,17,12
0,0,6,18,12
0,0,6,19,17
0,0,6,20,14
0,0,6,21,15
0,0,6,22,16
0,0,6,23,15
0,0,6,24,13
0,0,6,25,17
0,0,6,26,14
0,0,6,27,9
0,0,6,28,15
0,0,6,29,16
0,0,6,30,15
0,0,6,31,10
0,0,7,0,14
0,0,7,1,10
0,0,7,2,16
0,0,7,3,20
0,0,7,4,14
0,0,7,5,12
0,0,7,6,12
0,0,7,7,15
0,0,7,8,11
0,0,7,9,10
0,0,7,10,18
0,0,7,11,13
0,0,7,12,11
0,0,7,13,14
0,0,7,14,16
0,0,7,15,9
0,0,7,16,7
0,0,7,17,9
0,0,7,18,12
0,0,7,19,13
0,0,7,20,14
0,0,7,21,12
0,0,7,22,10
0,0,7,23,9
0,0,7,24,14
0,0,7,25,13
0,0,7,26,13
0,0,7,27,12
0,0,7,28,12
0,0,7,29,10
0,0,7,30,12
0,0,7,31,17
1,0,0,0,11
1,0,0,1,10
1,0,0,2,15
1,0,0,3,16
1,0,0,4,12
1,0,0,5,13
1,0,0,6,13
1,0,0,7,10
1,0,0,8,11
1,0,0,9,13
1,0,0,10,14
1,0,0,11,15
1,0,0,12,10
1,0,0,13,9
1,0,0,14,13
1,0,0,15,12
1,0,0,16,11
1,0,0,17,13
1,0,0,18,12
1,0,0,19,10
1,0,0,20,8
1,0,0,21,11
1,0,0,22,14
1,0,0,23,13
1,0,0,24,12
1,0,0,25,14
1,0,0,26,8
1,0,0,27,7
1,0,0,28,9
1,0,0,29,12
1,0,0,30,10
1,0,0,31,11
1,0,1,0,12
1,0,1,1,10
1,0,1,2,13
1,0,1,3,13
1,0,1,4,9
1,0,1,5,9
1,0,1,6,12
1,0,1,7,12
1,0,1,8,14
1,0,1,9,14
1,0,1,10,13
1,0,1,11,15
1,0,1,12,10
1,0,1,13,10
1,0,1,14,8
1,0,1,15,12
1,0,1,16,14
1,0,1,17,15
1,0,1,18,15
1,0,1,19,11
1,0,1,20,14
1,0,1,21,13
1,0,1,22,15
1,0,1,23,14
1,0,1,24,12
1,0,1,25,12
1,0,1,26,14
1,0,1,27,10
1,0,1,28,8
1,0,1,29,7
1,0,1,30,11
1,0,1,31,11
1,0,2,0,9
1,0,2,1,8
1,0,2,2,11
1,0,2,3,12
1,0,2,4,12
1,0,2,5,14
1,0,2,6,13
1,0,2,7,12
1,0,2,8,11
1,0,2,9,14
1,0,2,10,10
1,0,2,11,11
1,0,2,12,12
1,0,2,13,13
1,0,2,14,12
1,0,2,15,9
1,0,2,16,10
1,0,2,17,11
1,0,2,18,12
1,0,2,19,9
1,0,2,20,10
1,0,2,21,9
1,0,2,22,11
1,0,2,23,8
1,0,2,24,10
1,0,2,25,11
1,0,2,26,12
1,0,2,27,11
1,0,2,28,13
1,0,2,29,14
1,0,2,30,15
1,0,2,31,12
1,0,3,0,10
1,0,3,1,10
1,0,3,2,9
1,0,3,3,12
1,0,3,4,16
1,0,3,5,18
1,0,3,6,13
1,0,3,7,13
1,0,3,8,14
1,0,3,9,9
1,0,3,10,12
1,0,3,11,14
1,0,3,12,13
1,0,3,13,14
1,0,3,14,13
1,0,3,15,12
1,0,3,16,12
1,0,3,17,10
1,0,3,18,11
1,0,3,19,10
1,0,3,20,13
1,0,3,21,11
1,0,3,22,10
1,0,3,23,12
1,0,3,24,12
1,0,3,25,12
1,0,3,26,9
1,0,3,27,9
1,0,3,28,10
1,0,3,29,10
1,0,3,30,10
1,0,3,31,10
1,0,4,0,11
1,0,4,1,9
1,0,4,2,10
1,0,4,3,12
1,0,4,4,13
1,0,4,5,13
1,0,4,6,15
1,0,4,7,15
1,0,4,8,19
1,0,4,9,17
1,0,4,10,15
1,0,4,11,11
1,0,4,12,11
1,0,4,13,13
1,0,4,14,7
1,0,4,15,8
1,0,4,16,10
1,0,4,17,8
1,0,4,18,13
1,0,4,19,12
1,0,4,20,13
1,0,4,21,13
1,0,4,22,15
1,0,4,23,15
1,0,4,24,16
1,0,4,25,10
1,0,4,26,14
1,0,4,27,14
1,0,4,28,11
1,0,4,29,10
1,0,4,30,8
1,0,4,31,11
1,0,5,0,11
1,0,5,1,12
1,0,5,2,12
1,0,5,3,9
1,0,5,4,8
1,0,5,5,12
1,0,5,6,14
1,0,5,7,14
1,0,5,8,15
1,0,5,9,14
1,0,5,10,14
1,0,5,11,11
1,0,5,12,12
1,0,5,13,11
1,0,5,14,13
1,0,5,15,11
1,0,5,16,13
1,0,5,17,12
1,0,5,18,13
1,0,5,19,12
1,0,5,20,10
1,0,5,21,12
1,0,5,22,9
1,0,5,23,13
1,0,5,24,16
1,0,5,25,14
1,0,5,26,12
1,0,5,27,12
1,0,5,28,16
1,0,5,29,11
1,0,5,30,9
1,0,5,31,13
1,0,6,0,13
1,0,6,1,10
1,0,6,2,10
1,0,6,3,11
1,0,6,4,11
1,0,6,5,7
1,0,6,6,10
1,0,6,7,13
1,0,6,8,12
1,0,6,9,10
1,0,6,10,13
1,0,6,11,18
1,0,6,12,14
1,0,6,13,12
1,0,6,14,12
1,0,6,15,14
1,0,6,16,15
1,0,6,17,10
1,0,6,18,11
1,0,6,19,12
1,0,6,20,13
1,0,6,21,13
1,0,6,22,10
1,0,6,23,15
1,0,6,24,13
1,0,6,25,11
1,0,6,26,10
1,0,6,27,10
1,0,6,28,14
1,0,6,29,14
1,0,6,30,15
1,0,6,31,12
1,0,7,0,10
1,0,7,1,10
1,0,7,2,9
1,0,7,3,11
1,0,7,4,12
1,0,7,5,8
1,0,7,6,8
1,0,7,7,9
1,0,7,8,11
1,0,7,9,8
1,0,7,10,12
1,0,7,11,10
1,0,7,12,11
1,0,7,13,10
1,0,7,14,9
1,0,7,15,10
1,0,7,16,13
1,0,7,17,12
1,0,7,18,14
1,0,7,19,11
1,0,7,20,14
1,0,7,21,18
1,0,7,22,12
1,0,7,23,13
1,0,7,24,14
1,0,7,25,14
1,0,7,26,14
1,0,7,27,13
1,0,7,28,11
1,0,7,29,11
1,0,7,30,12
1,0,7,31,12
2,0,0,0,9
2,0,0,1,13
2,0,0,2,11
2,0,0,3,13
2,0,0,4,11
2,0,0,5,9
2,0,0,6,6
2,0,0,7,7
2,0,0,8,10
2,0,0,9,10
2,0,0,10,10
2,0,0,11,14
2,0,0,12,12
2,0,0,13,13
2,0,0,14,15
2,0,0,15,14
2,0,0,16,16
2,0,0,17,15
2,0,0,18,9
2,0,0,19,8
2,0,0,20,9
2,0,0,21,9
2,0,0,22,10
2,0,0,23,9
2,0,0,24,12
2,0,0,25,11
2,0,0,26,11
2,0,0,27,14
2,0,0,28,14
2,0,0,29,13
2,0,0,30,11
2,0,0,31,7
2,0,1,0,16
2,0,1,1,14
2,0,1,2,15
2,0,1,3,14
2,0,1,4,13
2,0,1,5,13
2,0,1,6,12
2,0,1,7,12
2,0,1,8,11
2,0,1,9,11
2,0,1,10,11
2,0,1,11,10
2,0,1,12,9
2,0,1,13,10
2,0,1,14,9
2,0,1,15,9
2,0,1,16,10
2,0,1,17,10
2,0,1,18,11
2,0,1,19,10
2,0,1,20,9
2,0,1,21,9
2,0,1,22,9
2,0,1,23,11
2,0,1,24,11
2,0,1,25,11
2,0,1,26,13
2,0,1,27,13
2,0,1,28,12
2,0,1,29,12
2,0,1,30,14
2,0,1,31,14
2,0,2,0,13
2,0,2,1,14
2,0,2,2,11
2,0,2,3,11
2,0,2,4,13
2,0,2,5,14
2,0,2,6,14
2,0,2,7,14
2,0,2,8,11
2,0,2,9,13
2,0,2,10,13
2,0,2,11,9
2,0,2,12,12
2,0,2,13,13
2,0,2,14,11
2,0,2,15,11
2,0,2,16,15
2,0,2,17,9
2,0,2,18,10
2,0,2,19,9
2,0,2,20,10
2,0,2,21,11
2,0,2,22,9
2,0,2,23,13
2,0,2,24,11
2,0,2,25,13
2,0,2,26,11
2,0,2,27,8
2,0,2,28,10
2,0,2,29,13
2,0,2,30,12
2,0,2,31,11
2,0,3,0,11
2,0,3,1,7
2,0,3,2,9
2,0,3,3,9
2,0,3,4,11
2,0,3,5,8
2,0,3,6,10
2,0,3,7,11
2,0,3,8,10
2,0,3,9,8
2,0,3,10,14
2,0,3,11,10
2,0,3,12,11
2,0,3,13,9
2,0,3,14,8
2,0,3,15,11
2,0,3,16,12
2,0,3,17,16
2,0,3,18,15
2,0,3,19,13
2,0,3,20,13
2,0,3,21,9
2,0,3,22,9
2,0,3,23,10
2,0,3,24,13
2,0,3,25,11
2,0,3,26,11
2,0,3,27,14
2,0,3,28,15
2,0,3,29,10
2,0,3,30,9
2,0,3,31,8
2,0,4,0,13
2,0,4,1,15
2,0,4,2,12
2,0,4,3,13
2,0,4,4,12
2,0,4,5,11
2,0,4,6,9
2,0,4,7,13
2,0,4,8,13
2,0,4,9,11
2,0,4,10,10
2,0,4,11,9
2,0,4,12,11
2,0,4,13,13
2,0,4,14,10
2,0,4,15,7
2,0,4,16,10
2,0,4,17,11
2,0,4,18,12
2,0,4,19,13
2,0,4,20,14
2,0,4,21,12
2,0,4,22,13
2,0,4,23,13
2,0,4,24,13
2,0,4,25,12
2,0,4,26,12
2,0,4,27,10
2,0,4,28,10
2,0,4,29,10
2,0,4,30,9
2,0,4,31,10
2,0,5,0,12
2,0,5,1,14
2,0,5,2,15
2,0,5,3,8
2,0,5,4,10
2,0,5,5,14
2,0,5,6,15
2,0,5,7,12
2,0,5,8,15
2,0,5,9,15
2,0,5,10,11
2,0,5,11,3
2,0,5,12,11
2,0,5,13,12
2,0,5,14,13
2,0,5,15,11
2,0,5,16,8
2,0,5,17,7
2,0,5,18,10
2,0,5,19,13
2,0,5,20,11
2,0,5,21,11
2,0,5,22,11
2,0,5,23,13
2,0,5,24,13
2,0,5,25,12
2,0,5,26,14
2,0,5,27,13
2,0,5,28,11
2,0,5,29,10
2,0,5,30,9
2,0,5,31,10
2,0,6,0,10
2,0,6,1,11
2,0,6,2,11
2,0,6,3,11
2,0,6,4,8
2,0,6,5,7
2,0,6,6,9
2,0,6,7,10
2,0,6,8,7
2,0,6,9,10
2,0,6,10,10
2,0,6,11,10
2,0,6,12,14
2,0,6,13,16
2,0,6,14,12
2,0,6,15,8
2,0,6,16,11
2,0,6,17,11
2,0,6,18,12
2,0,6,19,13
2,0,6,20,15
2,0,6,21,13
2,0,6,22,11
2,0,6,23,11
2,0,6,24,13
2,0,6,25,11
2,0,6,26,10
2,0,6,27,9
2,0,6,28,11
2,0,6,29,11
2,0,6,30,12
2,0,6,31,11
2,0,7,0,16
2,0,7,1,14
2,0,7,2,13
2,0,7,3,8
2,0,7,4,9
2,0,7,5,13
2,0,7,6,12
2,0,7,7,12
2,0,7,8,15
2,0,7,9,13
2,0,7,10,11
2,0,7,11,12
2,0,7,12,13
2,0,7,13,11
2,0,7,14,11
2,0,7,15,8
2,0,7,16,9
2,0,7,17,12
2,0,7,18,13
2,0,7,19,14
2,0,7,20,9
2,0,7,21,12
2,0,7,22,14
2,0,7,23,13
2,0,7,24,12
2,0,7,25,8
2,0,7,26,11
2,0,7,27,11
2,0,7,28,11
2,0,7,29,11
2,0,7,30,9
2,0,7,31,9
3,0,0,0,15
3,0,0,1,13
3,0,0,2,12
3,0,0,3,11
3,0,0,4,10
3,0,0,5,15
3,0,0,6,17
3,0,0,7,17
3,0,0,8,13
3,0,0,9,13
3,0,0,10,9
3,0,0,11,7
3,0,0,12,11
3,0,0,13,8
3,0,0,14,10
3,0,0,15,11
3,0,0,16,13
3,0,0,17,12
3,0,0,18,8
3,0,0,19,7
3,0,0,20,9
3,0,0,21,12
3,0,0,22,12
3,0,0,23,10
3,0,0,24,12
3,0,0,25,10
3,0,0,26,12
3,0,0,27,14
3,0,0,28,10
3,0,0,29,10
3,0,0,30,12
3,0,0,31,11
3,0,1,0,10
3,0,1,1,11
3,0,1,2,13
3,0,1,3,15
3,0,1,4,10
3,0,1,5,7
3,0,1,6,11
3,0,1,7,18
3,0,1,8,15
3,0,1,9,11
3,0,1,10,11
3,0,1,11,9
3,0,1,12,11
3,0,1,13,13
3,0,1,14,13
3,0,1,15,12
3,0,1,16,13
3,0,1,17,10
3,0,1,18,11
3,0,1,19,14
3,0,1,20,12
3,0,1,21,10
3,0,1,22,12
3,0,1,23,7
3,0,1,24,12
3,0,1,25,11
3,0,1,26,14
3,0,1,27,14
3,0,1,28,13
3,0,1,29,13
3,0,1,30,10
3,0,1,31,11
3,0,2,0,12
3,0,2,1,12
3,0,2,2,9
3,0,2,3,10
3,0,2,4,8
3,0,2,5,10
3,0,2,6,15
3,0,2,7,12
3,0,2,8,13
3,0,2,9,12
3,0,2,10,13
3,0,2,11,13
3,0,2,12,13
3,0,2,13,14
3,0,2,14,11
3,0,2,15,8
3,0,2,16,11
3,0,2,17,13
3,0,2,18,13
3,0,2,19,13
3,0,2,20,9
3,0,2,21,6
3,0,2,22,8
3,0,2,23,11
3,0,2,24,10
3,0,2,25,11
3,0,2,26,17
3,0,2,27,16
3,0,2,28,13
3,0,2,29,14
3,0,2,30,9
3,0,2,31,9
3,0,3,0,12
3,0,3,1,12
3,0,3,2,13
3,0,3,3,12
3,0,3,4,9
3,0,3,5,12
3,0,3,6,12
3,0,3,7,10
3,0,3,8,14
3,0,3,9,12
3,0,3,10,11
3,0,3,11,12
3,0,3,12,15
3,0,3,13,13
3,0,3,14,15
3,0,3,15,13
3,0,3,16,12
3,0,3,17,14
3,0,3,18,12
3,0,3,19,14
3,0,3,20,12
3,0,3,21,11
3,0,3,22,11
3,0,3,23,12
3,0,3,24,11
3,0,3,25,10
3,0,3,26,9
3,0,3,27,9
3,0,3,28,9
3,0,3,29,10
3,0,3,30,11
3,0,3,31,11
3,0,4,0,13
3,0,4,1,10
3,0,4,2,7
3,0,4,3,11
3,0,4,4,17
3,0,4,5,15
3,0,4,6,13
3,0,4,7,14
3,0,4,8,16
3,0,4,9,13
3,0,4,10,11
3,0,4,11,10
3,0,4,12,13
3,0,4,13,6
3,0,4,14,11
3,0,4,15,14
3,0,4,16,14
3,0,4,17,12
3,0,4,18,16
3,0,4,19,16
3,0,4,20,12
3,0,4,21,11
3,0,4,22,12
3,0,4,23,13
3,0,4,24,9
3,0,4,25,12
3,0,4,26,14
3,0,4,27,13
3,0,4,28,14
3,0,4,29,11
3,0,4,30,12
3,0,4,31,14
3,0,5,0,14
3,0,5,1,13
3,0,5,2,15
3,0,5,3,16
3,0,5,4,13
3,0,5,5,11
3,0,5,6,10
3,0,5,7,11
3,0,5,8,14
3,0,5,9,9
3,0,5,10,12
3,0,5,11,13
3,0,5,12,10
3,0,5,13,11
3,0,5,14,15
3,0,5,15,14
3,0,5,16,9
3,0,5,17,10
3,0,5,18,16
3,0,5,19,15
3,0,5,20,11
3,0,5,21,11
3,0,5,22,10
3,0,5,23,11
3,0,5,24,13
3,0,5,25,13
3,0,5,26,10
3,0,5,27,13
3,0,5,28,11
3,0,5,29,11
3,0,5,30,12
3,0,5,31,9
3,0,6,0,14
3,0,6,1,13
3,0,6,2,12
3,0,6,3,10
3,0,6,4,8
3,0,6,5,10
3,0,6,6,9
3,0,6,7,9
3,0,6,8,9
3,0,6,9,11
3,0,6,10,9
3,0,6,11,9
3,0,6,12,11
3,0,6,13,13
3,0,6,14,13
3,0,6,15,15
3,0,6,16,11
3,0,6,17,10
3,0,6,18,13
3,0,6,19,14
3,0,6,20,12
3,0,6,21,13
3,0,6,22,10
3,0,6,23,14
3,0,6,24,14
3,0,6,25,11
3,0,6,26,12
3,0,6,27,11
3,0,6,28,12
3,0,6,29,14
3,0,6,30,11
3,0,6,31,11
3,0,7,0,15
3,0,7,1,15
3,0,7,2,13
3,0,7,3,12
3,0,7,4,11
3,0,7,5,9
3,0,7,6,8
3,0,7,7,6
3,0,7,8,8
3,0,7,9,7
3,0,7,10,6
3,0,7,11,5
3,0,7,12,6
3,0,7,13,8
3,0,7,14,9
3,0,7,15,7
3,0,7,16,8
3,0,7,17,11
3,0,7,18,14
3,0,7,19,11
3,0,7,20,12
3,0,7,21,15
3,0,7,22,16
3,0,7,23,14
3,0,7,24,17
3,0,7,25,19
3,0,7,26,17
3,0,7,27,15
3,0,7,28,19
3,0,7,29,15
3,0,7,30,14
3,0,7,31,16
4,0,0,0,14
4,0,0,1,14
4,0,0,2,11
4,0,0,3,12
4,0,0,4,14
4,0,0,5,12
4,0,0,6,11
4,0,0,7,11
4,0,0,8,12
4,0,0,9,14
4,0,0,10,9
4,0,0,11,9
4,0,0,12,9
4,0,0,13,12
4,0,0,14,13
4,0,0,15,8
4,0,0,16,9
4,0,0,17,10
4,0,0,18,10
4,0,0,19,13
4,0,0,20,10
4,0,0,21,10
4,0,0,22,12
4,0,0,23,12
4,0,0,24,13
4,0,0,25,13
4,0,0,26,12
4,0,0,27,14
4,0,0,28,11
4,0,0,29,11
4,0,0,30,12
4,0,0,31,11
4,0,1,0,6
4,0,1,1,6
4,0,1,2,5
4,0,1,3,6
4,0,1,4,7
4,0,1,5,6
4,0,1,6,8
4,0,1,7,11
4,0,1,8,11
4,0,1,9,13
4,0,1,10,12
4,0,1,11,15
4,0,1,12,14
4,0,1,13,12
4,0,1,14,19
4,0,1,15,18
4,0,1,16,19
4,0,1,17,17
4,0,1,18,17
4,0,1,19,15
4,0,1,20,12
4,0,1,21,12
4,0,1,22,13
4,0,1,23,18
4,0,1,24,14
4,0,1,25,11
4,0,1,26,10
4,0,1,27,11
4,0,1,28,13
4,0,1,29,9
4,0,1,30,9
4,0,1,31,7
4,0,2,0,10
4,0,2,1,10
4,0,2,2,10
4,0,2,3,11
4,0,2,4,14
4,0,2,5,13
4,0,2,6,11
4,0,2,7,12
4,0,2,8,11
4,0,2,9,11
4,0,2,10,12
4,0,2,11,11
4,0,2,12,12
4,0,2,13,12
4,0,2,14,11
4,0,2,15,12
4,0,2,16,12
4,0,2,17,12
4,0,2,18,13
4,0,2,19,12
4,0,2,20,12
4,0,2,21,13
4,0,2,22,13
4,0,2,23,10
4,0,2,24,12
4,0,2,25,12
4,0,2,26,12
4,0,2,27,13
4,0,2,28,16
4,0,2,29,12
4,0,2,30,12
4,0,2,31,11
4,0,3,0,10
4,0,3,1,11
4,0,3,2,11
4,0,3,3,11
4,0,3,4,10
4,0,3,5,10
4,0,3,6,12
4,0,3,7,14
4,0,3,8,15
4,0,3,9,12
4,0,3,10,11
4,0,3,11,12
4,0,3,12,11
4,0,3,13,10
4,0,3,14,11
4,0,3,15,7
4,0,3,16,11
4,0,3,17,11
4,0,3,18,9
4,0,3,19,7
4,0,3,20,9
4,0,3,21,10
4,0,3,22,12
4,0,3,23,13
4,0,3,24,12
4,0,3,25,15
4,0,3,26,16
4,0,3,27,13
4,0,3,28,14
4,0,3,29,15
4,0,3,30,15
4,0,3,31,11
4,0,4,0,9
4,0,4,1,7
4,0,4,2,11
4,0,4,3,9
4,0,4,4,10
4,0,4,5,10
4,0,4,6,14
4,0,4,7,15
4,0,4,8,13
4,0,4,9,12
4,0,4,10,12
4,0,4,11,12
4,0,4,12,10
4,0,4,13,13
4,0,4,14,12
4,0,4,15,16
4,0,4,16,9
4,0,4,17,7
4,0,4,18,8
4,0,4,19,8
4,0,4,20,7
4,0,4,21,17
4,0,4,22,16
4,0,4,23,11
4,0,4,24,10
4,0,4,25,10
4,0,4,26,9
4,0,4,27,15
4,0,4,28,12
4,0,4,29,15
4,0,4,30,16
4,0,4,31,13
4,0,5,0,15
4,0,5,1,15
4,0,5,2,13
4,0,5,3,13
4,0,5,4,11
4,0,5,5,10
4,0,5,6,11
4,0,5,7,11
4,0,5,8,12
4,0,5,9,13
4,0,5,10,14
4,0,5,11,12
4,0,5,12,12
4,0,5,13,14
4,0,5,14,11
4,0,5,15,10
4,0,5,16,8
4,0,5,17,11
4,0,5,18,11
4,0,5,19,13
4,0,5,20,11
4,0,5,21,11
4,0,5,22,13
4,0,5,23,9
4,0,5,24,10
4,0,5,25,12
4,0,5,26,10
4,0,5,27,12
4,0,5,28,14
4,0,5,29,13
4,0,5,30,11
4,0,5,31,11
4,0,6,0,15
4,0,6,1,13
4,0,6,2,12
4,0,6,3,15
4,0,6,4,14
4,0,6,5,11
4,0,6,6,13
4,0,6,7,13
4,0,6,8,14
4,0,6,9,13
4,0,6,10,10
4,0,6,11,9
4,0,6,12,11
4,0,6,13,12
4,0,6,14,13
4,0,6,15,14
4,0,6,16,12
4,0,6,17,10
4,0,6,18,11
4,0,6,19,9
4,0,6,20,7
4,0,6,21,12
4,0,6,22,13
4,0,6,23,11
4,0,6,24,11
4,0,6,25,11
4,0,6,26,9
4,0,6,27,8
4,0,6,28,12
4,0,6,29,11
4,0,6,30,11
4,0,6,31,11
4,0,7,0,11
4,0,7,1,12
4,0,7,2,12
4,0,7,3,14
4,0,7,4,13
4,0,7,5,14
4,0,7,6,12
4,0,7,7,15
4,0,7,8,13
4,0,7,9,13
4,0,7,10,12
4,0,7,11,9
4,0,7,12,7
4,0,7,13,5
4,0,7,14,11
4,0,7,15,13
4,0,7,16,11
4,0,7,17,13
4,0,7,18,13
4,0,7,19,15
4,0,7,20,12
4,0,7,21,14
4,0,7,22,12
4,0,7,23,11
4,0,7,24,14
4,0,7,25,12
4,0,7,26,10
4,0,7,27,12
4,0,7,28,9
4,0,7,29,9
4,0,7,30,11
4,0,7,31,11
5,0,0,0,9
5,0,0,1,11
5,0,0,2,8
5,0,0,3,11
5,0,0,4,7
5,0,0,5,4
5,0,0,6,5
5,0,0,7,5
5,0,0,8,8
5,0,0,9,10
5,0,0,10,9
5,0,0,11,9
5,0,0,12,9
5,0,0,13,12
5,0,0,14,11
5,0,0,15,12
5,0,0,16,12
5,0,0,17,13
5,0,0,18,14
5,0,0,19,15
5,0,0,20,16
5,0,0,21,17
5,0,0,22,18
5,0,0,23,18
5,0,0,24,16
5,0,0,25,15
5,0,0,26,18
5,0,0,27,18
5,0,0,28,13
5,0,0,29,14
5,0,0,30,11
5,0,0,31,7
5,0,1,0,8
5,0,1,1,9
5,0,1,2,10
5,0,1,3,9
5,0,1,4,10
5,0,1,5,11
5,0,1,6,11
5,0,1,7,12
5,0,1,8,12
5,0,1,9,11
5,0,1,10,12
5,0,1,11,11
5,0,1,12,13
5,0,1,13,14
5,0,1,14,12
5,0,1,15,12
5,0,1,16,13
5,0,1,17,12
5,0,1,18,15
5,0,1,19,15
5,0,1,20,15
5,0,1,21,13
5,0,1,22,15
5,0,1,23,14
5,0,1,24,14
5,0,1,25,12
5,0,1,26,12
5,0,1,27,13
5,0,1,28,12
5,0,1,29,14
5,0,1,30,12
5,0,1,31,13
5,0,2,0,12
5,0,2,1,9
5,0,2,2,9
5,0,2,3,13
5,0,2,4,11
5,0,2,5,11
5,0,2,6,9
5,0,2,7,12
5,0,2,8,9
5,0,2,9,11
5,0,2,10,13
5,0,2,11,12
5,0,2,12,6
5,0,2,13,14
5,0,2,14,9
5,0,2,15,10
5,0,2,16,10
5,0,2,17,9
5,0,2,18,15
5,0,2,19,13
5,0,2,20,12
5,0,2,21,11
5,0,2,22,11
5,0,2,23,15
5,0,2,24,8
5,0,2,25,15
5,0,2,26,15
5,0,2,27,14
5,0,2,28,13
5,0,2,29,11
5,0,2,30,9
5,0,2,31,11
5,0,3,0,12
5,0,3,1,14
5,0,3,2,11
5,0,3,3,15
5,0,3,4,13
5,0,3,5,10
5,0,3,6,11
5,0,3,7,13
5,0,3,8,10
5,0,3,9,12
5,0,3,10,11
5,0,3,11,13
5,0,3,12,10
5,0,3,13,13
5,0,3,14,11
5,0,3,15,12
5,0,3,16,10
5,0,3,17,11
5,0,3,18,12
5,0,3,19,12
5,0,3,20,11
5,0,3,21,10
5,0,3,22,10
5,0,3,23,11
5,0,3,24,13
5,0,3,25,13
5,0,3,26,12
5,0,3,27,12
5,0,3,28,10
5,0,3,29,9
5,0,3,30,13
5,0,3,31,12
5,0,4,0,10
5,0,4,1,12
5,0,4,2,11
5,0,4,3,13
5,0,4,4,14
5,0,4,5,15
5,0,4,6,16
5,0,4,7,16
5,0,4,8,14
5,0,4,9,13
5,0,4,10,15
5,0,4,11,12
5,0,4,12,14
5,0,4,13,15
5,0,4,14,13
5,0,4,15,9
5,0,4,16,11
5,0,4,17,11
5,0,4,18,12
5,0,4,19,12
5,0,4,20,10
5,0,4,21,7
5,0,4,22,9
5,0,4,23,8
5,0,4,24,8
5,0,4,25,8
5,0,4,26,9
5,0,4,27,11
5,0,4,28,10
5,0,4,29,11
5,0,4,30,11
5,0,4,31,11
5,0,5,0,11
5,0,5,1,13
5,0,5,2,15
5,0,5,3,12
5,0,5,4,10
5,0,5,5,13
5,0,5,6,13
5,0,5,7,14
5,0,5,8,12
5,0,5,9,12
5,0,5,10,13
5,0,5,11,15
5,0,5,12,14
5,0,5,13,14
5,0,5,14,10
5,0,5,15,12
5,0,5,16,11
5,0,5,17,13
5,0,5,18,11
5,0,5,19,8
5,0,5,20,10
5,0,5,21,9
5,0,5,22,8
5,0,5,23,9
5,0,5,24,8
5,0,5,25,9
5,0,5,26,12
5,0,5,27,11
5,0,5,28,12
5,0,5,29,12
5,0,5,30,10
5,0,5,31,9
5,0,6,0,14
5,0,6,1,13
5,0,6,2,11
5,0,6,3,9
5,0,6,4,9
5,0,6,5,9
5,0,6,6,8
5,0,6,7,11
5,0,6,8,14
5,0,6,9,9
5,0,6,10,9
5,0,6,11,11
5,0,6,12,8
5,0,6,13,10
5,0,6,14,11
5,0,6,15,13
5,0,6,16,13
5,0,6,17,12
5,0,6,18,12
5,0,6,19,15
5,0,6,20,10
5,0,6,21,14
5,0,6,22,15
5,0,6,23,17
5,0,6,24,14
5,0,6,25,13
5,0,6,26,13
5,0,6,27,15
5,0,6,28,11
5,0,6,29,10
5,0,6,30,10
5,0,6,31,12
5,0,7,0,15
5,0,7,1,14
5,0,7,2,14
5,0,7,3,11
5,0,7,4,8
5,0,7,5,8
5,0,7,6,10
5,0,7,7,10
5,0,7,8,10
5,0,7,9,8
5,0,7,10,12
5,0,7,11,10
5,0,7,12,8
5,0,7,13,9
5,0,7,14,10
5,0,7,15,10
5,0,7,16,10
5,0,7,17,10
5,0,7,18,13
5,0,7,19,14
5,0,7,20,8
5,0,7,21,12
5,0,7,22,14
5,0,7,23,15
5,0,7,24,14
5,0,7,25,14
5,0,7,26,17
5,0,7,27,11
5,0,7,28,12
5,0,7,29,12
5,0,7,30,16
5,0,7,31,13
6,0,0,0,11
6,0,0,1,13
6,0,0,2,10
6,0,0,3,14
6,0,0,4,17
6,0,0,5,12
6,0,0,6,12
6,0,0,7,11
6,0,0,8,12
6,0,0,9,14
6,0,0,10,13
6,0,0,11,11
6,0,0,12,12
6,0,0,13,11
6,0,0,14,15
6,0,0,15,9
6,0,0,16,11
6,0,0,17,10
6,0,0,18,10
6,0,0,19,11
6,0,0,20,10
6,0,0,21,10
6,0,0,22,9
6,0,0,23,9
6,0,0,24,11
6,0,0,25,9
6,0,0,26,11
6,0,0,27,13
6,0,0,28,13
6,0,0,29,7
6,0,0,30,9
6,0,0,31,11
6,0,1,0,9
6,0,1,1,13
6,0,1,2,13
6,0,1,3,14
6,0,1,4,12
6,0,1,5,14
6,0,1,6,14
6,0,1,7,12
6,0,1,8,12
6,0,1,9,13
6,0,1,10,12
6,0,1,11,12
6,0,1,12,11
6,0,1,13,11
6,0,1,14,11
6,0,1,15,8
6,0,1,16,9
6,0,1,17,9
6,0,1,18,10
6,0,1,19,12
6,0,1,20,11
6,0,1,21,13
6,0,1,22,12
6,0,1,23,11
6,0,1,24,13
6,0,1,25,13
6,0,1,26,12
6,0,1,27,13
6,0,1,28,12
6,0,1,29,11
6,0,1,30,9
6,0,1,31,12
6,0,2,0,9
6,0,2,1,12
6,0,2,2,10
6,0,2,3,13
6,0,2,4,12
6,0,2,5,11
6,0,2,6,13
6,0,2,7,13
6,0,2,8,14
6,0,2,9,13
6,0,2,10,15
6,0,2,11,11
6,0,2,12,10
6,0,2,13,11
6,0,2,14,11
6,0,2,15,9
6,0,2,16,11
6,0,2,17,15
6,0,2,18,14
6,0,2,19,18
6,0,2,20,13
6,0,2,21,11
6,0,2,22,13
6,0,2,23,9
6,0,2,24,13
6,0,2,25,10
6,0,2,26,12
6,0,2,27,11
6,0,2,28,9
6,0,2,29,12
6,0,2,30,8
6,0,2,31,8
6,0,3,0,9
6,0,3,1,12
6,0,3,2,13
6,0,3,3,13
6,0,3,4,13
6,0,3,5,13
6,0,3,6,12
6,0,3,7,13
6,0,3,8,14
6,0,3,9,12
6,0,3,10,11
6,0,3,11,11
6,0,3,12,12
6,0,3,13,10
6,0,3,14,11
6,0,3,15,10
6,0,3,16,11
6,0,3,17,12
6,0,3,18,13
6,0,3,19,11
6,0,3,20,12
6,0,3,21,11
6,0,3,22,10
6,0,3,23,11
6,0,3,24,11
6,0,3,25,10
6,0,3,26,13
6,0,3,27,12
6,0,3,28,13
6,0,3,29,12
6,0,3,30,12
6,0,3,31,11
6,0,4,0,13
6,0,4,1,12
6,0,4,2,13
6,0,4,3,11
6,0,4,4,9
6,0,4,5,10
6,0,4,6,13
6,0,4,7,10
6,0,4,8,12
6,0,4,9,11
6,0,4,10,12
6,0,4,11,14
6,0,4,12,15
6,0,4,13,8
6,0,4,14,9
6,0,4,15,12
6,0,4,16,12
6,0,4,17,12
6,0,4,18,15
6,0,4,19,16
6,0,4,20,9
6,0,4,21,11
6,0,4,22,13
6,0,4,23,14
6,0,4,24,14
6,0,4,25,11
6,0,4,26,11
6,0,4,27,14
6,0,4,28,12
6,0,4,29,13
6,0,4,30,10
6,0,4,31,12
6,0,5,0,13
6,0,5,1,12
6,0,5,2,13
6,0,5,3,12
6,0,5,4,11
6,0,5,5,10
6,0,5,6,12
6,0,5,7,12
6,0,5,8,12
6,0,5,9,14
6,0,5,10,6
6,0,5,11,13
6,0,5,12,14
6,0,5,13,12
6,0,5,14,10
6,0,5,15,12
6,0,5,16,12
6,0,5,17,12
6,0,5,18,12
6,0,5,19,12
6,0,5,20,9
6,0,5,21,11
6,0,5,22,10
6,0,5,23,8
6,0,5,24,11
6,0,5,25,12
6,0,5,26,10
6,0,5,27,9
6,0,5,28,10
6,0,5,29,10
6,0,5,30,16
6,0,5,31,15
6,0,6,0,12
6,0,6,1,10
6,0,6,2,14
6,0,6,3,14
6,0,6,4,10
6,0,6,5,10
6,0,6,6,11
6,0,6,7,10
6,0,6,8,11
6,0,6,9,13
6,0,6,10,14
6,0,6,11,15
6,0,6,12,9
6,0,6,13,10
6,0,6,14,11
6,0,6,15,11
6,0,6,16,13
6,0,6,17,15
6,0,6,18,13
6,0,6,19,11
6,0,6,20,12
6,0,6,21,11
6,0,6,22,12
6,0,6,23,10
6,0,6,24,8
6,0,6,25,10
6,0,6,26,12
6,0,6,27,13
6,0,6,28,11
6,0,6,29,10
6,0,6,30,10
6,0,6,31,10
6,0,7,0,10
6,0,7,1,12
6,0,7,2,15
6,0,7,3,11
6,0,7,4,6
6,0,7,5,11
6,0,7,6,10
6,0,7,7,11
6,0,7,8,10
6,0,7,9,11
6,0,7,10,14
6,0,7,11,19
6,0,7,12,13
6,0,7,13,14
6,0,7,14,13
6,0,7,15,12
6,0,7,16,13
6,0,7,17,12
6,0,7,18,9
6,0,7,19,8
6,0,7,20,12
6,0,7,21,14
6,0,7,22,14
6,0,7,23,12
6,0,7,24,9
6,0,7,25,9
6,0,7,26,12
6,0,7,27,10
6,0,7,28,11
6,0,7,29,11
6,0,7,30,10
6,0,7,31,7
7,0,0,0,12
7,0,0,1,10
7,0,0,2,10
7,0,0,3,10
7,0,0,4,8
7,0,0,5,12
7,0,0,6,13
7,0,0,7,14
7,0,0,8,12
7,0,0,9,11
7,0,0,10,11
7,0,0,11,13
7,0,0,12,11
7,0,0,13,9
7,0,0,14,10
7,0,0,15,13
7,0,0,16,12
7,0,0,17,12
7,0,0,18,10
7,0,0,19,11
7,0,0,20,13
7,0,0,21,13
7,0,0,22,13
7,0,0,23,11
7,0,0,24,11
7,0,0,25,13
7,0,0,26,14
7,0,0,27,10
7,0,0,28,10
7,0,0,29,12
7,0,0,30,12
7,0,0,31,12
7,0,1,0,11
7,0,1,1,11
7,0,1,2,14
7,0,1,3,12
7,0,1,4,12
7,0,1,5,11
7,0,1,6,15
7,0,1,7,18
7,0,1,8,12
7,0,1,9,9
7,0,1,10,11
7,0,1,11,11
7,0,1,12,11
7,0,1,13,11
7,0,1,14,9
7,0,1,15,13
7,0,1,16,13
7,0,1,17,11
7,0,1,18,13
7,0,1,19,9
7,0,1,20,7
7,0,1,21,10
7,0,1,22,10
7,0,1,23,13
7,0,1,24,10
7,0,1,25,12
7,0,1,26,11
7,0,1,27,13
7,0,1,28,12
7,0,1,29,13
7,0,1,30,14
7,0,1,31,12
7,0,2,0,13
7,0,2,1,11
7,0,2,2,12
7,0,2,3,11
7,0,2,4,7
7,0,2,5,8
7,0,2,6,9
7,0,2,7,13
7,0,2,8,9
7,0,2,9,10
7,0,2,10,11
7,0,2,11,12
7,0,2,12,9
7,0,2,13,9
7,0,2,14,11
7,0,2,15,12
7,0,2,16,12
7,0,2,17,14
7,0,2,18,13
7,0,2,19,12
7,0,2,20,17
7,0,2,21,14
7,0,2,22,15
7,0,2,23,15
7,0,2,24,15
7,0,2,25,12
7,0,2,26,12
7,0,2,27,10
7,0,2,28,13
7,0,2,29,12
7,0,2,30,10
7,0,2,31,10
7,0,3,0,14
7,0,3,1,11
7,0,3,2,10
7,0,3,3,9
7,0,3,4,9
7,0,3,5,10
7,0,3,6,9
7,0,3,7,11
7,0,3,8,13
7,0,3,9,13
7,0,3,10,13
7,0,3,11,10
7,0,3,12,7
7,0,3,13,10
7,0,3,14,15
7,0,3,15,13
7,0,3,16,13
7,0,3,17,10
7,0,3,18,12
7,0,3,19,13
7,0,3,20,15
7,0,3,21,14
7,0,3,22,12
7,0,3,23,12
7,0,3,24,10
7,0,3,25,11
7,0,3,26,11
7,0,3,27,10
7,0,3,28,11
7,0,3,29,10
7,0,3,30,10
7,0,3,31,13
7,0,4,0,11
7,0,4,1,10
7,0,4,2,10
7,0,4,3,12
7,0,4,4,10
7,0,4,5,10
7,0,4,6,10
7,0,4,7,11
7,0,4,8,11
7,0,4,9,10
7,0,4,10,10
7,0,4,11,12
7,0,4,12,11
7,0,4,13,9
7,0,4,14,9
7,0,4,15,9
7,0,4,16,13
7,0,4,17,11
7,0,4,18,13
7,0,4,19,13
7,0,4,20,12
7,0,4,21,13
7,0,4,22,13
7,0,4,23,13
7,0,4,24,15
7,0,4,25,15
7,0,4,26,16
7,0,4,27,16
7,0,4,28,15
7,0,4,29,15
7,0,4,30,11
7,0,4,31,11
7,0,5,0,13
7,0,5,1,12
7,0,5,2,14
7,0,5,3,14
7,0,5,4,11
7,0,5,5,12
7,0,5,6,11
7,0,5,7,11
7,0,5,8,14
7,0,5,9,12
7,0,5,10,13
7,0,5,11,13
7,0,5,12,13
7,0,5,13,12
7,0,5,14,12
7,0,5,15,11
7,0,5,16,10
7,0,5,17,10
7,0,5,18,9
7,0,5,19,10
7,0,5,20,12
7,0,5,21,13
7,0,5,22,12
7,0,5,23,14
7,0,5,24,12
7,0,5,25,10
7,0,5,26,10
7,0,5,27,11
7,0,5,28,11
7,0,5,29,10
7,0,5,30,11
7,0,5,31,11
7,0,6,0,15
7,0,6,1,14
7,0,6,2,13
7,0,6,3,13
7,0,6,4,17
7,0,6,5,12
7,0,6,6,11
7,0,6,7,11
7,0,6,8,13
7,0,6,9,11
7,0,6,10,11
7,0,6,11,10
7,0,6,12,13
7,0,6,13,12
7,0,6,14,10
7,0,6,15,9
7,0,6,16,9
7,0,6,17,11
7,0,6,18,11
7,0,6,19,9
7,0,6,20,10
7,0,6,21,9
7,0,6,22,10
7,0,6,23,12
7,0,6,24,10
7,0,6,25,10
7,0,6,26,10
7,0,6,27,11
7,0,6,28,12
7,0,6,29,13
7,0,6,30,10
7,0,6,31,13
7,0,7,0,14
7,0,7,1,10
7,0,7,2,10
7,0,7,3,14
7,0,7,4,11
7,0,7,5,10
7,0,7,6,9
7,0,7,7,13
7,0,7,8,15
7,0,7,9,12
7,0,7,10,13
7,0,7,11,15
7,0,7,12,11
7,0,7,13,13
7,0,7,14,10
7,0,7,15,8
7,0,7,16,9
7,0,7,17,9
7,0,7,18,10
7,0,7,19,9
7,0,7,20,11
7,0,7,21,11
7,0,7,22,15
7,0,7,23,15
7,0,7,24,12
7,0,7,25,9
7,0,7,26,11
7,0,7,27,13
7,0,7,28,14
7,0,7,29,14
7,0,7,30,12
7,0,7,31,13
8,0,0,0,14
8,0,0,1,12
8,0,0,2,10
8,0,0,3,9
8,0,0,4,9
8,0,0,5,10
8,0,0,6,10
8,0,0,7,8
8,0,0,8,11
8,0,0,9,10
8,0,0,10,10
8,0,0,11,9
8,0,0,12,8
8,0,0,13,8
8,0,0,14,10
8,0,0,15,14
8,0,0,16,17
8,0,0,17,13
8,0,0,18,15
8,0,0,19,15
8,0,0,20,15
8,0,0,21,8
8,0,0,22,10
8,0,0,23,13
8,0,0,24,15
8,0,0,25,12
8,0,0,26,10
8,0,0,27,12
8,0,0,28,16
8,0,0,29,15
8,0,0,30,16
8,0,0,31,13
8,0,1,0,10
8,0,1,1,10
8,0,1,2,13
8,0,1,3,11
8,0,1,4,13
8,0,1,5,13
8,0,1,6,12
8,0,1,7,13
8,0,1,8,15
8,0,1,9,15
8,0,1,10,13
8,0,1,11,11
8,0,1,12,9
8,0,1,13,10
8,0,1,14,7
8,0,1,15,10
8,0,1,16,12
8,0,1,17,11
8,0,1,18,10
8,0,1,19,11
8,0,1,20,10
8,0,1,21,11
8,0,1,22,13
8,0,1,23,14
8,0,1,24,14
8,0,1,25,11
8,0,1,26,13
8,0,1,27,13
8,0,1,28,10
8,0,1,29,12
8,0,1,30,12
8,0,1,31,11
8,0,2,0,9
8,0,2,1,11
8,0,2,2,13
8,0,2,3,11
8,0,2,4,10
8,0,2,5,12
8,0,2,6,11
8,0,2,7,13
8,0,2,8,16
8,0,2,9,11
8,0,2,10,14
8,0,2,11,13
8,0,2,12,10
8,0,2,13,12
8,0,2,14,10
8,0,2,15,11
8,0,2,16,10
8,0,2,17,8
8,0,2,18,13
8,0,2,19,14
8,0,2,20,14
8,0,2,21,12
8,0,2,22,13
8,0,2,23,14
8,0,2,24,14
8,0,2,25,13
8,0,2,26,10
8,0,2,27,12
8,0,2,28,16
8,0,2,29,12
8,0,2,30,10
8,0,2,31,9
8,0,3,0,16
8,0,3,1,14
8,0,3,2,12
8,0,3,3,15
8,0,3,4,17
8,0,3,5,15
8,0,3,6,14
8,0,3,7,14
8,0,3,8,17
8,0,3,9,17
8,0,3,10,13
8,0,3,11,16
8,0,3,12,17
8,0,3,13,14
8,0,3,14,11
8,0,3,15,10
8,0,3,16,8
8,0,3,17,10
8,0,3,18,10
8,0,3,19,8
8,0,3,20,7
8,0,3,21,7
8,0,3,22,6
8,0,3,23,6
8,0,3,24,5
8,0,3,25,7
8,0,3,26,8
8,0,3,27,12
8,0,3,28,12
8,0,3,29,9
8,0,3,30,12
8,0,3,31,16
8,0,4,0,11
8,0,4,1,10
8,0,4,2,9
8,0,4,3,11
8,0,4,4,11
8,0,4,5,10
8,0,4,6,10
8,0,4,7,8
8,0,4,8,9
8,0,4,9,11
8,0,4,10,14
8,0,4,11,12
8,0,4,12,12
8,0,4,13,17
8,0,4,14,16
8,0,4,15,10
8,0,4,16,12
8,0,4,17,13
8,0,4,18,13
8,0,4,19,15
8,0,4,20,12
8,0,4,21,13
8,0,4,22,16
8,0,4,23,13
8,0,4,24,12
8,0,4,25,11
8,0,4,26,10
8,0,4,27,10
8,0,4,28,9
8,0,4,29,9
8,0,4,30,12
8,0,4,31,12
8,0,5,0,9
8,0,5,1,14
8,0,5,2,16
8,0,5,3,15
8,0,5,4,11
8,0,5,5,11
8,0,5,6,11
8,0,5,7,11
8,0,5,8,12
8,0,5,9,9
8,0,5,10,10
8,0,5,11,15
8,0,5,12,14
8,0,5,13,12
8,0,5,14,10
8,0,5,15,8
8,0,5,16,11
8,0,5,17,6
8,0,5,18,6
8,0,5,19,11
8,0,5,20,11
8,0,5,21,10
8,0,5,22,10
8,0,5,23,14
8,0,5,24,13
8,0,5,25,12
8,0,5,26,13
8,0,5,27,12
8,0,5,28,13
8,0,5,29,13
8,0,5,30,9
8,0,5,31,10
8,0,6,0,14
8,0,6,1,14
8,0,6,2,16
8,0,6,3,14
8,0,6,4,15
8,0,6,5,13
8,0,6,6,13
8,0,6,7,10
8,0,6,8,13
8,0,6,9,14
8,0,6,10,14
8,0,6,11,13
8,0,6,12,13
8,0,6,13,10
8,0,6,14,15
8,0,6,15,12
8,0,6,16,10
8,0,6,17,9
8,0,6,18,7
8,0,6,19,8
8,0,6,20,11
8,0,6,21,17
8,0,6,22,11
8,0,6,23,10
8,0,6,24,12
8,0,6,25,15
8,0,6,26,11
8,0,6,27,13
8,0,6,28,14
8,0,6,29,12
8,0,6,30,10
8,0,6,31,13
8,0,7,0,10
8,0,7,1,10
8,0,7,2,12
8,0,7,3,12
8,0,7,4,10
8,0,7,5,11
8,0,7,6,9
8,0,7,7,11
8,0,7,8,11
8,0,7,9,11
8,0,7,10,13
8,0,7,11,12
8,0,7,12,12
8,0,7,13,15
8,0,7,14,12
8,0,7,15,13
8,0,7,16,13
8,0,7,17,12
8,0,7,18,11
8,0,7,19,12
8,0,7,20,11
8,0,7,21,13
8,0,7,22,12
8,0,7,23,11
8,0,7,24,11
8,0,7,25,12
8,0,7,26,14
8,0,7,27,12
8,0,7,28,12
8,0,7,29,8
8,0,7,30,10
8,0,7,31,10
9,0,0,0,12
9,0,0,1,13
9,0,0,2,14
9,0,0,3,12
9,0,0,4,13
9,0,0,5,14
9,0,0,6,11
9,0,0,7,12
9,0,0,8,10
9,0,0,9,12
9,0,0,10,11
9,0,0,11,9
9,0,0,12,10
9,0,0,13,11
9,0,0,14,11
9,0,0,15,9
9,0,0,16,10
9,0,0,17,11
9,0,0,18,13
9,0,0,19,12
9,0,0,20,13
9,0,0,21,10
9,0,0,22,9
9,0,0,23,8
9,0,0,24,11
9,0,0,25,11
9,0,0,26,13
9,0,0,27,11
9,0,0,28,13
9,0,0,29,15
9,0,0,30,12
9,0,0,31,11
9,0,1,0,15
9,0,1,1,14
9,0,1,2,15
9,0,1,3,15
9,0,1,4,15
9,0,1,5,19
9,0,1,6,17
9,0,1,7,18
9,0,1,8,12
9,0,1,9,12
9,0,1,10,13
9,0,1,11,14
9,0,1,12,14
9,0,1,13,13
9,0,1,14,14
9,0,1,15,15
9,0,1,16,12
9,0,1,17,9
9,0,1,18,8
9,0,1,19,10
9,0,1,20,9
9,0,1,21,10
9,0,1,22,7
9,0,1,23,7
9,0,1,24,8
9,0,1,25,10
9,0,1,26,10
9,0,1,27,7
9,0,1,28,11
9,0,1,29,12
9,0,1,30,9
9,0,1,31,13
9,0,2,0,11
9,0,2,1,14
9,0,2,2,13
9,0,2,3,16
9,0,2,4,13
9,0,2,5,8
9,0,2,6,10
9,0,2,7,11
9,0,2,8,15
9,0,2,9,12
9,0,2,10,10
9,0,2,11,14
9,0,2,12,15
9,0,2,13,13
9,0,2,14,9
9,0,2,15,12
9,0,2,16,13
9,0,2,17,8
9,0,2,18,12
9,0,2,19,10
9,0,2,20,11
9,0,2,21,13
9,0,2,22,15
9,0,2,23,14
9,0,2,24,13
9,0,2,25,12
9,0,2,26,10
9,0,2,27,13
9,0,2,28,14
9,0,2,29,13
9,0,2,30,10
9,0,2,31,11
9,0,3,0,11
9,0,3,1,11
9,0,3,2,15
9,0,3,3,15
9,0,3,4,10
9,0,3,5,10
9,0,3,6,12
9,0,3,7,14
9,0,3,8,12
9,0,3,9,13
9,0,3,10,11
9,0,3,11,13
9,0,3,12,14
9,0,3,13,13
9,0,3,14,12
9,0,3,15,9
9,0,3,16,12
9,0,3,17,12
9,0,3,18,11
9,0,3,19,8
9,0,3,20,9
9,0,3,21,13
9,0,3,22,13
9,0,3,23,9
9,0,3,24,8
9,0,3,25,13
9,0,3,26,9
9,0,3,27,10
9,0,3,28,7
9,0,3,29,10
9,0,3,30,16
9,0,3,31,14
9,0,4,0,10
9,0,4,1,9
9,0,4,2,10
9,0,4,3,11
9,0,4,4,10
9,0,4,5,10
9,0,4,6,12
9,0,4,7,11
9,0,4,8,10
9,0,4,9,16
9,0,4,10,15
9,0,4,11,12
9,0,4,12,13
9,0,4,13,13
9,0,4,14,12
9,0,4,15,13
9,0,4,16,8
9,0,4,17,11
9,0,4,18,14
9,0,4,19,12
9,0,4,20,11
9,0,4,21,11
9,0,4,22,11
9,0,4,23,10
9,0,4,24,11
9,0,4,25,11
9,0,4,26,9
9,0,4,27,11
9,0,4,28,15
9,0,4,29,11
9,0,4,30,11
9,0,4,31,10
9,0,5,0,7
9,0,5,1,10
9,0,5,2,9
9,0,5,3,10
9,0,5,4,10
9,0,5,5,7
9,0,5,6,10
9,0,5,7,14
9,0,5,8,14
9,0,5,9,13
9,0,5,10,13
9,0,5,11,14
9,0,5,12,15
9,0,5,13,16
9,0,5,14,14
9,0,5,15,13
9,0,5,16,13
9,0,5,17,16
9,0,5,18,12
9,0,5,19,12
9,0,5,20,16
9,0,5,21,15
9,0,5,22,11
9,0,5,23,11
9,0,5,24,12
9,0,5,25,10
9,0,5,26,10
9,0,5,27,10
9,0,5,28,8
9,0,5,29,7
9,0,5,30,11
9,0,5,31,10
9,0,6,0,9
9,0,6,1,12
9,0,6,2,11
9,0,6,3,11
9,0,6,4,13
9,0,6,5,12
9,0,6,6,9
9,0,6,7,9
9,0,6,8,12
9,0,6,9,13
9,0,6,10,12
9,0,6,11,12
9,0,6,12,13
9,0,6,13,13
9,0,6,14,9
9,0,6,15,8
9,0,6,16,10
9,0,6,17,11
9,0,6,18,14
9,0,6,19,12
9,0,6,20,10
9,0,6,21,11
9,0,6,22,17
9,0,6,23,15
9,0,6,24,13
9,0,6,25,13
9,0,6,26,14
9,0,6,27,13
9,0,6,28,12
9,0,6,29,10
9,0,6,30,9
9,0,6,31,9
9,0,7,0,16
9,0,7,1,18
9,0,7,2,15
9,0,7,3,17
9,0,7,4,11
9,0,7,5,10
9,0,7,6,11
9,0,7,7,8
9,0,7,8,9
9,0,7,9,12
9,0,7,10,11
9,0,7,11,10
9,0,7,12,12
9,0,7,13,14
9,0,7,14,12
9,0,7,15,9
9,0,7,16,8
9,0,7,17,9
9,0,7,18,8
9,0,7,19,10
9,0,7,20,10
9,0,7,21,11
9,0,7,22,12
9,0,7,23,9
9,0,7,24,11
9,0,7,25,11
9,0,7,26,13
9,0,7,27,14
9,0,7,28,11
9,0,7,29,11
9,0,7,30,10
9,0,7,31,12
10,0,0,0,11
10,0,0,1,13
10,0,0,2,14
10,0,0,3,15
10,0,0,4,14
10,0,0,5,11
10,0,0,6,11
10,0,0,7,16
10,0,0,8,13
10,0,0,9,10
10,0,0,10,12
10,0,0,11,12
10,0,0,12,11
10,0,0,13,13
10,0,0,14,11
10,0,0,15,10
10,0,0,16,13
10,0,0,17,16
10,0,0,18,14
10,0,0,19,11
10,0,0,20,9
10,0,0,21,8
10,0,0,22,8
10,0,0,23,12
10,0,0,24,6
10,0,0,25,10
10,0,0,26,13
10,0,0,27,12
10,0,0,28,11
10,0,0,29,11
10,0,0,30,11
10,0,0,31,11
10,0,1,0,13
10,0,1,1,14
10,0,1,2,13
10,0,1,3,8
10,0,1,4,15
10,0,1,5,11
10,0,1,6,12
10,0,1,7,15
10,0,1,8,13
10,0,1,9,9
10,0,1,10,12
10,0,1,11,13
10,0,1,12,11
10,0,1,13,10
10,0,1,14,10
10,0,1,15,11
10,0,1,16,10
10,0,1,17,10
10,0,1,18,10
10,0,1,19,9
10,0,1,20,11
10,0,1,21,12
10,0,1,22,7
10,0,1,23,8
10,0,1,24,10
10,0,1,25,10
10,0,1,26,8
10,0,1,27,10
10,0,1,28,10
10,0,1,29,8
10,0,1,30,10
10,0,1,31,14
10,0,2,0,14
10,0,2,1,12
10,0,2,2,10
10,0,2,3,10
10,0,2,4,11
10,0,2,5,11
10,0,2,6,10
10,0,2,7,9
10,0,2,8,9
10,0,2,9,9
10,0,2,10,9
10,0,2,11,12
10,0,2,12,9
10,0,2,13,8
10,0,2,14,8
10,0,2,15,9
10,0,2,16,11
10,0,2,17,12
10,0,2,18,11
10,0,2,19,13
10,0,2,20,12
10,0,2,21,12
10,0,2,22,14
10,0,2,23,14
10,0,2,24,13
10,0,2,25,14
10,0,2,26,13
10,0,2,27,13
10,0,2,28,15
10,0,2,29,14
10,0,2,30,15
10,0,2,31,14
10,0,3,0,15
10,0,3,1,12
10,0,3,2,14
10,0,3,3,9
10,0,3,4,12
10,0,3,5,11
10,0,3,6,13
10,0,3,7,13
10,0,3,8,13
10,0,3,9,11
10,0,3,10,12
10,0,3,11,9
10,0,3,12,10
10,0,3,13,13
10,0,3,14,16
10,0,3,15,16
10,0,3,16,14
10,0,3,17,14
10,0,3,18,11
10,0,3,19,11
10,0,3,20,12
10,0,3,21,13
10,0,3,22,14
10,0,3,23,17
10,0,3,24,15
10,0,3,25,11
10,0,3,26,10
10,0,3,27,7
10,0,3,28,10
10,0,3,29,6
10,0,3,30,9
10,0,3,31,12
10,0,4,0,17
10,0,4,1,13
10,0,4,2,13
10,0,4,3,12
10,0,4,4,12
10,0,4,5,10
10,0,4,6,13
10,0,4,7,14
10,0,4,8,12
10,0,4,9,11
10,0,4,10,11
10,0,4,11,10
10,0,4,12,8
10,0,4,13,10
10,0,4,14,9
10,0,4,15,13
10,0,4,16,11
10,0,4,17,10
10,0,4,18,9
10,0,4,19,6
10,0,4,20,5
10,0,4,21,12
10,0,4,22,12
10,0,4,23,13
10,0,4,24,13
10,0,4,25,13
10,0,4,26,15
10,0,4,27,11
10,0,4,28,9
10,0,4,29,13
10,0,4,30,14
10,0,4,31,13
10,0,5,0,9
10,0,5,1,10
10,0,5,2,9
10,0,5,3,11
10,0,5,4,10
10,0,5,5,9
10,0,5,6,11
10,0,5,7,11
10,0,5,8,11
10,0,5,9,10
10,0,5,10,10
10,0,5,11,9
10,0,5,12,11
10,0,5,13,11
10,0,5,14,9
10,0,5,15,11
10,0,5,16,9
10,0,5,17,10
10,0,5,18,14
10,0,5,19,10
10,0,5,20,12
10,0,5,21,13
10,0,5,22,16
10,0,5,23,17
10,0,5,24,15
10,0,5,25,18
10,0,5,26,16
10,0,5,27,17
10,0,5,28,17
10,0,5,29,11
10,0,5,30,11
10,0,5,31,10
10,0,6,0,8
10,0,6,1,8
10,0,6,2,11
10,0,6,3,10
10,0,6,4,14
10,0,6,5,7
10,0,6,6,9
10,0,6,7,13
10,0,6,8,7
10,0,6,9,7
10,0,6,10,12
10,0,6,11,13
10,0,6,12,13
10,0,6,13,11
10,0,6,14,10
10,0,6,15,11
10,0,6,16,11
10,0,6,17,14
10,0,6,18,11
10,0,6,19,12
10,0,6,20,15
10,0,6,21,14
10,0,6,22,16
10,0,6,23,14
10,0,6,24,10
10,0,6,25,12
10,0,6,26,12
10,0,6,27,12
10,0,6,28,11
10,0,6,29,14
10,0,6,30,12
10,0,6,31,10
10,0,7,0,12
10,0,7,1,5
10,0,7,2,8
10,0,7,3,12
10,0,7,4,13
10,0,7,5,12
10,0,7,6,6
10,0,7,7,10
10,0,7,8,6
10,0,7,9,10
10,0,7,10,10
10,0,7,11,10
10,0,7,12,11
10,0,7,13,11
10,0,7,14,15
10,0,7,15,16
10,0,7,16,14
10,0,7,17,10
10,0,7,18,13
10,0,7,19,10
10,0,7,20,11
10,0,7,21,15
10,0,7,22,12
10,0,7,23,15
10,0,7,24,15
10,0,7,25,14
10,0,7,26,10
10,0,7,27,11
10,0,7,28,15
10,0,7,29,12
10,0,7,30,8
10,0,7,31,12
11,0,0,0,12
11,0,0,1,9
11,0,0,2,9
11,0,0,3,12
11,0,0,4,11
11,0,0,5,11
11,0,0,6,12
11,0,0,7,12
11,0,0,8,8
11,0,0,9,7
11,0,0,10,7
11,0,0,11,7
11,0,0,12,8
11,0,0,13,10
11,0,0,14,12
11,0,0,15,14
11,0,0,16,14
11,0,0,17,12
11,0,0,18,14
11,0,0,19,14
11,0,0,20,11
11,0,0,21,11
11,0,0,22,13
11,0,0,23,13
11,0,0,24,17
11,0,0,25,15
11,0,0,26,11
11,0,0,27,11
11,0,0,28,9
11,0,0,29,9
11,0,0,30,12
11,0,0,31,12
11,0,1,0,10
11,0,1,1,9
11,0,1,2,9
11,0,1,3,13
11,0,1,4,13
11,0,1,5,12
11,0,1,6,17
11,0,1,7,12
11,0,1,8,12
11,0,1,9,9
11,0,1,10,13
11,0,1,11,13
11,0,1,12,14
11,0,1,13,14
11,0,1,14,13
11,0,1,15,12
11,0,1,16,15
11,0,1,17,13
11,0,1,18,8
11,0,1,19,9
11,0,1,20,9
11,0,1,21,12
11,0,1,22,11
11,0,1,23,12
11,0,1,24,9
11,0,1,25,10
11,0,1,26,8
11,0,1,27,9
11,0,1,28,9
11,0,1,29,10
11,0,1,30,10
11,0,1,31,10
11,0,2,0,14
11,0,2,1,15
11,0,2,2,11
11,0,2,3,9
11,0,2,4,7
11,0,2,5,11
11,0,2,6,11
11,0,2,7,11
11,0,2,8,10
11,0,2,9,10
11,0,2,10,10
11,0,2,11,12
11,0,2,12,12
11,0,2,13,12
11,0,2,14,11
11,0,2,15,12
11,0,2,16,14
11,0,2,17,13
11,0,2,18,12
11,0,2,19,10
11,0,2,20,10
11,0,2,21,10
11,0,2,22,10
11,0,2,23,16
11,0,2,24,16
11,0,2,25,12
11,0,2,26,13
11,0,2,27,9
11,0,2,28,10
11,0,2,29,11
11,0,2,30,10
11,0,2,31,12
11,0,3,0,12
11,0,3,1,10
11,0,3,2,11
11,0,3,3,8
11,0,3,4,9
11,0,3,5,7
11,0,3,6,8
11,0,3,7,6
11,0,3,8,9
11,0,3,9,8
11,0,3,10,11
11,0,3,11,9
11,0,3,12,10
11,0,3,13,13
11,0,3,14,9
11,0,3,15,10
11,0,3,16,13
11,0,3,17,15
11,0,3,18,15
11,0,3,19,10
11,0,3,20,14
11,0,3,21,13
11,0,3,22,14
11,0,3,23,17
11,0,3,24,15
11,0,3,25,12
11,0,3,26,16
11,0,3,27,14
11,0,3,28,9
11,0,3,29,11
11,0,3,30,12
11,0,3,31,11
11,0,4,0,14
11,0,4,1,12
11,0,4,2,10
11,0,4,3,11
11,0,4,4,14
11,0,4,5,13
11,0,4,6,11
11,0,4,7,10
11,0,4,8,11
11,0,4,9,10
11,0,4,10,8
11,0,4,11,9
11,0,4,12,9
11,0,4,13,12
11,0,4,14,13
11,0,4,15,10
11,0,4,16,6
11,0,4,17,8
11,0,4,18,10
11,0,4,19,14
11,0,4,20,15
11,0,4,21,12
11,0,4,22,12
11,0,4,23,10
11,0,4,24,10
11,0,4,25,13
11,0,4,26,15
11,0,4,27,12
11,0,4,28,17
11,0,4,29,15
11,0,4,30,15
11,0,4,31,13
11,0,5,0,9
11,0,5,1,10
11,0,5,2,12
11,0,5,3,13
11,0,5,4,14
11,0,5,5,11
11,0,5,6,10
11,0,5,7,8
11,0,5,8,9
11,0,5,9,7
11,0,5,10,10
11,0,5,11,14
11,0,5,12,12
11,0,5,13,10
11,0,5,14,13
11,0,5,15,12
11,0,5,16,11
11,0,5,17,11
11,0,5,18,10
11,0,5,19,9
11,0,5,20,13
11,0,5,21,12
11,0,5,22,13
11,0,5,23,14
11,0,5,24,16
11,0,5,25,15
11,0,5,26,11
11,0,5,27,14
11,0,5,28,12
11,0,5,29,12
11,0,5,30,12
11,0,5,31,11
11,0,6,0,9
11,0,6,1,12
11,0,6,2,14
11,0,6,3,11
11,0,6,4,10
11,0,6,5,12
11,0,6,6,12
11,0,6,7,12
11,0,6,8,12
11,0,6,9,10
11,0,6,10,10
11,0,6,11,11
11,0,6,12,12
11,0,6,13,14
11,0,6,14,13
11,0,6,15,12
11,0,6,16,13
11,0,6,17,12
11,0,6,18,12
11,0,6,19,11
11,0,6,20,9
11,0,6,21,9
11,0,6,22,10
11,0,6,23,11
11,0,6,24,13
11,0,6,25,15
11,0,6,26,13
11,0,6,27,11
11,0,6,28,12
11,0,6,29,10
11,0,6,30,9
11,0,6,31,9
11,0,7,0,9
11,0,7,1,10
11,0,7,2,8
11,0,7,3,9
11,0,7,4,10
11,0,7,5,8
11,0,7,6,10
11,0,7,7,12
11,0,7,8,14
11,0,7,9,12
11,0,7,10,10
11,0,7,11,10
11,0,7,12,12
11,0,7,13,11
11,0,7,14,14
11,0,7,15,12
11,0,7,16,10
11,0,7,17,12
11,0,7,18,14
11,0,7,19,16
11,0,7,20,13
11,0,7,21,16
11,0,7,22,14
11,0,7,23,16
11,0,7,24,14
11,0,7,25,11
11,0,7,26,9
11,0,7,27,10
11,0,7,28,13
11,0,7,29,12
11,0,7,30,12
11,0,7,31,11
12,0,0,0,10
12,0,0,1,11
12,0,0,2,12
12,0,0,3,12
12,0,0,4,12
12,0,0,5,10
12,0,0,6,10
12,0,0,7,13
12,0,0,8,12
12,0,0,9,11
12,0,0,10,11
12,0,0,11,11
12,0,0,12,13
12,0,0,13,13
12,0,0,14,13
12,0,0,15,13
12,0,0,16,12
12,0,0,17,13
12,0,0,18,11
12,0,0,19,12
12,0,0,20,11
12,0,0,21,11
12,0,0,22,11
12,0,0,23,10
12,0,0,24,10
12,0,0,25,10
12,0,0,26,11
12,0,0,27,11
12,0,0,28,12
12,0,0,29,11
12,0,0,30,12
12,0,0,31,10
12,0,1,0,12
12,0,1,1,12
12,0,1,2,13
12,0,1,3,14
12,0,1,4,12
12,0,1,5,14
12,0,1,6,10
12,0,1,7,10
12,0,1,8,10
12,0,1,9,8
12,0,1,10,9
12,0,1,11,12
12,0,1,12,13
12,0,1,13,10
12,0,1,14,11
12,0,1,15,12
12,0,1,16,13
12,0,1,17,10
12,0,1,18,13
12,0,1,19,13
12,0,1,20,13
12,0,1,21,12
12,0,1,22,10
12,0,1,23,13
12,0,1,24,14
12,0,1,25,14
12,0,1,26,16
12,0,1,27,13
12,0,1,28,12
12,0,1,29,11
12,0,1,30,12
12,0,1,31,11
12,0,2,0,8
12,0,2,1,10
12,0,2,2,12
12,0,2,3,12
12,0,2,4,10
12,0,2,5,9
12,0,2,6,12
12,0,2,7,15
12,0,2,8,12
12,0,2,9,11
12,0,2,10,10
12,0,2,11,10
12,0,2,12,15
12,0,2,13,14
12,0,2,14,12
12,0,2,15,11
12,0,2,16,13
12,0,2,17,12
12,0,2,18,12
12,0,2,19,14
12,0,2,20,14
12,0,2,21,10
12,0,2,22,10
12,0,2,23,10
12,0,2,24,12
12,0,2,25,9
12,0,2,26,9
12,0,2,27,12
12,0,2,28,11
12,0,2,29,11
12,0,2,30,11
12,0,2,31,9
12,0,3,0,7
12,0,3,1,8
12,0,3,2,10
12,0,3,3,7
12,0,3,4,8
12,0,3,5,7
12,0,3,6,8
12,0,3,7,6
12,0,3,8,7
12,0,3,9,7
12,0,3,10,7
12,0,3,11,12
12,0,3,12,14
12,0,3,13,12
12,0,3,14,16
12,0,3,15,14
12,0,3,16,13
12,0,3,17,11
12,0,3,18,13
12,0,3,19,13
12,0,3,20,12
12,0,3,21,17
12,0,3,22,16
12,0,3,23,18
12,0,3,24,16
12,0,3,25,12
12,0,3,26,12
12,0,3,27,12
12,0,3,28,11
12,0,3,29,13
12,0,3,30,15
12,0,3,31,12
12,0,4,0,12
12,0,4,1,12
12,0,4,2,12
12,0,4,3,13
12,0,4,4,11
12,0,4,5,9
12,0,4,6,11
12,0,4,7,11
12,0,4,8,11
12,0,4,9,10
12,0,4,10,11
12,0,4,11,9
12,0,4,12,11
12,0,4,13,10
12,0,4,14,11
12,0,4,15,12
12,0,4,16,10
12,0,4,17,10
12,0,4,18,8
12,0,4,19,9
12,0,4,20,12
12,0,4,21,15
12,0,4,22,11
12,0,4,23,12
12,0,4,24,12
12,0,4,25,11
12,0,4,26,13
12,0,4,27,13
12,0,4,28,15
12,0,4,29,14
12,0,4,30,15
12,0,4,31,16
12,0,5,0,15
12,0,5,1,13
12,0,5,2,14
12,0,5,3,12
12,0,5,4,13
12,0,5,5,11
12,0,5,6,9
12,0,5,7,10
12,0,5,8,9
12,0,5,9,13
12,0,5,10,13
12,0,5,11,12
12,0,5,12,10
12,0,5,13,14
12,0,5,14,12
12,0,5,15,8
12,0,5,16,12
12,0,5,17,12
12,0,5,18,12
12,0,5,19,12
12,0,5,20,14
12,0,5,21,8
12,0,5,22,9
12,0,5,23,12
12,0,5,24,12
12,0,5,25,12
12,0,5,26,9
12,0,5,27,12
12,0,5,28,12
12,0,5,29,8
12,0,5,30,12
12,0,5,31,12
12,0,6,0,15
12,0,6,1,16
12,0,6,2,13
12,0,6,3,12
12,0,6,4,10
12,0,6,5,9
12,0,6,6,8
12,0,6,7,6
12,0,6,8,11
12,0,6,9,10
12,0,6,10,13
12,0,6,11,12
12,0,6,12,10
12,0,6,13,13
12,0,6,14,17
12,0,6,15,12
12,0,6,16,8
12,0,6,17,10
12,0,6,18,13
12,0,6,19,12
12,0,6,20,15
12,0,6,21,17
12,0,6,22,12
12,0,6,23,9
12,0,6,24,9
12,0,6,25,9
12,0,6,26,10
12,0,6,27,13
12,0,6,28,12
12,0,6,29,11
12,0,6,30,11
12,0,6,31,16
12,0,7,0,10
12,0,7,1,12
12,0,7,2,13
12,0,7,3,11
12,0,7,4,14
12,0,7,5,13
12,0,7,6,11
12,0,7,7,12
12,0,7,8,13
12,0,7,9,10
12,0,7,10,10
12,0,7,11,11
12,0,7,12,12
12,0,7,13,9
12,0,7,14,8
12,0,7,15,10
12,0,7,16,12
12,0,7,17,10
12,0,7,18,13
12,0,7,19,15
12,0,7,20,13
12,0,7,21,13
12,0,7,22,12
12,0,7,23,11
12,0,7,24,9
12,0,7,25,13
12,0,7,26,17
12,0,7,27,14
12,0,7,28,13
12,0,7,29,12
12,0,7,30,9
12,0,7,31,13
13,0,0,0,10
13,0,0,1,8
13,0,0,2,4
13,0,0,3,4
13,0,0,4,9
13,0,0,5,9
13,0,0,6,12
13,0,0,7,13
13,0,0,8,12
13,0,0,9,11
13,0,0,10,11
13,0,0,11,9
13,0,0,12,10
13,0,0,13,11
13,0,0,14,10
13,0,0,15,9
13,0,0,16,11
13,0,0,17,11
13,0,0,18,13
13,0,0,19,15
13,0,0,20,13
13,0,0,21,13
13,0,0,22,11
13,0,0,23,12
13,0,0,24,17
13,0,0,25,14
13,0,0,26,13
13,0,0,27,11
13,0,0,28,12
13,0,0,29,14
13,0,0,30,13
13,0,0,31,11
13,0,1,0,15
13,0,1,1,11
13,0,1,2,9
13,0,1,3,9
13,0,1,4,8
13,0,1,5,11
13,0,1,6,13
13,0,1,7,9
13,0,1,8,11
13,0,1,9,13
13,0,1,10,9
13,0,1,11,14
13,0,1,12,15
13,0,1,13,12
13,0,1,14,13
13,0,1,15,12
13,0,1,16,9
13,0,1,17,11
13,0,1,18,14
13,0,1,19,13
13,0,1,20,13
13,0,1,21,9
13,0,1,22,8
13,0,1,23,10
13,0,1,24,9
13,0,1,25,7
13,0,1,26,10
13,0,1,27,10
13,0,1,28,13
13,0,1,29,13
13,0,1,30,13
13,0,1,31,11
13,0,2,0,10
13,0,2,1,11
13,0,2,2,12
13,0,2,3,11
13,0,2,4,11
13,0,2,5,10
13,0,2,6,13
13,0,2,7,14
13,0,2,8,11
13,0,2,9,11
13,0,2,10,10
13,0,2,11,11
13,0,2,12,16
13,0,2,13,16
13,0,2,14,14
13,0,2,15,13
13,0,2,16,11
13,0,2,17,11
13,0,2,18,11
13,0,2,19,9
13,0,2,20,12
13,0,2,21,10
13,0,2,22,7
13,0,2,23,9
13,0,2,24,13
13,0,2,25,12
13,0,2,26,12
13,0,2,27,9
13,0,2,28,11
13,0,2,29,10
13,0,2,30,10
13,0,2,31,10
13,0,3,0,8
13,0,3,1,9
13,0,3,2,11
13,0,3,3,13
13,0,3,4,9
13,0,3,5,11
13,0,3,6,11
13,0,3,7,14
13,0,3,8,13
13,0,3,9,13
13,0,3,10,13
13,0,3,11,10
13,0,3,12,9
13,0,3,13,8
13,0,3,14,12
13,0,3,15,14
13,0,3,16,9
13,0,3,17,9
13,0,3,18,10
13,0,3,19,12
13,0,3,20,14
13,0,3,21,14
13,0,3,22,16
13,0,3,23,14
13,0,3,24,12
13,0,3,25,10
13,0,3,26,11
13,0,3,27,10
13,0,3,28,12
13,0,3,29,10
13,0,3,30,10
13,0,3,31,11
13,0,4,0,15
13,0,4,1,10
13,0,4,2,8
13,0,4,3,12
13,0,4,4,15
13,0,4,5,11
13,0,4,6,11
13,0,4,7,8
13,0,4,8,12
13,0,4,9,10
13,0,4,10,14
13,0,4,11,13
13,0,4,12,13
13,0,4,13,13
13,0,4,14,10
13,0,4,15,12
13,0,4,16,11
13,0,4,17,10
13,0,4,18,9
13,0,4,19,10
13,0,4,20,11
13,0,4,21,11
13,0,4,22,12
13,0,4,23,11
13,0,4,24,10
13,0,4,25,15
13,0,4,26,13
13,0,4,27,14
13,0,4,28,14
13,0,4,29,11
13,0,4,30,9
13,0,4,31,12
13,0,5,0,10
13,0,5,1,11
13,0,5,2,12
13,0,5,3,10
13,0,5,4,10
13,0,5,5,12
13,0,5,6,12
13,0,5,7,15
13,0,5,8,11
13,0,5,9,19
13,0,5,10,12
13,0,5,11,14
13,0,5,12,15
13,0,5,13,18
13,0,5,14,17
13,0,5,15,15
13,0,5,16,12
13,0,5,17,13
13,0,5,18,15
13,0,5,19,14
13,0,5,20,14
13,0,5,21,13
13,0,5,22,12
13,0,5,23,8
13,0,5,24,6
13,0,5,25,8
13,0,5,26,7
13,0,5,27,5
13,0,5,28,8
13,0,5,29,9
13,0,5,30,10
13,0,5,31,8
13,0,6,0,6
13,0,6,1,7
13,0,6,2,6
13,0,6,3,9
13,0,6,4,11
13,0,6,5,9
13,0,6,6,11
13,0,6,7,16
13,0,6,8,15
13,0,6,9,10
13,0,6,10,12
13,0,6,11,10
13,0,6,12,11
13,0,6,13,12
13,0,6,14,12
13,0,6,15,10
13,0,6,16,15
13,0,6,17,13
13,0,6,18,10
13,0,6,19,14
13,0,6,20,12
13,0,6,21,12
13,0,6,22,10
13,0,6,23,10
13,0,6,24,9
13,0,6,25,10
13,0,6,26,10
13,0,6,27,13
13,0,6,28,13
13,0,6,29,12
13,0,6,30,13
13,0,6,31,10
13,0,7,0,11
13,0,7,1,12
13,0,7,2,10
13,0,7,3,12
13,0,7,4,8
13,0,7,5,11
13,0,7,6,11
13,0,7,7,12
13,0,7,8,9
13,0,7,9,10
13,0,7,10,11
13,0,7,11,11
13,0,7,12,13
13,0,7,13,17
13,0,7,14,15
13,0,7,15,14
13,0,7,16,15
13,0,7,17,12
13,0,7,18,14
13,0,7,19,13
13,0,7,20,13
13,0,7,21,15
13,0,7,22,16
13,0,7,23,12
13,0,7,24,11
13,0,7,25,10
13,0,7,26,8
13,0,7,27,7
13,0,7,28,8
13,0,7,29,7
13,0,7,30,8
13,0,7,31,11
14,0,0,0,12
14,0,0,1,13
14,0,0,2,11
14,0,0,3,8
14,0,0,4,6
14,0,0,5,10
14,0,0,6,8
14,0,0,7,8
14,0,0,8,7
14,0,0,9,9
14,0,0,10,5
14,0,0,11,11
14,0,0,12,13
14,0,0,13,11
14,0,0,14,15
14,0,0,15,12
14,0,0,16,12
14,0,0,17,11
14,0,0,18,12
14,0,0,19,13
14,0,0,20,15
14,0,0,21,11
14,0,0,22,10
14,0,0,23,9
14,0,0,24,14
14,0,0,25,13
14,0,0,26,11
14,0,0,27,13
14,0,0,28,12
14,0,0,29,12
14,0,0,30,11
14,0,0,31,13
14,0,1,0,10
14,0,1,1,10
14,0,1,2,12
14,0,1,3,9
14,0,1,4,10
14,0,1,5,11
14,0,1,6,9
14,0,1,7,9
14,0,1,8,6
14,0,1,9,9
14,0,1,10,10
14,0,1,11,9
14,0,1,12,10
14,0,1,13,13
14,0,1,14,14
14,0,1,15,13
14,0,1,16,10
14,0,1,17,11
14,0,1,18,12
14,0,1,19,13
14,0,1,20,12
14,0,1,21,15
14,0,1,22,13
14,0,1,23,12
14,0,1,24,11
14,0,1,25,14
14,0,1,26,11
14,0,1,27,14
14,0,1,28,9
14,0,1,29,12
14,0,1,30,13
14,0,1,31,10
14,0,2,0,11
14,0,2,1,14
14,0,2,2,12
14,0,2,3,12
14,0,2,4,15
14,0,2,5,10
14,0,2,6,14
14,0,2,7,13
14,0,2,8,11
14,0,2,9,11
14,0,2,10,12
14,0,2,11,14
14,0,2,12,14
14,0,2,13,8
14,0,2,14,9
14,0,2,15,11
14,0,2,16,9
14,0,2,17,12
14,0,2,18,10
14,0,2,19,8
14,0,2,20,12
14,0,2,21,12
14,0,2,22,14
14,0,2,23,10
14,0,2,24,9
14,0,2,25,14
14,0,2,26,11
14,0,2,27,9
14,0,2,28,12
14,0,2,29,10
14,0,2,30,11
14,0,2,31,12
14,0,3,0,14
14,0,3,1,13
14,0,3,2,9
14,0,3,3,12
14,0,3,4,10
14,0,3,5,11
14,0,3,6,10
14,0,3,7,9
14,0,3,8,8
14,0,3,9,9
14,0,3,10,10
14,0,3,11,9
14,0,3,12,12
14,0,3,13,13
14,0,3,14,11
14,0,3,15,11
14,0,3,16,11
14,0,3,17,12
14,0,3,18,11
14,0,3,19,8
14,0,3,20,10
14,0,3,21,11
14,0,3,22,16
14,0,3,23,15
14,0,3,24,14
14,0,3,25,16
14,0,3,26,14
14,0,3,27,10
14,0,3,28,9
14,0,3,29,11
14,0,3,30,11
14,0,3,31,10
14,0,4,0,7
14,0,4,1,9
14,0,4,2,8
14,0,4,3,10
14,0,4,4,10
14,0,4,5,13
14,0,4,6,11
14,0,4,7,16
14,0,4,8,15
14,0,4,9,16
14,0,4,10,13
14,0,4,11,8
14,0,4,12,11
14,0,4,13,14
14,0,4,14,11
14,0,4,15,11
14,0,4,16,14
14,0,4,17,18
14,0,4,18,18
14,0,4,19,19
14,0,4,20,13
14,0,4,21,12
14,0,4,22,13
14,0,4,23,15
14,0,4,24,11
14,0,4,25,12
14,0,4,26,11
14,0,4,27,6
14,0,4,28,7
14,0,4,29,12
14,0,4,30,12
14,0,4,31,7
14,0,5,0,11
14,0,5,1,11
14,0,5,2,13
14,0,5,3,12
14,0,5,4,13
14,0,5,5,10
14,0,5,6,11
14,0,5,7,10
14,0,5,8,13
14,0,5,9,14
14,0,5,10,13
14,0,5,11,13
14,0,5,12,10
14,0,5,13,11
14,0,5,14,10
14,0,5,15,10
14,0,5,16,11
14,0,5,17,14
14,0,5,18,13
14,0,5,19,9
14,0,5,20,10
14,0,5,21,11
14,0,5,22,9
14,0,5,23,12
14,0,5,24,10
14,0,5,25,9
14,0,5,26,9
14,0,5,27,9
14,0,5,28,11
14,0,5,29,11
14,0,5,30,11
14,0,5,31,13
14,0,6,0,12
14,0,6,1,13
14,0,6,2,13
14,0,6,3,14
14,0,6,4,15
14,0,6,5,11
14,0,6,6,10
14,0,6,7,9
14,0,6,8,12
14,0,6,9,11
14,0,6,10,11
14,0,6,11,10
14,0,6,12,11
14,0,6,13,9
14,0,6,14,10
14,0,6,15,10
14,0,6,16,10
14,0,6,17,10
14,0,6,18,13
14,0,6,19,13
14,0,6,20,12
14,0,6,21,13
14,0,6,22,13
14,0,6,23,12
14,0,6,24,12
14,0,6,25,12
14,0,6,26,12
14,0,6,27,10
14,0,6,28,9
14,0,6,29,14
14,0,6,30,11
14,0,6,31,10
14,0,7,0,7
14,0,7,1,10
14,0,7,2,12
14,0,7,3,9
14,0,7,4,10
14,0,7,5,12
14,0,7,6,12
14,0,7,7,10
14,0,7,8,9
14,0,7,9,15
14,0,7,10,13
14,0,7,11,13
14,0,7,12,10
14,0,7,13,14
14,0,7,14,11
14,0,7,15,16
14,0,7,16,14
14,0,7,17,10
14,0,7,18,11
14,0,7,19,13
14,0,7,20,12
14,0,7,21,13
14,0,7,22,14
14,0,7,23,13
14,0,7,24,10
14,0,7,25,15
14,0,7,26,12
14,0,7,27,9
14,0,7,28,10
14,0,7,29,10
14,0,7,30,10
14,0,7,31,11
15,0,0,0,14
15,0,0,1,11
15,0,0,2,10
15,0,0,3,14
15,0,0,4,15
15,0,0,5,11
15,0,0,6,8
15,0,0,7,7
15,0,0,8,8
15,0,0,9,7
15,0,0,10,11
15,0,0,11,14
15,0,0,12,10
15,0,0,13,14
15,0,0,14,13
15,0,0,15,11
15,0,0,16,10
15,0,0,17,7
15,0,0,18,10
15,0,0,19,15
15,0,0,20,16
15,0,0,21,15
15,0,0,22,16
15,0,0,23,18
15,0,0,24,10
15,0,0,25,11
15,0,0,26,13
15,0,0,27,14
15,0,0,28,14
15,0,0,29,11
15,0,0,30,7
15,0,0,31,11
15,0,1,0,12
15,0,1,1,11
15,0,1,2,13
15,0,1,3,10
15,0,1,4,13
15,0,1,5,14
15,0,1,6,13
15,0,1,7,13
15,0,1,8,8
15,0,1,9,10
15,0,1,10,11
15,0,1,11,14
15,0,1,12,11
15,0,1,13,11
15,0,1,14,10
15,0,1,15,13
15,0,1,16,14
15,0,1,17,13
15,0,1,18,9
15,0,1,19,12
15,0,1,20,10
15,0,1,21,9
15,0,1,22,12
15,0,1,23,11
15,0,1,24,9
15,0,1,25,11
15,0,1,26,14
15,0,1,27,15
15,0,1,28,13
15,0,1,29,12
15,0,1,30,10
15,0,1,31,11
15,0,2,0,8
15,0,2,1,8
15,0,2,2,9
15,0,2,3,8
15,0,2,4,7
15,0,2,5,10
15,0,2,6,13
15,0,2,7,13
15,0,2,8,14
15,0,2,9,14
15,0,2,10,15
15,0,2,11,14
15,0,2,12,11
15,0,2,13,13
15,0,2,14,11
15,0,2,15,15
15,0,2,16,13
15,0,2,17,13
15,0,2,18,14
15,0,2,19,12
15,0,2,20,12
15,0,2,21,9
15,0,2,22,10
15,0,2,23,14
15,0,2,24,13
15,0,2,25,13
15,0,2,26,10
15,0,2,27,12
15,0,2,28,12
15,0,2,29,7
15,0,2,30,9
15,0,2,31,8
15,0,3,0,10
15,0,3,1,11
15,0,3,2,10
15,0,3,3,11
15,0,3,4,11
15,0,3,5,11
15,0,3,6,11
15,0,3,7,10
15,0,3,8,12
15,0,3,9,10
15,0,3,10,10
15,0,3,11,11
15,0,3,12,13
15,0,3,13,14
15,0,3,14,13
15,0,3,15,14
15,0,3,16,12
15,0,3,17,15
15,0,3,18,13
15,0,3,19,15
15,0,3,20,12
15,0,3,21,13
15,0,3,22,16
15,0,3,23,12
15,0,3,24,10
15,0,3,25,10
15,0,3,26,10
15,0,3,27,8
15,0,3,28,8
15,0,3,29,9
15,0,3,30,12
15,0,3,31,13
15,0,4,0,11
15,0,4,1,12
15,0,4,2,13
15,0,4,3,8
15,0,4,4,11
15,0,4,5,9
15,0,4,6,9
15,0,4,7,9
15,0,4,8,10
15,0,4,9,12
15,0,4,10,13
15,0,4,11,11
15,0,4,12,12
15,0,4,13,11
15,0,4,14,10
15,0,4,15,10
15,0,4,16,10
15,0,4,17,11
15,0,4,18,15
15,0,4,19,13
15,0,4,20,10
15,0,4,21,12
15,0,4,22,14
15,0,4,23,14
15,0,4,24,13
15,0,4,25,13
15,0,4,26,11
15,0,4,27,12
15,0,4,28,14
15,0,4,29,12
15,0,4,30,12
15,0,4,31,11
15,0,5,0,9
15,0,5,1,10
15,0,5,2,12
15,0,5,3,13
15,0,5,4,13
15,0,5,5,9
15,0,5,6,11
15,0,5,7,10
15,0,5,8,13
15,0,5,9,13
15,0,5,10,11
15,0,5,11,12
15,0,5,12,12
15,0,5,13,10
15,0,5,14,9
15,0,5,15,14
15,0,5,16,12
15,0,5,17,11
15,0,5,18,10
15,0,5,19,10
15,0,5,20,12
15,0,5,21,11
15,0,5,22,13
15,0,5,23,15
15,0,5,24,15
15,0,5,25,12
15,0,5,26,11
15,0,5,27,8
15,0,5,28,12
15,0,5,29,11
15,0,5,30,9
15,0,5,31,8
15,0,6,0,12
15,0,6,1,11
15,0,6,2,10
15,0,6,3,8
15,0,6,4,9
15,0,6,5,7
15,0,6,6,9
15,0,6,7,8
15,0,6,8,12
15,0,6,9,11
15,0,6,10,11
15,0,6,11,11
15,0,6,12,11
15,0,6,13,10
15,0,6,14,11
15,0,6,15,12
15,0,6,16,13
15,0,6,17,14
15,0,6,18,14
15,0,6,19,10
15,0,6,20,11
15,0,6,21,13
15,0,6,22,12
15,0,6,23,15
15,0,6,24,13
15,0,6,25,14
15,0,6,26,15
15,0,6,27,12
15,0,6,28,11
15,0,6,29,13
15,0,6,30,12
15,0,6,31,12
15,0,7,0,12
15,0,7,1,13
15,0,7,2,9
15,0,7,3,13
15,0,7,4,14
15,0,7,5,14
15,0,7,6,13
15,0,7,7,10
15,0,7,8,16
15,0,7,9,15
15,0,7,10,11
15,0,7,11,9
15,0,7,12,10
15,0,7,13,12
15,0,7,14,15
15,0,7,15,13
15,0,7,16,11
15,0,7,17,13
15,0,7,18,12
15,0,7,19,8
15,0,7,20,12
15,0,7,21,10
15,0,7,22,11
15,0,7,23,11
15,0,7,24,11
15,0,7,25,12
15,0,7,26,9
15,0,7,27,9
15,0,7,28,7
15,0,7,29,9
15,0,7,30,8
15,0,7,31,12
16,0,0,0,11
16,0,0,1,13
16,0,0,2,14
16,0,0,3,13
16,0,0,4,15
16,0,0,5,13
16,0,0,6,14
16,0,0,7,13
16,0,0,8,12
16,0,0,9,7
16,0,0,10,12
16,0,0,11,10
16,0,0,12,12
16,0,0,13,12
16,0,0,14,13
16,0,0,15,13
16,0,0,16,5
16,0,0,17,10
16,0,0,18,13
16,0,0,19,13
16,0,0,20,10
16,0,0,21,9
16,0,0,22,14
16,0,0,23,15
16,0,0,24,13
16,0,0,25,9
16,0,0,26,12
16,0,0,27,12
16,0,0,28,10
16,0,0,29,11
16,0,0,30,11
16,0,0,31,13
16,0,1,0,10
16,0,1,1,11
16,0,1,2,13
16,0,1,3,11
16,0,1,4,11
16,0,1,5,9
16,0,1,6,9
16,0,1,7,10
16,0,1,8,10
16,0,1,9,11
16,0,1,10,11
16,0,1,11,10
16,0,1,12,8
16,0,1,13,10
16,0,1,14,9
16,0,1,15,8
16,0,1,16,10
16,0,1,17,9
16,0,1,18,13
16,0,1,19,12
16,0,1,20,15
16,0,1,21,10
16,0,1,22,11
16,0,1,23,9
16,0,1,24,14
16,0,1,25,14
16,0,1,26,14
16,0,1,27,13
16,0,1,28,12
16,0,1,29,15
16,0,1,30,15
16,0,1,31,15
16,0,2,0,10
16,0,2,1,8
16,0,2,2,12
16,0,2,3,13
16,0,2,4,14
16,0,2,5,12
16,0,2,6,9
16,0,2,7,10
16,0,2,8,12
16,0,2,9,11
16,0,2,10,11
16,0,2,11,12
16,0,2,12,12
16,0,2,13,11
16,0,2,14,10
16,0,2,15,11
16,0,2,16,13
16,0,2,17,10
16,0,2,18,11
16,0,2,19,10
16,0,2,20,11
16,0,2,21,11
16,0,2,22,11
16,0,2,23,10
16,0,2,24,11
16,0,2,25,14
16,0,2,26,13
16,0,2,27,10
16,0,2,28,14
16,0,2,29,13
16,0,2,30,12
16,0,2,31,12
16,0,3,0,12
16,0,3,1,12
16,0,3,2,9
16,0,3,3,11
16,0,3,4,12
16,0,3,5,12
16,0,3,6,11
16,0,3,7,10
16,0,3,8,13
16,0,3,9,13
16,0,3,10,12
16,0,3,11,12
16,0,3,12,10
16,0,3,13,7
16,0,3,14,13
16,0,3,15,13
16,0,3,16,12
16,0,3,17,13
16,0,3,18,11
16,0,3,19,10
16,0,3,20,11
16,0,3,21,12
16,0,3,22,14
16,0,3,23,14
16,0,3,24,12
16,0,3,25,13
16,0,3,26,11
16,0,3,27,11
16,0,3,28,13
16,0,3,29,12
16,0,3,30,11
16,0,3,31,12
16,0,4,0,10
16,0,4,1,8
16,0,4,2,12
16,0,4,3,12
16,0,4,4,10
16,0,4,5,12
16,0,4,6,13
16,0,4,7,17
16,0,4,8,13
16,0,4,9,11
16,0,4,10,10
16,0,4,11,12
16,0,4,12,12
16,0,4,13,12
16,0,4,14,9
16,0,4,15,10
16,0,4,16,11
16,0,4,17,13
16,0,4,18,15
16,0,4,19,12
16,0,4,20,8
16,0,4,21,12
16,0,4,22,13
16,0,4,23,14
16,0,4,24,12
16,0,4,25,9
16,0,4,26,9
16,0,4,27,12
16,0,4,28,11
16,0,4,29,7
16,0,4,30,9
16,0,4,31,12
16,0,5,0,12
16,0,5,1,12
16,0,5,2,11
16,0,5,3,10
16,0,5,4,10
16,0,5,5,14
16,0,5,6,17
16,0,5,7,15
16,0,5,8,13
16,0,5,9,13
16,0,5,10,12
16,0,5,11,11
16,0,5,12,12
16,0,5,13,11
16,0,5,14,12
16,0,5,15,13
16,0,5,16,15
16,0,5,17,22
16,0,5,18,19
16,0,5,19,14
16,0,5,20,8
16,0,5,21,8
16,0,5,22,6
16,0,5,23,12
16,0,5,24,9
16,0,5,25,12
16,0,5,26,9
16,0,5,27,10
16,0,5,28,9
16,0,5,29,7
16,0,5,30,12
16,0,5,31,12
16,0,6,0,12
16,0,6,1,12
16,0,6,2,12
16,0,6,3,13
16,0,6,4,17
16,0,6,5,12
16,0,6,6,11
16,0,6,7,11
16,0,6,8,9
16,0,6,9,11
16,0,6,10,12
16,0,6,11,8
16,0,6,12,8
16,0,6,13,10
16,0,6,14,10
16,0,6,15,14
16,0,6,16,12
16,0,6,17,10
16,0,6,18,8
16,0,6,19,7
16,0,6,20,10
16,0,6,21,10
16,0,6,22,11
16,0,6,23,13
16,0,6,24,15
16,0,6,25,13
16,0,6,26,11
16,0,6,27,13
16,0,6,28,15
16,0,6,29,12
16,0,6,30,13
16,0,6,31,12
16,0,7,0,11
16,0,7,1,11
16,0,7,2,12
16,0,7,3,11
16,0,7,4,14
16,0,7,5,15
16,0,7,6,15
16,0,7,7,9
16,0,7,8,7
16,0,7,9,7
16,0,7,10,9
16,0,7,11,10
16,0,7,12,9
16,0,7,13,12
16,0,7,14,10
16,0,7,15,9
16,0,7,16,13
16,0,7,17,14
16,0,7,18,13
16,0,7,19,14
16,0,7,20,12
16,0,7,21,11
16,0,7,22,13
16,0,7,23,16
16,0,7,24,12
16,0,7,25,12
16,0,7,26,10
16,0,7,27,10
16,0,7,28,11
16,0,7,29,13
16,0,7,30,11
16,0,7,31,11
17,0,0,0,12
17,0,0,1,12
17,0,0,2,11
17,0,0,3,13
17,0,0,4,15
17,0,0,5,17
17,0,0,6,18
17,0,0,7,15
17,0,0,8,15
17,0,0,9,16
17,0,0,10,14
17,0,0,11,13
17,0,0,12,13
17,0,0,13,11
17,0,0,14,12
17,0,0,15,11
17,0,0,16,10
17,0,0,17,9
17,0,0,18,9
17,0,0,19,8
17,0,0,20,7
17,0,0,21,9
17,0,0,22,8
17,0,0,23,9
17,0,0,24,9
17,0,0,25,11
17,0,0,26,13
17,0,0,27,13
17,0,0,28,8
17,0,0,29,9
17,0,0,30,14
17,0,0,31,12
17,0,1,0,11
17,0,1,1,11
17,0,1,2,13
17,0,1,3,9
17,0,1,4,14
17,0,1,5,12
17,0,1,6,9
17,0,1,7,9
17,0,1,8,11
17,0,1,9,7
17,0,1,10,10
17,0,1,11,12
17,0,1,12,10
17,0,1,13,10
17,0,1,14,12
17,0,1,15,12
17,0,1,16,11
17,0,1,17,10
17,0,1,18,12
17,0,1,19,15
17,0,1,20,13
17,0,1,21,12
17,0,1,22,13
17,0,1,23,13
17,0,1,24,12
17,0,1,25,11
17,0,1,26,13
17,0,1,27,11
17,0,1,28,12
17,0,1,29,13
17,0,1,30,13
17,0,1,31,12
17,0,2,0,15
17,0,2,1,14
17,0,2,2,12
17,0,2,3,13
17,0,2,4,11
17,0,2,5,8
17,0,2,6,10
17,0,2,7,11
17,0,2,8,15
17,0,2,9,14
17,0,2,10,9
17,0,2,11,11
17,0,2,12,9
17,0,2,13,9
17,0,2,14,7
17,0,2,15,6
17,0,2,16,8
17,0,2,17,8
17,0,2,18,10
17,0,2,19,10
17,0,2,20,10
17,0,2,21,11
17,0,2,22,10
17,0,2,23,13
17,0,2,24,14
17,0,2,25,10
17,0,2,26,11
17,0,2,27,16
17,0,2,28,12
17,0,2,29,12
17,0,2,30,15
17,0,2,31,13
17,0,3,0,13
17,0,3,1,12
17,0,3,2,14
17,0,3,3,13
17,0,3,4,13
17,0,3,5,12
17,0,3,6,13
17,0,3,7,11
17,0,3,8,11
17,0,3,9,13
17,0,3,10,14
17,0,3,11,13
17,0,3,12,10
17,0,3,13,12
17,0,3,14,11
17,0,3,15,15
17,0,3,16,11
17,0,3,17,10
17,0,3,18,9
17,0,3,19,9
17,0,3,20,8
17,0,3,21,7
17,0,3,22,10
17,0,3,23,9
17,0,3,24,8
17,0,3,25,10
17,0,3,26,11
17,0,3,27,12
17,0,3,28,14
17,0,3,29,13
17,0,3,30,13
17,0,3,31,14
17,0,4,0,9
17,0,4,1,10
17,0,4,2,9
17,0,4,3,10
17,0,4,4,10
17,0,4,5,10
17,0,4,6,8
17,0,4,7,10
17,0,4,8,10
17,0,4,9,12
17,0,4,10,10
17,0,4,11,11
17,0,4,12,12
17,0,4,13,11
17,0,4,14,9
17,0,4,15,15
17,0,4,16,13
17,0,4,17,11
17,0,4,18,9
17,0,4,19,13
17,0,4,20,12
17,0,4,21,17
17,0,4,22,15
17,0,4,23,15
17,0,4,24,13
17,0,4,25,14
17,0,4,26,13
17,0,4,27,10
17,0,4,28,10
17,0,4,29,12
17,0,4,30,12
17,0,4,31,10
17,0,5,0,11
17,0,5,1,9
17,0,5,2,12
17,0,5,3,11
17,0,5,4,13
17,0,5,5,9
17,0,5,6,11
17,0,5,7,12
17,0,5,8,11
17,0,5,9,13
17,0,5,10,11
17,0,5,11,13
17,0,5,12,13
17,0,5,13,12
17,0,5,14,10
17,0,5,15,14
17,0,5,16,13
17,0,5,17,11
17,0,5,18,15
17,0,5,19,11
17,0,5,20,11
17,0,5,21,13
17,0,5,22,12
17,0,5,23,10
17,0,5,24,8
17,0,5,25,9
17,0,5,26,12
17,0,5,27,12
17,0,5,28,13
17,0,5,29,12
17,0,5,30,9
17,0,5,31,11
17,0,6,0,9
17,0,6,1,12
17,0,6,2,13
17,0,6,3,9
17,0,6,4,12
17,0,6,5,12
17,0,6,6,13
17,0,6,7,12
17,0,6,8,14
17,0,6,9,14
17,0,6,10,17
17,0,6,11,10
17,0,6,12,13
17,0,6,13,13
17,0,6,14,10
17,0,6,15,10
17,0,6,16,11
17,0,6,17,10
17,0,6,18,12
17,0,6,19,14
17,0,6,20,10
17,0,6,21,8
17,0,6,22,9
17,0,6,23,6
17,0,6,24,9
17,0,6,25,10
17,0,6,26,11
17,0,6,27,12
17,0,6,28,15
17,0,6,29,16
17,0,6,30,9
17,0,6,31,10
17,0,7,0,11
17,0,7,1,11
17,0,7,2,9
17,0,7,3,12
17,0,7,4,15
17,0,7,5,11
17,0,7,6,13
17,0,7,7,14
17,0,7,8,12
17,0,7,9,12
17,0,7,10,12
17,0,7,11,13
17,0,7,12,12
17,0,7,13,12
17,0,7,14,10
17,0,7,15,11
17,0,7,16,12
17,0,7,17,11
17,0,7,18,12
17,0,7,19,11
17,0,7,20,10
17,0,7,21,10
17,0,7,22,10
17,0,7,23,12
17,0,7,24,12
17,0,7,25,11
17,0,7,26,12
17,0,7,27,13
17,0,7,28,11
17,0,7,29,12
17,0,7,30,11
17,0,7,31,11
18,0,0,0,9
18,0,0,1,10
18,0,0,2,11
18,0,0,3,11
18,0,0,4,8
18,0,0,5,11
18,0,0,6,13
18,0,0,7,13
18,0,0,8,13
18,0,0,9,12
18,0,0,10,13
18,0,0,11,14
18,0,0,12,14
18,0,0,13,14
18,0,0,14,15
18,0,0,15,15
18,0,0,16,14
18,0,0,17,12
18,0,0,18,11
18,0,0,19,13
18,0,0,20,12
18,0,0,21,12
18,0,0,22,12
18,0,0,23,10
18,0,0,24,11
18,0,0,25,9
18,0,0,26,10
18,0,0,27,6
18,0,0,28,9
18,0,0,29,12
18,0,0,30,10
18,0,0,31,9
18,0,1,0,13
18,0,1,1,12
18,0,1,2,11
18,0,1,3,10
18,0,1,4,9
18,0,1,5,9
18,0,1,6,10
18,0,1,7,9
18,0,1,8,8
18,0,1,9,10
18,0,1,10,13
18,0,1,11,13
18,0,1,12,12
18,0,1,13,13
18,0,1,14,12
18,0,1,15,11
18,0,1,16,13
18,0,1,17,10
18,0,1,18,13
18,0,1,19,12
18,0,1,20,12
18,0,1,21,11
18,0,1,22,12
18,0,1,23,11
18,0,1,24,12
18,0,1,25,15
18,0,1,26,15
18,0,1,27,11
18,0,1,28,11
18,0,1,29,10
18,0,1,30,9
18,0,1,31,10
18,0,2,0,11
18,0,2,1,13
18,0,2,2,10
18,0,2,3,12
18,0,2,4,11
18,0,2,5,11
18,0,2,6,10
18,0,2,7,13
18,0,2,8,14
18,0,2,9,11
18,0,2,10,11
18,0,2,11,12
18,0,2,12,15
18,0,2,13,14
18,0,2,14,16
18,0,2,15,11
18,0,2,16,12
18,0,2,17,12
18,0,2,18,11
18,0,2,19,12
18,0,2,20,13
18,0,2,21,12
18,0,2,22,12
18,0,2,23,12
18,0,2,24,11
18,0,2,25,11
18,0,2,26,10
18,0,2,27,8
18,0,2,28,7
18,0,2,29,10
18,0,2,30,10
18,0,2,31,9
18,0,3,0,11
18,0,3,1,11
18,0,3,2,11
18,0,3,3,12
18,0,3,4,12
18,0,3,5,10
18,0,3,6,12
18,0,3,7,13
18,0,3,8,13
18,0,3,9,12
18,0,3,10,13
18,0,3,11,14
18,0,3,12,12
18,0,3,13,12
18,0,3,14,13
18,0,3,15,14
18,0,3,16,13
18,0,3,17,13
18,0,3,18,10
18,0,3,19,12
18,0,3,20,12
18,0,3,21,11
18,0,3,22,12
18,0,3,23,10
18,0,3,24,7
18,0,3,25,10
18,0,3,26,15
18,0,3,27,10
18,0,3,28,11
18,0,3,29,9
18,0,3,30,9
18,0,3,31,9
18,0,4,0,11
18,0,4,1,14
18,0,4,2,16
18,0,4,3,15
18,0,4,4,12
18,0,4,5,15
18,0,4,6,14
18,0,4,7,12
18,0,4,8,13
18,0,4,9,13
18,0,4,10,14
18,0,4,11,14
18,0,4,12,13
18,0,4,13,13
18,0,4,14,10
18,0,4,15,10
18,0,4,16,8
18,0,4,17,9
18,0,4,18,10
18,0,4,19,11
18,0,4,20,14
18,0,4,21,15
18,0,4,22,11
18,0,4,23,15
18,0,4,24,8
18,0,4,25,8
18,0,4,26,8
18,0,4,27,10
18,0,4,28,9
18,0,4,29,10
18,0,4,30,9
18,0,4,31,10
18,0,5,0,8
18,0,5,1,10
18,0,5,2,11
18,0,5,3,10
18,0,5,4,10
18,0,5,5,7
18,0,5,6,12
18,0,5,7,14
18,0,5,8,15
18,0,5,9,15
18,0,5,10,17
18,0,5,11,14
18,0,5,12,11
18,0,5,13,9
18,0,5,14,12
18,0,5,15,13
18,0,5,16,9
18,0,5,17,10
18,0,5,18,9
18,0,5,19,15
18,0,5,20,9
18,0,5,21,10
18,0,5,22,7
18,0,5,23,6
18,0,5,24,7
18,0,5,25,12
18,0,5,26,10
18,0,5,27,11
18,0,5,28,11
18,0,5,29,11
18,0,5,30,12
18,0,5,31,8
18,0,6,0,11
18,0,6,1,9
18,0,6,2,10
18,0,6,3,11
18,0,6,4,15
18,0,6,5,12
18,0,6,6,9
18,0,6,7,11
18,0,6,8,11
18,0,6,9,11
18,0,6,10,11
18,0,6,11,11
18,0,6,12,12
18,0,6,13,13
18,0,6,14,11
18,0,6,15,10
18,0,6,16,10
18,0,6,17,10
18,0,6,18,12
18,0,6,19,15
18,0,6,20,13
18,0,6,21,14
18,0,6,22,14
18,0,6,23,14
18,0,6,24,11
18,0,6,25,11
18,0,6,26,11
18,0,6,27,11
18,0,6,28,10
18,0,6,29,12
18,0,6,30,10
18,0,6,31,13
18,0,7,0,13
18,0,7,1,12
18,0,7,2,12
18,0,7,3,13
18,0,7,4,10
18,0,7,5,10
18,0,7,6,12
18,0,7,7,15
18,0,7,8,15
18,0,7,9,12
18,0,7,10,12
18,0,7,11,10
18,0,7,12,7
18,0,7,13,9
18,0,7,14,8
18,0,7,15,8
18,0,7,16,12
18,0,7,17,15
18,0,7,18,13
18,0,7,19,12
18,0,7,20,12
18,0,7,21,12
18,0,7,22,13
18,0,7,23,12
18,0,7,24,12
18,0,7,25,14
18,0,7,26,11
18,0,7,27,9
18,0,7,28,12
18,0,7,29,10
18,0,7,30,10
18,0,7,31,10
19,0,0,0,9
19,0,0,1,10
19,0,0,2,11
19,0,0,3,12
19,0,0,4,14
19,0,0,5,13
19,0,0,6,12
19,0,0,7,11
19,0,0,8,15
19,0,0,9,12
19,0,0,10,14
19,0,0,11,17
19,0,0,12,13
19,0,0,13,15
19,0,0,14,13
19,0,0,15,10
19,0,0,16,13
19,0,0,17,13
19,0,0,18,11
19,0,0,19,11
19,0,0,20,9
19,0,0,21,11
19,0,0,22,11
19,0,0,23,9
19,0,0,24,10
19,0,0,25,11
19,0,0,26,7
19,0,0,27,6
19,0,0,28,7
19,0,0,29,12
19,0,0,30,9
19,0,0,31,11
19,0,1,0,10
19,0,1,1,14
19,0,1,2,9
19,0,1,3,13
19,0,1,4,11
19,0,1,5,9
19,0,1,6,8
19,0,1,7,8
19,0,1,8,12
19,0,1,9,12
19,0,1,10,11
19,0,1,11,12
19,0,1,12,17
19,0,1,13,16
19,0,1,14,16
19,0,1,15,12
19,0,1,16,17
19,0,1,17,13
19,0,1,18,10
19,0,1,19,10
19,0,1,20,14
19,0,1,21,10
19,0,1,22,11
19,0,1,23,12
19,0,1,24,10
19,0,1,25,9
19,0,1,26,10
19,0,1,27,12
19,0,1,28,11
19,0,1,29,9
19,0,1,30,9
19,0,1,31,9
19,0,2,0,13
19,0,2,1,11
19,0,2,2,13
19,0,2,3,14
19,0,2,4,12
19,0,2,5,11
19,0,2,6,10
19,0,2,7,11
19,0,2,8,11
19,0,2,9,10
19,0,2,10,13
19,0,2,11,11
19,0,2,12,9
19,0,2,13,9
19,0,2,14,12
19,0,2,15,11
19,0,2,16,10
19,0,2,17,12
19,0,2,18,11
19,0,2,19,9
19,0,2,20,8
19,0,2,21,8
19,0,2,22,11
19,0,2,23,12
19,0,2,24,12
19,0,2,25,13
19,0,2,26,13
19,0,2,27,15
19,0,2,28,12
19,0,2,29,13
19,0,2,30,15
19,0,2,31,14
19,0,3,0,11
19,0,3,1,10
19,0,3,2,13
19,0,3,3,12
19,0,3,4,9
19,0,3,5,10
19,0,3,6,12
19,0,3,7,13
19,0,3,8,14
19,0,3,9,12
19,0,3,10,11
19,0,3,11,11
19,0,3,12,12
19,0,3,13,13
19,0,3,14,12
19,0,3,15,14
19,0,3,16,12
19,0,3,17,9
19,0,3,18,10
19,0,3,19,11
19,0,3,20,8
19,0,3,21,11
19,0,3,22,12
19,0,3,23,11
19,0,3,24,11
19,0,3,25,13
19,0,3,26,12
19,0,3,27,13
19,0,3,28,10
19,0,3,29,11
19,0,3,30,9
19,0,3,31,9
19,0,4,0,6
19,0,4,1,7
19,0,4,2,10
19,0,4,3,11
19,0,4,4,11
19,0,4,5,7
19,0,4,6,9
19,0,4,7,10
19,0,4,8,11
19,0,4,9,12
19,0,4,10,13
19,0,4,11,14
19,0,4,12,13
19,0,4,13,13
19,0,4,14,13
19,0,4,15,12
19,0,4,16,14
19,0,4,17,14
19,0,4,18,14
19,0,4,19,13
19,0,4,20,12
19,0,4,21,15
19,0,4,22,12
19,0,4,23,12
19,0,4,24,14
19,0,4,25,15
19,0,4,26,13
19,0,4,27,13
19,0,4,28,10
19,0,4,29,10
19,0,4,30,10
19,0,4,31,7
19,0,5,0,14
19,0,5,1,13
19,0,5,2,12
19,0,5,3,11
19,0,5,4,12
19,0,5,5,8
19,0,5,6,11
19,0,5,7,10
19,0,5,8,11
19,0,5,9,12
19,0,5,10,12
19,0,5,11,11
19,0,5,12,9
19,0,5,13,15
19,0,5,14,14
19,0,5,15,13
19,0,5,16,12
19,0,5,17,12
19,0,5,18,14
19,0,5,19,13
19,0,5,20,12
19,0,5,21,10
19,0,5,22,9
19,0,5,23,8
19,0,5,24,15
19,0,5,25,15
19,0,5,26,12
19,0,5,27,13
19,0,5,28,12
19,0,5,29,11
19,0,5,30,13
19,0,5,31,12
19,0,6,0,15
19,0,6,1,14
19,0,6,2,12
19,0,6,3,11
19,0,6,4,11
19,0,6,5,10
19,0,6,6,7
19,0,6,7,8
19,0,6,8,10
19,0,6,9,10
19,0,6,10,14
19,0,6,11,13
19,0,6,12,13
19,0,6,13,12
19,0,6,14,12
19,0,6,15,9
19,0,6,16,9
19,0,6,17,10
19,0,6,18,12
19,0,6,19,10
19,0,6,20,11
19,0,6,21,10
19,0,6,22,12
19,0,6,23,10
19,0,6,24,11
19,0,6,25,12
19,0,6,26,13
19,0,6,27,14
19,0,6,28,13
19,0,6,29,14
19,0,6,30,16
19,0,6,31,16
19,0,7,0,13
19,0,7,1,14
19,0,7,2,14
19,0,7,3,11
19,0,7,4,10
19,0,7,5,11
19,0,7,6,11
19,0,7,7,11
19,0,7,8,15
19,0,7,9,11
19,0,7,10,12
19,0,7,11,12
19,0,7,12,12
19,0,7,13,12
19,0,7,14,10
19,0,7,15,10
19,0,7,16,10
19,0,7,17,11
19,0,7,18,11
19,0,7,19,11
19,0,7,20,9
19,0,7,21,11
19,0,7,22,12
19,0,7,23,11
19,0,7,24,12
19,0,7,25,12
19,0,7,26,11
19,0,7,27,10
19,0,7,28,11
19,0,7,29,10
19,0,7,30,11
19,0,7,31,10
20,0,0,0,13
20,0,0,1,10
20,0,0,2,9
20,0,0,3,11
20,0,0,4,11
20,0,0,5,13
20,0,0,6,11
20,0,0,7,11
20,0,0,8,11
20,0,0,9,10
20,0,0,10,11
20,0,0,11,13
20,0,0,12,11
20,0,0,13,12
20,0,0,14,12
20,0,0,15,10
20,0,0,16,12
20,0,0,17,16
20,0,0,18,14
20,0,0,19,14
20,0,0,20,12
20,0,0,21,13
20,0,0,22,12
20,0,0,23,11
20,0,0,24,10
20,0,0,25,9
20,0,0,26,10
20,0,0,27,10
20,0,0,28,12
20,0,0,29,13
20,0,0,30,12
20,0,0,31,9
20,0,1,0,11
20,0,1,1,11
20,0,1,2,10
20,0,1,3,9
20,0,1,4,13
20,0,1,5,14
20,0,1,6,11
20,0,1,7,13
20,0,1,8,13
20,0,1,9,12
20,0,1,10,15
20,0,1,11,16
20,0,1,12,11
20,0,1,13,13
20,0,1,14,11
20,0,1,15,11
20,0,1,16,11
20,0,1,17,15
20,0,1,18,16
20,0,1,19,9
20,0,1,20,12
20,0,1,21,11
20,0,1,22,10
20,0,1,23,8
20,0,1,24,10
20,0,1,25,8
20,0,1,26,8
20,0,1,27,11
20,0,1,28,11
20,0,1,29,15
20,0,1,30,13
20,0,1,31,12
20,0,2,0,10
20,0,2,1,13
20,0,2,2,12
20,0,2,3,10
20,0,2,4,11
20,0,2,5,8
20,0,2,6,9
20,0,2,7,11
20,0,2,8,11
20,0,2,9,14
20,0,2,10,11
20,0,2,11,12
20,0,2,12,15
20,0,2,13,13
20,0,2,14,12
20,0,2,15,12
20,0,2,16,14
20,0,2,17,12
20,0,2,18,11
20,0,2,19,11
20,0,2,20,11
20,0,2,21,10
20,0,2,22,10
20,0,2,23,13
20,0,2,24,14
20,0,2,25,15
20,0,2,26,13
20,0,2,27,9
20,0,2,28,10
20,0,2,29,8
20,0,2,30,11
20,0,2,31,13
20,0,3,0,11
20,0,3,1,14
20,0,3,2,10
20,0,3,3,8
20,0,3,4,5
20,0,3,5,9
20,0,3,6,9
20,0,3,7,8
20,0,3,8,11
20,0,3,9,11
20,0,3,10,13
20,0,3,11,14
20,0,3,12,12
20,0,3,13,10
20,0,3,14,11
20,0,3,15,15
20,0,3,16,17
20,0,3,17,15
20,0,3,18,12
20,0,3,19,12
20,0,3,20,13
20,0,3,21,11
20,0,3,22,13
20,0,3,23,7
20,0,3,24,9
20,0,3,25,11
20,0,3,26,6
20,0,3,27,9
20,0,3,28,8
20,0,3,29,10
20,0,3,30,12
20,0,3,31,8
20,0,4,0,10
20,0,4,1,7
20,0,4,2,7
20,0,4,3,12
20,0,4,4,16
20,0,4,5,14
20,0,4,6,13
20,0,4,7,15
20,0,4,8,14
20,0,4,9,11
20,0,4,10,13
20,0,4,11,11
20,0,4,12,9
20,0,4,13,13
20,0,4,14,11
20,0,4,15,11
20,0,4,16,10
20,0,4,17,10
20,0,4,18,12
20,0,4,19,9
20,0,4,20,10
20,0,4,21,9
20,0,4,22,9
20,0,4,23,11
20,0,4,24,11
20,0,4,25,16
20,0,4,26,16
20,0,4,27,11
20,0,4,28,8
20,0,4,29,10
20,0,4,30,10
20,0,4,31,9
20,0,5,0,11
20,0,5,1,8
20,0,5,2,13
20,0,5,3,12
20,0,5,4,13
20,0,5,5,12
20,0,5,6,12
20,0,5,7,19
20,0,5,8,14
20,0,5,9,13
20,0,5,10,14
20,0,5,11,15
20,0,5,12,12
20,0,5,13,10
20,0,5,14,16
20,0,5,15,17
20,0,5,16,16
20,0,5,17,12
20,0,5,18,12
20,0,5,19,11
20,0,5,20,11
20,0,5,21,10
20,0,5,22,13
20,0,5,23,10
20,0,5,24,7
20,0,5,25,9
20,0,5,26,6
20,0,5,27,9
20,0,5,28,7
20,0,5,29,11
20,0,5,30,9
20,0,5,31,12
20,0,6,0,13
20,0,6,1,14
20,0,6,2,12
20,0,6,3,13
20,0,6,4,8
20,0,6,5,12
20,0,6,6,14
20,0,6,7,13
20,0,6,8,14
20,0,6,9,12
20,0,6,10,13
20,0,6,11,9
20,0,6,12,10
20,0,6,13,12
20,0,6,14,11
20,0,6,15,8
20,0,6,16,11
20,0,6,17,11
20,0,6,18,10
20,0,6,19,9
20,0,6,20,11
20,0,6,21,12
20,0,6,22,9
20,0,6,23,11
20,0,6,24,10
20,0,6,25,12
20,0,6,26,11
20,0,6,27,13
20,0,6,28,10
20,0,6,29,10
20,0,6,30,11
20,0,6,31,12
20,0,7,0,12
20,0,7,1,10
20,0,7,2,9
20,0,7,3,10
20,0,7,4,10
20,0,7,5,9
20,0,7,6,14
20,0,7,7,15
20,0,7,8,13
20,0,7,9,9
20,0,7,10,9
20,0,7,11,13
20,0,7,12,10
20,0,7,13,11
20,0,7,14,13
20,0,7,15,12
20,0,7,16,14
20,0,7,17,9
20,0,7,18,8
20,0,7,19,8
20,0,7,20,9
20,0,7,21,11
20,0,7,22,11
20,0,7,23,12
20,0,7,24,11
20,0,7,25,15
20,0,7,26,11
20,0,7,27,10
20,0,7,28,13
20,0,7,29,11
20,0,7,30,8
20,0,7,31,13
21,0,0,0,10
21,0,0,1,13
21,0,0,2,12
21,0,0,3,14
21,0,0,4,12
21,0,0,5,12
21,0,0,6,10
21,0,0,7,9
21,0,0,8,11
21,0,0,9,14
21,0,0,10,12
21,0,0,11,9
21,0,0,12,10
21,0,0,13,11
21,0,0,14,14
21,0,0,15,16
21,0,0,16,17
21,0,0,17,12
21,0,0,18,12
21,0,0,19,11
21,0,0,20,11
21,0,0,21,10
21,0,0,22,10
21,0,0,23,9
21,0,0,24,14
21,0,0,25,14
21,0,0,26,11
21,0,0,27,11
21,0,0,28,9
21,0,0,29,11
21,0,0,30,12
21,0,0,31,10
21,0,1,0,14
21,0,1,1,14
21,0,1,2,11
21,0,1,3,13
21,0,1,4,7
21,0,1,5,6
21,0,1,6,7
21,0,1,7,11
21,0,1,8,14
21,0,1,9,14
21,0,1,10,12
21,0,1,11,12
21,0,1,12,11
21,0,1,13,11
21,0,1,14,9
21,0,1,15,9
21,0,1,16,12
21,0,1,17,10
21,0,1,18,12
21,0,1,19,13
21,0,1,20,13
21,0,1,21,18
21,0,1,22,16
21,0,1,23,13
21,0,1,24,11
21,0,1,25,12
21,0,1,26,11
21,0,1,27,13
21,0,1,28,10
21,0,1,29,10
21,0,1,30,9
21,0,1,31,14
21,0,2,0,11
21,0,2,1,13
21,0,2,2,11
21,0,2,3,11
21,0,2,4,9
21,0,2,5,6
21,0,2,6,11
21,0,2,7,11
21,0,2,8,14
21,0,2,9,11
21,0,2,10,10
21,0,2,11,13
21,0,2,12,13
21,0,2,13,11
21,0,2,14,10
21,0,2,15,9
21,0,2,16,11
21,0,2,17,10
21,0,2,18,9
21,0,2,19,10
21,0,2,20,9
21,0,2,21,10
21,0,2,22,14
21,0,2,23,11
21,0,2,24,11
21,0,2,25,13
21,0,2,26,15
21,0,2,27,13
21,0,2,28,11
21,0,2,29,13
21,0,2,30,9
21,0,2,31,12
21,0,3,0,9
21,0,3,1,12
21,0,3,2,10
21,0,3,3,12
21,0,3,4,12
21,0,3,5,13
21,0,3,6,11
21,0,3,7,15
21,0,3,8,14
21,0,3,9,17
21,0,3,10,14
21,0,3,11,13
21,0,3,12,11
21,0,3,13,14
21,0,3,14,10
21,0,3,15,12
21,0,3,16,11
21,0,3,17,11
21,0,3,18,11
21,0,3,19,10
21,0,3,20,9
21,0,3,21,12
21,0,3,22,12
21,0,3,23,6
21,0,3,24,5
21,0,3,25,9
21,0,3,26,9
21,0,3,27,9
21,0,3,28,12
21,0,3,29,11
21,0,3,30,12
21,0,3,31,11
21,0,4,0,13
21,0,4,1,12
21,0,4,2,13
21,0,4,3,11
21,0,4,4,13
21,0,4,5,14
21,0,4,6,11
21,0,4,7,12
21,0,4,8,13
21,0,4,9,14
21,0,4,10,12
21,0,4,11,10
21,0,4,12,12
21,0,4,13,9
21,0,4,14,8
21,0,4,15,6
21,0,4,16,8
21,0,4,17,11
21,0,4,18,11
21,0,4,19,8
21,0,4,20,9
21,0,4,21,10
21,0,4,22,12
21,0,4,23,9
21,0,4,24,9
21,0,4,25,11
21,0,4,26,13
21,0,4,27,13
21,0,4,28,13
21,0,4,29,12
21,0,4,30,13
21,0,4,31,13
21,0,5,0,9
21,0,5,1,12
21,0,5,2,14
21,0,5,3,12
21,0,5,4,10
21,0,5,5,15
21,0,5,6,17
21,0,5,7,10
21,0,5,8,11
21,0,5,9,12
21,0,5,10,9
21,0,5,11,11
21,0,5,12,10
21,0,5,13,10
21,0,5,14,13
21,0,5,15,7
21,0,5,16,12
21,0,5,17,11
21,0,5,18,11
21,0,5,19,12
21,0,5,20,9
21,0,5,21,13
21,0,5,22,12
21,0,5,23,10
21,0,5,24,10
21,0,5,25,10
21,0,5,26,10
21,0,5,27,11
21,0,5,28,13
21,0,5,29,12
21,0,5,30,11
21,0,5,31,12
21,0,6,0,11
21,0,6,1,11
21,0,6,2,11
21,0,6,3,9
21,0,6,4,10
21,0,6,5,8
21,0,6,6,9
21,0,6,7,11
21,0,6,8,11
21,0,6,9,10
21,0,6,10,13
21,0,6,11,12
21,0,6,12,11
21,0,6,13,10
21,0,6,14,8
21,0,6,15,12
21,0,6,16,13
21,0,6,17,11
21,0,6,18,9
21,0,6,19,13
21,0,6,20,12
21,0,6,21,15
21,0,6,22,13
21,0,6,23,10
21,0,6,24,11
21,0,6,25,14
21,0,6,26,13
21,0,6,27,13
21,0,6,28,14
21,0,6,29,12
21,0,6,30,13
21,0,6,31,10
21,0,7,0,8
21,0,7,1,11
21,0,7,2,12
21,0,7,3,11
21,0,7,4,10
21,0,7,5,12
21,0,7,6,12
21,0,7,7,11
21,0,7,8,5
21,0,7,9,9
21,0,7,10,10
21,0,7,11,13
21,0,7,12,12
21,0,7,13,11
21,0,7,14,12
21,0,7,15,12
21,0,7,16,11
21,0,7,17,10
21,0,7,18,14
21,0,7,19,12
21,0,7,20,13
21,0,7,21,11
21,0,7,22,8
21,0,7,23,9
21,0,7,24,10
21,0,7,25,12
21,0,7,26,14
21,0,7,27,12
21,0,7,28,13
21,0,7,29,14
21,0,7,30,14
21,0,7,31,12
22,0,0,0,13
22,0,0,1,12
22,0,0,2,11
22,0,0,3,11
22,0,0,4,10
22,0,0,5,8
22,0,0,6,8
22,0,0,7,10
22,0,0,8,12
22,0,0,9,10
22,0,0,10,7
22,0,0,11,10
22,0,0,12,13
22,0,0,13,12
22,0,0,14,11
22,0,0,15,9
22,0,0,16,10
22,0,0,17,12
22,0,0,18,14
22,0,0,19,12
22,0,0,20,13
22,0,0,21,12
22,0,0,22,12
22,0,0,23,13
22,0,0,24,16
22,0,0,25,13
22,0,0,26,11
22,0,0,27,11
22,0,0,28,11
22,0,0,29,11
22,0,0,30,11
22,0,0,31,14
22,0,1,0,16
22,0,1,1,12
22,0,1,2,10
22,0,1,3,9
22,0,1,4,9
22,0,1,5,11
22,0,1,6,13
22,0,1,7,12
22,0,1,8,10
22,0,1,9,9
22,0,1,10,12
22,0,1,11,13
22,0,1,12,9
22,0,1,13,10
22,0,1,14,10
22,0,1,15,9
22,0,1,16,8
22,0,1,17,11
22,0,1,18,14
22,0,1,19,13
22,0,1,20,14
22,0,1,21,12
22,0,1,22,13
22,0,1,23,12
22,0,1,24,12
22,0,1,25,11
22,0,1,26,11
22,0,1,27,11
22,0,1,28,13
22,0,1,29,14
22,0,1,30,10
22,0,1,31,12
22,0,2,0,15
22,0,2,1,13
22,0,2,2,12
22,0,2,3,12
22,0,2,4,12
22,0,2,5,11
22,0,2,6,10
22,0,2,7,12
22,0,2,8,12
22,0,2,9,13
22,0,2,10,13
22,0,2,11,12
22,0,2,12,14
22,0,2,13,13
22,0,2,14,13
22,0,2,15,14
22,0,2,16,13
22,0,2,17,13
22,0,2,18,12
22,0,2,19,9
22,0,2,20,9
22,0,2,21,8
22,0,2,22,9
22,0,2,23,10
22,0,2,24,12
22,0,2,25,14
22,0,2,26,11
22,0,2,27,10
22,0,2,28,13
22,0,2,29,11
22,0,2,30,6
22,0,2,31,11
22,0,3,0,8
22,0,3,1,12
22,0,3,2,9
22,0,3,3,8
22,0,3,4,12
22,0,3,5,11
22,0,3,6,9
22,0,3,7,11
22,0,3,8,13
22,0,3,9,12
22,0,3,10,12
22,0,3,11,10
22,0,3,12,14
22,0,3,13,11
22,0,3,14,11
22,0,3,15,10
22,0,3,16,12
22,0,3,17,15
22,0,3,18,12
22,0,3,19,12
22,0,3,20,15
22,0,3,21,13
22,0,3,22,14
22,0,3,23,12
22,0,3,24,13
22,0,3,25,8
22,0,3,26,9
22,0,3,27,8
22,0,3,28,7
22,0,3,29,9
22,0,3,30,13
22,0,3,31,11
22,0,4,0,12
22,0,4,1,9
22,0,4,2,16
22,0,4,3,12
22,0,4,4,14
22,0,4,5,12
22,0,4,6,9
22,0,4,7,9
22,0,4,8,11
22,0,4,9,11
22,0,4,10,9
22,0,4,11,13
22,0,4,12,12
22,0,4,13,12
22,0,4,14,13
22,0,4,15,13
22,0,4,16,10
22,0,4,17,6
22,0,4,18,10
22,0,4,19,9
22,0,4,20,9
22,0,4,21,9
22,0,4,22,9
22,0,4,23,11
22,0,4,24,11
22,0,4,25,13
22,0,4,26,16
22,0,4,27,13
22,0,4,28,11
22,0,4,29,10
22,0,4,30,10
22,0,4,31,12
22,0,5,0,11
22,0,5,1,10
22,0,5,2,10
22,0,5,3,13
22,0,5,4,11
22,0,5,5,12
22,0,5,6,10
22,0,5,7,8
22,0,5,8,8
22,0,5,9,7
22,0,5,10,9
22,0,5,11,8
22,0,5,12,10
22,0,5,13,11
22,0,5,14,13
22,0,5,15,12
22,0,5,16,12
22,0,5,17,13
22,0,5,18,14
22,0,5,19,14
22,0,5,20,15
22,0,5,21,13
22,0,5,22,13
22,0,5,23,14
22,0,5,24,13
22,0,5,25,14
22,0,5,26,16
22,0,5,27,15
22,0,5,28,13
22,0,5,29,14
22,0,5,30,11
22,0,5,31,12
22,0,6,0,9
22,0,6,1,9
22,0,6,2,10
22,0,6,3,10
22,0,6,4,9
22,0,6,5,7
22,0,6,6,6
22,0,6,7,8
22,0,6,8,8
22,0,6,9,9
22,0,6,10,15
22,0,6,11,14
22,0,6,12,15
22,0,6,13,12
22,0,6,14,12
22,0,6,15,12
22,0,6,16,12
22,0,6,17,13
22,0,6,18,12
22,0,6,19,12
22,0,6,20,15
22,0,6,21,14
22,0,6,22,12
22,0,6,23,11
22,0,6,24,12
22,0,6,25,12
22,0,6,26,10
22,0,6,27,9
22,0,6,28,10
22,0,6,29,11
22,0,6,30,11
22,0,6,31,10
22,0,7,0,14
22,0,7,1,16
22,0,7,2,8
22,0,7,3,13
22,0,7,4,13
22,0,7,5,17
22,0,7,6,15
22,0,7,7,11
22,0,7,8,9
22,0,7,9,10
22,0,7,10,15
22,0,7,11,13
22,0,7,12,9
22,0,7,13,9
22,0,7,14,10
22,0,7,15,9
22,0,7,16,11
22,0,7,17,7
22,0,7,18,10
22,0,7,19,7
22,0,7,20,8
22,0,7,21,11
22,0,7,22,12
22,0,7,23,11
22,0,7,24,11
22,0,7,25,12
22,0,7,26,13
22,0,7,27,12
22,0,7,28,12
22,0,7,29,10
22,0,7,30,14
22,0,7,31,12
23,0,0,0,9
23,0,0,1,10
23,0,0,2,13
23,0,0,3,13
23,0,0,4,14
23,0,0,5,14
23,0,0,6,11
23,0,0,7,11
23,0,0,8,12
23,0,0,9,13
23,0,0,10,10
23,0,0,11,9
23,0,0,12,10
23,0,0,13,8
23,0,0,14,10
23,0,0,15,12
23,0,0,16,11
23,0,0,17,10
23,0,0,18,13
23,0,0,19,14
23,0,0,20,10
23,0,0,21,10
23,0,0,22,12
23,0,0,23,12
23,0,0,24,10
23,0,0,25,13
23,0,0,26,14
23,0,0,27,11
23,0,0,28,12
23,0,0,29,13
23,0,0,30,10
23,0,0,31,11
23,0,1,0,11
23,0,1,1,14
23,0,1,2,12
23,0,1,3,13
23,0,1,4,14
23,0,1,5,15
23,0,1,6,9
23,0,1,7,12
23,0,1,8,13
23,0,1,9,9
23,0,1,10,9
23,0,1,11,8
23,0,1,12,7
23,0,1,13,10
23,0,1,14,9
23,0,1,15,11
23,0,1,16,10
23,0,1,17,10
23,0,1,18,10
23,0,1,19,11
23,0,1,20,13
23,0,1,21,13
23,0,1,22,12
23,0,1,23,12
23,0,1,24,12
23,0,1,25,13
23,0,1,26,12
23,0,1,27,13
23,0,1,28,16
23,0,1,29,14
23,0,1,30,13
23,0,1,31,14
23,0,2,0,12
23,0,2,1,12
23,0,2,2,10
23,0,2,3,11
23,0,2,4,12
23,0,2,5,12
23,0,2,6,12
23,0,2,7,9
23,0,2,8,12
23,0,2,9,10
23,0,2,10,8
23,0,2,11,8
23,0,2,12,11
23,0,2,13,10
23,0,2,14,9
23,0,2,15,12
23,0,2,16,11
23,0,2,17,9
23,0,2,18,10
23,0,2,19,9
23,0,2,20,11
23,0,2,21,10
23,0,2,22,12
23,0,2,23,14
23,0,2,24,13
23,0,2,25,11
23,0,2,26,13
23,0,2,27,12
23,0,2,28,11
23,0,2,29,15
23,0,2,30,10
23,0,2,31,13
23,0,3,0,12
23,0,3,1,11
23,0,3,2,13
23,0,3,3,11
23,0,3,4,13
23,0,3,5,14
23,0,3,6,14
23,0,3,7,14
23,0,3,8,15
23,0,3,9,13
23,0,3,10,11
23,0,3,11,10
23,0,3,12,11
23,0,3,13,11
23,0,3,14,12
23,0,3,15,10
23,0,3,16,10
23,0,3,17,12
23,0,3,18,13
23,0,3,19,11
23,0,3,20,10
23,0,3,21,11
23,0,3,22,9
23,0,3,23,7
23,0,3,24,10
23,0,3,25,9
23,0,3,26,12
23,0,3,27,11
23,0,3,28,11
23,0,3,29,12
23,0,3,30,12
23,0,3,31,12
23,0,4,0,13
23,0,4,1,12
23,0,4,2,11
23,0,4,3,11
23,0,4,4,10
23,0,4,5,10
23,0,4,6,10
23,0,4,7,8
23,0,4,8,10
23,0,4,9,12
23,0,4,10,14
23,0,4,11,12
23,0,4,12,13
23,0,4,13,12
23,0,4,14,12
23,0,4,15,13
23,0,4,16,10
23,0,4,17,9
23,0,4,18,10
23,0,4,19,11
23,0,4,20,11
23,0,4,21,9
23,0,4,22,11
23,0,4,23,10
23,0,4,24,10
23,0,4,25,14
23,0,4,26,12
23,0,4,27,10
23,0,4,28,8
23,0,4,29,11
23,0,4,30,14
23,0,4,31,14
23,0,5,0,13
23,0,5,1,15
23,0,5,2,13
23,0,5,3,15
23,0,5,4,12
23,0,5,5,15
23,0,5,6,13
23,0,5,7,11
23,0,5,8,9
23,0,5,9,11
23,0,5,10,10
23,0,5,11,9
23,0,5,12,9
23,0,5,13,12
23,0,5,14,10
23,0,5,15,11
23,0,5,16,11
23,0,5,17,10
23,0,5,18,14
23,0,5,19,11
23,0,5,20,10
23,0,5,21,12
23,0,5,22,13
23,0,5,23,12
23,0,5,24,10
23,0,5,25,9
23,0,5,26,11
23,0,5,27,11
23,0,5,28,13
23,0,5,29,14
23,0,5,30,10
23,0,5,31,12
23,0,6,0,10
23,0,6,1,11
23,0,6,2,13
23,0,6,3,13
23,0,6,4,11
23,0,6,5,10
23,0,6,6,12
23,0,6,7,16
23,0,6,8,15
23,0,6,9,15
23,0,6,10,13
23,0,6,11,12
23,0,6,12,11
23,0,6,13,12
23,0,6,14,12
23,0,6,15,9
23,0,6,16,11
23,0,6,17,11
23,0,6,18,10
23,0,6,19,13
23,0,6,20,14
23,0,6,21,11
23,0,6,22,11
23,0,6,23,9
23,0,6,24,8
23,0,6,25,11
23,0,6,26,9
23,0,6,27,13
23,0,6,28,9
23,0,6,29,11
23,0,6,30,11
23,0,6,31,11
23,0,7,0,11
23,0,7,1,13
23,0,7,2,14
23,0,7,3,12
23,0,7,4,13
23,0,7,5,11
23,0,7,6,14
23,0,7,7,13
23,0,7,8,12
23,0,7,9,14
23,0,7,10,11
23,0,7,11,9
23,0,7,12,12
23,0,7,13,15
23,0,7,14,13
23,0,7,15,10
23,0,7,16,10
23,0,7,17,12
23,0,7,18,12
23,0,7,19,14
23,0,7,20,15
23,0,7,21,13
23,0,7,22,13
23,0,7,23,9
23,0,7,24,10
23,0,7,25,12
23,0,7,26,10
23,0,7,27,10
23,0,7,28,12
23,0,7,29,10
23,0,7,30,10
23,0,7,31,10
24,0,0,0,12
24,0,0,1,9
24,0,0,2,7
24,0,0,3,9
24,0,0,4,12
24,0,0,5,9
24,0,0,6,7
24,0,0,7,7
24,0,0,8,10
24,0,0,9,10
24,0,0,10,11
24,0,0,11,11
24,0,0,12,12
24,0,0,13,12
24,0,0,14,11
24,0,0,15,11
24,0,0,16,10
24,0,0,17,13
24,0,0,18,12
24,0,0,19,13
24,0,0,20,13
24,0,0,21,13
24,0,0,22,14
24,0,0,23,13
24,0,0,24,13
24,0,0,25,14
24,0,0,26,15
24,0,0,27,10
24,0,0,28,11
24,0,0,29,10
24,0,0,30,10
24,0,0,31,11
24,0,1,0,11
24,0,1,1,8
24,0,1,2,10
24,0,1,3,13
24,0,1,4,10
24,0,1,5,8
24,0,1,6,10
24,0,1,7,10
24,0,1,8,15
24,0,1,9,13
24,0,1,10,12
24,0,1,11,14
24,0,1,12,13
24,0,1,13,11
24,0,1,14,12
24,0,1,15,12
24,0,1,16,10
24,0,1,17,10
24,0,1,18,13
24,0,1,19,11
24,0,1,20,11
24,0,1,21,10
24,0,1,22,9
24,0,1,23,10
24,0,1,24,10
24,0,1,25,11
24,0,1,26,12
24,0,1,27,13
24,0,1,28,13
24,0,1,29,11
24,0,1,30,12
24,0,1,31,13
24,0,2,0,13
24,0,2,1,14
24,0,2,2,16
24,0,2,3,13
24,0,2,4,13
24,0,2,5,17
24,0,2,6,18
24,0,2,7,15
24,0,2,8,12
24,0,2,9,12
24,0,2,10,12
24,0,2,11,11
24,0,2,12,11
24,0,2,13,13
24,0,2,14,11
24,0,2,15,11
24,0,2,16,13
24,0,2,17,8
24,0,2,18,8
24,0,2,19,10
24,0,2,20,9
24,0,2,21,8
24,0,2,22,7
24,0,2,23,11
24,0,2,24,12
24,0,2,25,10
24,0,2,26,12
24,0,2,27,15
24,0,2,28,14
24,0,2,29,12
24,0,2,30,9
24,0,2,31,14
24,0,3,0,13
24,0,3,1,12
24,0,3,2,11
24,0,3,3,11
24,0,3,4,13
24,0,3,5,14
24,0,3,6,13
24,0,3,7,13
24,0,3,8,13
24,0,3,9,12
24,0,3,10,13
24,0,3,11,10
24,0,3,12,15
24,0,3,13,14
24,0,3,14,15
24,0,3,15,12
24,0,3,16,10
24,0,3,17,9
24,0,3,18,10
24,0,3,19,10
24,0,3,20,9
24,0,3,21,9
24,0,3,22,9
24,0,3,23,10
24,0,3,24,9
24,0,3,25,11
24,0,3,26,11
24,0,3,27,12
24,0,3,28,9
24,0,3,29,8
24,0,3,30,10
24,0,3,31,13
24,0,4,0,12
24,0,4,1,11
24,0,4,2,13
24,0,4,3,13
24,0,4,4,9
24,0,4,5,11
24,0,4,6,12
24,0,4,7,12
24,0,4,8,13
24,0,4,9,12
24,0,4,10,8
24,0,4,11,7
24,0,4,12,9
24,0,4,13,9
24,0,4,14,10
24,0,4,15,11
24,0,4,16,12
24,0,4,17,12
24,0,4,18,9
24,0,4,19,9
24,0,4,20,9
24,0,4,21,12
24,0,4,22,15
24,0,4,23,10
24,0,4,24,14
24,0,4,25,17
24,0,4,26,13
24,0,4,27,12
24,0,4,28,11
24,0,4,29,11
24,0,4,30,12
24,0,4,31,10
24,0,5,0,9
24,0,5,1,9
24,0,5,2,11
24,0,5,3,12
24,0,5,4,12
24,0,5,5,12
24,0,5,6,11
24,0,5,7,14
24,0,5,8,12
24,0,5,9,11
24,0,5,10,9
24,0,5,11,11
24,0,5,12,13
24,0,5,13,13
24,0,5,14,11
24,0,5,15,10
24,0,5,16,13
24,0,5,17,12
24,0,5,18,12
24,0,5,19,13
24,0,5,20,11
24,0,5,21,10
24,0,5,22,8
24,0,5,23,9
24,0,5,24,11
24,0,5,25,11
24,0,5,26,14
24,0,5,27,11
24,0,5,28,9
24,0,5,29,11
24,0,5,30,10
24,0,5,31,8
24,0,6,0,11
24,0,6,1,10
24,0,6,2,12
24,0,6,3,12
24,0,6,4,9
24,0,6,5,6
24,0,6,6,9
24,0,6,7,10
24,0,6,8,15
24,0,6,9,9
24,0,6,10,9
24,0,6,11,12
24,0,6,12,11
24,0,6,13,11
24,0,6,14,16
24,0,6,15,16
24,0,6,16,12
24,0,6,17,13
24,0,6,18,14
24,0,6,19,10
24,0,6,20,11
24,0,6,21,9
24,0,6,22,13
24,0,6,23,13
24,0,6,24,13
24,0,6,25,10
24,0,6,26,13
24,0,6,27,8
24,0,6,28,9
24,0,6,29,11
24,0,6,30,12
24,0,6,31,9
24,0,7,0,9
24,0,7,1,8
24,0,7,2,11
24,0,7,3,13
24,0,7,4,11
24,0,7,5,11
24,0,7,6,11
24,0,7,7,11
24,0,7,8,9
24,0,7,9,8
24,0,7,10,9
24,0,7,11,9
24,0,7,12,9
24,0,7,13,7
24,0,7,14,10
24,0,7,15,12
24,0,7,16,14
24,0,7,17,11
24,0,7,18,12
24,0,7,19,13
24,0,7,20,17
24,0,7,21,13
24,0,7,22,13
24,0,7,23,13
24,0,7,24,14
24,0,7,25,11
24,0,7,26,10
24,0,7,27,14
24,0,7,28,10
24,0,7,29,10
24,0,7,30,10
24,0,7,31,12
25,0,0,0,10
25,0,0,1,11
25,0,0,2,14
25,0,0,3,14
25,0,0,4,14
25,0,0,5,15
25,0,0,6,14
25,0,0,7,12
25,0,0,8,12
25,0,0,9,13
25,0,0,10,11
25,0,0,11,10
25,0,0,12,12
25,0,0,13,10
25,0,0,14,11
25,0,0,15,13
25,0,0,16,13
25,0,0,17,15
25,0,0,18,13
25,0,0,19,13
25,0,0,20,11
25,0,0,21,12
25,0,0,22,14
25,0,0,23,10
25,0,0,24,9
25,0,0,25,9
25,0,0,26,8
25,0,0,27,10
25,0,0,28,12
25,0,0,29,11
25,0,0,30,12
25,0,0,31,12
25,0,1,0,13
25,0,1,1,11
25,0,1,2,12
25,0,1,3,10
25,0,1,4,11
25,0,1,5,13
25,0,1,6,6
25,0,1,7,10
25,0,1,8,13
25,0,1,9,8
25,0,1,10,10
25,0,1,11,9
25,0,1,12,11
25,0,1,13,7
25,0,1,14,11
25,0,1,15,13
25,0,1,16,10
25,0,1,17,12
25,0,1,18,12
25,0,1,19,12
25,0,1,20,15
25,0,1,21,15
25,0,1,22,16
25,0,1,23,11
25,0,1,24,12
25,0,1,25,14
25,0,1,26,14
25,0,1,27,15
25,0,1,28,11
25,0,1,29,11
25,0,1,30,13
25,0,1,31,12
25,0,2,0,15
25,0,2,1,11
25,0,2,2,10
25,0,2,3,10
25,0,2,4,11
25,0,2,5,12
25,0,2,6,11
25,0,2,7,9
25,0,2,8,14
25,0,2,9,15
25,0,2,10,12
25,0,2,11,17
25,0,2,12,11
25,0,2,13,11
25,0,2,14,13
25,0,2,15,12
25,0,2,16,16
25,0,2,17,14
25,0,2,18,13
25,0,2,19,10
25,0,2,20,9
25,0,2,21,9
25,0,2,22,12
25,0,2,23,10
25,0,2,24,10
25,0,2,25,11
25,0,2,26,6
25,0,2,27,5
25,0,2,28,7
25,0,2,29,10
25,0,2,30,13
25,0,2,31,16
25,0,3,0,11
25,0,3,1,12
25,0,3,2,12
25,0,3,3,13
25,0,3,4,12
25,0,3,5,10
25,0,3,6,14
25,0,3,7,9
25,0,3,8,7
25,0,3,9,8
25,0,3,10,11
25,0,3,11,12
25,0,3,12,10
25,0,3,13,10
25,0,3,14,11
25,0,3,15,9
25,0,3,16,9
25,0,3,17,10
25,0,3,18,12
25,0,3,19,10
25,0,3,20,11
25,0,3,21,11
25,0,3,22,8
25,0,3,23,14
25,0,3,24,18
25,0,3,25,14
25,0,3,26,13
25,0,3,27,12
25,0,3,28,16
25,0,3,29,12
25,0,3,30,11
25,0,3,31,10
25,0,4,0,12
25,0,4,1,12
25,0,4,2,11
25,0,4,3,11
25,0,4,4,12
25,0,4,5,12
25,0,4,6,14
25,0,4,7,12
25,0,4,8,11
25,0,4,9,10
25,0,4,10,15
25,0,4,11,14
25,0,4,12,10
25,0,4,13,13
25,0,4,14,15
25,0,4,15,12
25,0,4,16,13
25,0,4,17,13
25,0,4,18,13
25,0,4,19,11
25,0,4,20,9
25,0,4,21,9
25,0,4,22,10
25,0,4,23,10
25,0,4,24,11
25,0,4,25,11
25,0,4,26,14
25,0,4,27,10
25,0,4,28,9
25,0,4,29,11
25,0,4,30,8
25,0,4,31,11
25,0,5,0,9
25,0,5,1,10
25,0,5,2,13
25,0,5,3,13
25,0,5,4,11
25,0,5,5,11
25,0,5,6,15
25,0,5,7,13
25,0,5,8,12
25,0,5,9,12
25,0,5,10,11
25,0,5,11,14
25,0,5,12,14
25,0,5,13,13
25,0,5,14,10
25,0,5,15,8
25,0,5,16,12
25,0,5,17,14
25,0,5,18,16
25,0,5,19,13
25,0,5,20,12
25,0,5,21,15
25,0,5,22,13
25,0,5,23,16
25,0,5,24,15
25,0,5,25,9
25,0,5,26,9
25,0,5,27,12
25,0,5,28,8
25,0,5,29,8
25,0,5,30,7
25,0,5,31,6
25,0,6,0,13
25,0,6,1,12
25,0,6,2,12
25,0,6,3,12
25,0,6,4,12
25,0,6,5,11
25,0,6,6,9
25,0,6,7,8
25,0,6,8,10
25,0,6,9,10
25,0,6,10,10
25,0,6,11,11
25,0,6,12,13
25,0,6,13,12
25,0,6,14,10
25,0,6,15,12
25,0,6,16,11
25,0,6,17,13
25,0,6,18,11
25,0,6,19,14
25,0,6,20,11
25,0,6,21,11
25,0,6,22,10
25,0,6,23,10
25,0,6,24,9
25,0,6,25,10
25,0,6,26,10
25,0,6,27,11
25,0,6,28,10
25,0,6,29,10
25,0,6,30,11
25,0,6,31,13
25,0,7,0,10
25,0,7,1,10
25,0,7,2,11
25,0,7,3,12
25,0,7,4,9
25,0,7,5,12
25,0,7,6,14
25,0,7,7,12
25,0,7,8,12
25,0,7,9,12
25,0,7,10,9
25,0,7,11,11
25,0,7,12,11
25,0,7,13,16
25,0,7,14,13
25,0,7,15,8
25,0,7,16,9
25,0,7,17,12
25,0,7,18,11
25,0,7,19,12
25,0,7,20,11
25,0,7,21,8
25,0,7,22,7
25,0,7,23,12
25,0,7,24,11
25,0,7,25,12
25,0,7,26,13
25,0,7,27,15
25,0,7,28,13
25,0,7,29,9
25,0,7,30,7
25,0,7,31,9
26,0,0,0,10
26,0,0,1,11
26,0,0,2,12
26,0,0,3,14
26,0,0,4,13
26,0,0,5,12
26,0,0,6,12
26,0,0,7,14
26,0,0,8,11
26,0,0,9,11
26,0,0,10,13
26,0,0,11,14
26,0,0,12,13
26,0,0,13,13
26,0,0,14,12
26,0,0,15,11
26,0,0,16,11
26,0,0,17,11
26,0,0,18,8
26,0,0,19,6
26,0,0,20,8
26,0,0,21,10
26,0,0,22,10
26,0,0,23,12
26,0,0,24,13
26,0,0,25,13
26,0,0,26,12
26,0,0,27,12
26,0,0,28,11
26,0,0,29,11
26,0,0,30,11
26,0,0,31,10
26,0,1,0,12
26,0,1,1,10
26,0,1,2,12
26,0,1,3,12
26,0,1,4,11
26,0,1,5,9
26,0,1,6,9
26,0,1,7,14
26,0,1,8,12
26,0,1,9,8
26,0,1,10,12
26,0,1,11,11
26,0,1,12,12
26,0,1,13,11
26,0,1,14,12
26,0,1,15,13
26,0,1,16,14
26,0,1,17,15
26,0,1,18,14
26,0,1,19,11
26,0,1,20,10
26,0,1,21,11
26,0,1,22,10
26,0,1,23,10
26,0,1,24,9
26,0,1,25,10
26,0,1,26,9
26,0,1,27,8
26,0,1,28,10
26,0,1,29,11
26,0,1,30,9
26,0,1,31,7
26,0,2,0,9
26,0,2,1,12
26,0,2,2,13
26,0,2,3,15
26,0,2,4,14
26,0,2,5,12
26,0,2,6,11
26,0,2,7,11
26,0,2,8,12
26,0,2,9,11
26,0,2,10,11
26,0,2,11,11
26,0,2,12,8
26,0,2,13,13
26,0,2,14,12
26,0,2,15,11
26,0,2,16,11
26,0,2,17,11
26,0,2,18,11
26,0,2,19,12
26,0,2,20,14
26,0,2,21,12
26,0,2,22,11
26,0,2,23,12
26,0,2,24,10
26,0,2,25,10
26,0,2,26,13
26,0,2,27,12
26,0,2,28,8
26,0,2,29,8
26,0,2,30,9
26,0,2,31,10
26,0,3,0,8
26,0,3,1,6
26,0,3,2,12
26,0,3,3,11
26,0,3,4,9
26,0,3,5,10
26,0,3,6,13
26,0,3,7,15
26,0,3,8,13
26,0,3,9,10
26,0,3,10,10
26,0,3,11,13
26,0,3,12,10
26,0,3,13,11
26,0,3,14,12
26,0,3,15,10
26,0,3,16,7
26,0,3,17,9
26,0,3,18,12
26,0,3,19,6
26,0,3,20,12
26,0,3,21,14
26,0,3,22,9
26,0,3,23,12
26,0,3,24,10
26,0,3,25,12
26,0,3,26,14
26,0,3,27,13
26,0,3,28,13
26,0,3,29,16
26,0,3,30,15
26,0,3,31,11
26,0,4,0,9
26,0,4,1,8
26,0,4,2,8
26,0,4,3,6
26,0,4,4,9
26,0,4,5,12
26,0,4,6,13
26,0,4,7,10
26,0,4,8,13
26,0,4,9,17
26,0,4,10,14
26,0,4,11,13
26,0,4,12,14
26,0,4,13,15
26,0,4,14,14
26,0,4,15,14
26,0,4,16,12
26,0,4,17,17
26,0,4,18,13
26,0,4,19,15
26,0,4,20,14
26,0,4,21,12
26,0,4,22,12
26,0,4,23,10
26,0,4,24,10
26,0,4,25,9
26,0,4,26,11
26,0,4,27,9
26,0,4,28,9
26,0,4,29,7
26,0,4,30,5
26,0,4,31,8
26,0,5,0,12
26,0,5,1,11
26,0,5,2,12
26,0,5,3,14
26,0,5,4,14
26,0,5,5,11
26,0,5,6,11
26,0,5,7,9
26,0,5,8,10
26,0,5,9,8
26,0,5,10,9
26,0,5,11,10
26,0,5,12,8
26,0,5,13,10
26,0,5,14,9
26,0,5,15,12
26,0,5,16,11
26,0,5,17,11
26,0,5,18,12
26,0,5,19,13
26,0,5,20,12
26,0,5,21,13
26,0,5,22,13
26,0,5,23,14
26,0,5,24,12
26,0,5,25,13
26,0,5,26,12
26,0,5,27,14
26,0,5,28,12
26,0,5,29,11
26,0,5,30,11
26,0,5,31,13
26,0,6,0,9
26,0,6,1,12
26,0,6,2,13
26,0,6,3,13
26,0,6,4,14
26,0,6,5,14
26,0,6,6,15
26,0,6,7,15
26,0,6,8,12
26,0,6,9,13
26,0,6,10,15
26,0,6,11,14
26,0,6,12,9
26,0,6,13,10
26,0,6,14,12
26,0,6,15,9
26,0,6,16,12
26,0,6,17,13
26,0,6,18,12
26,0,6,19,11
26,0,6,20,11
26,0,6,21,11
26,0,6,22,9
26,0,6,23,9
26,0,6,24,10
26,0,6,25,10
26,0,6,26,9
26,0,6,27,9
26,0,6,28,7
26,0,6,29,10
26,0,6,30,12
26,0,6,31,10
26,0,7,0,13
26,0,7,1,11
26,0,7,2,9
26,0,7,3,12
26,0,7,4,14
26,0,7,5,11
26,0,7,6,11
26,0,7,7,9
26,0,7,8,11
26,0,7,9,11
26,0,7,10,10
26,0,7,11,11
26,0,7,12,11
26,0,7,13,13
26,0,7,14,8
26,0,7,15,11
26,0,7,16,12
26,0,7,17,13
26,0,7,18,12
26,0,7,19,13
26,0,7,20,10
26,0,7,21,11
26,0,7,22,12
26,0,7,23,13
26,0,7,24,13
26,0,7,25,11
26,0,7,26,9
26,0,7,27,11
26,0,7,28,13
26,0,7,29,12
26,0,7,30,11
26,0,7,31,14
27,0,0,0,10
27,0,0,1,11
27,0,0,2,10
27,0,0,3,13
27,0,0,4,14
27,0,0,5,11
27,0,0,6,14
27,0,0,7,13
27,0,0,8,14
27,0,0,9,12
27,0,0,10,12
27,0,0,11,12
27,0,0,12,10
27,0,0,13,13
27,0,0,14,12
27,0,0,15,10
27,0,0,16,8
27,0,0,17,10
27,0,0,18,12
27,0,0,19,10
27,0,0,20,11
27,0,0,21,14
27,0,0,22,9
27,0,0,23,12
27,0,0,24,10
27,0,0,25,10
27,0,0,26,12
27,0,0,27,12
27,0,0,28,9
27,0,0,29,11
27,0,0,30,10
27,0,0,31,13
27,0,1,0,6
27,0,1,1,8
27,0,1,2,8
27,0,1,3,10
27,0,1,4,9
27,0,1,5,9
27,0,1,6,12
27,0,1,7,14
27,0,1,8,14
27,0,1,9,9
27,0,1,10,11
27,0,1,11,12
27,0,1,12,14
27,0,1,13,17
27,0,1,14,15
27,0,1,15,7
27,0,1,16,16
27,0,1,17,15
27,0,1,18,12
27,0,1,19,11
27,0,1,20,15
27,0,1,21,14
27,0,1,22,14
27,0,1,23,11
27,0,1,24,12
27,0,1,25,5
27,0,1,26,9
27,0,1,27,14
27,0,1,28,14
27,0,1,29,11
27,0,1,30,11
27,0,1,31,7
27,0,2,0,10
27,0,2,1,8
27,0,2,2,8
27,0,2,3,10
27,0,2,4,10
27,0,2,5,9
27,0,2,6,11
27,0,2,7,12
27,0,2,8,10
27,0,2,9,13
27,0,2,10,15
27,0,2,11,17
27,0,2,12,13
27,0,2,13,11
27,0,2,14,13
27,0,2,15,12
27,0,2,16,13
27,0,2,17,13
27,0,2,18,12
27,0,2,19,13
27,0,2,20,14
27,0,2,21,8
27,0,2,22,8
27,0,2,23,10
27,0,2,24,8
27,0,2,25,10
27,0,2,26,14
27,0,2,27,11
27,0,2,28,7
27,0,2,29,8
27,0,2,30,14
27,0,2,31,11
27,0,3,0,13
27,0,3,1,14
27,0,3,2,11
27,0,3,3,12
27,0,3,4,13
27,0,3,5,12
27,0,3,6,11
27,0,3,7,12
27,0,3,8,11
27,0,3,9,10
27,0,3,10,13
27,0,3,11,14
27,0,3,12,15
27,0,3,13,12
27,0,3,14,13
27,0,3,15,12
27,0,3,16,11
27,0,3,17,12
27,0,3,18,9
27,0,3,19,10
27,0,3,20,9
27,0,3,21,11
27,0,3,22,9
27,0,3,23,11
27,0,3,24,10
27,0,3,25,12
27,0,3,26,11
27,0,3,27,8
27,0,3,28,9
27,0,3,29,10
27,0,3,30,11
27,0,3,31,15
27,0,4,0,13
27,0,4,1,11
27,0,4,2,12
27,0,4,3,12
27,0,4,4,10
27,0,4,5,10
27,0,4,6,8
27,0,4,7,10
27,0,4,8,9
27,0,4,9,9
27,0,4,10,11
27,0,4,11,8
27,0,4,12,7
27,0,4,13,9
27,0,4,14,12
27,0,4,15,12
27,0,4,16,12
27,0,4,17,12
27,0,4,18,12
27,0,4,19,13
27,0,4,20,11
27,0,4,21,9
27,0,4,22,12
27,0,4,23,12
27,0,4,24,13
27,0,4,25,11
27,0,4,26,13
27,0,4,27,13
27,0,4,28,13
27,0,4,29,13
27,0,4,30,13
27,0,4,31,13
27,0,5,0,11
27,0,5,1,12
27,0,5,2,12
27,0,5,3,16
27,0,5,4,15
27,0,5,5,12
27,0,5,6,10
27,0,5,7,12
27,0,5,8,11
27,0,5,9,10
27,0,5,10,8
27,0,5,11,10
27,0,5,12,10
27,0,5,13,10
27,0,5,14,11
27,0,5,15,13
27,0,5,16,14
27,0,5,17,14
27,0,5,18,7
27,0,5,19,10
27,0,5,20,12
27,0,5,21,11
27,0,5,22,10
27,0,5,23,11
27,0,5,24,11
27,0,5,25,10
27,0,5,26,9
27,0,5,27,12
27,0,5,28,9
27,0,5,29,8
27,0,5,30,13
27,0,5,31,15
27,0,6,0,12
27,0,6,1,15
27,0,6,2,12
27,0,6,3,11
27,0,6,4,15
27,0,6,5,13
27,0,6,6,10
27,0,6,7,13
27,0,6,8,12
27,0,6,9,11
27,0,6,10,13
27,0,6,11,12
27,0,6,12,13
27,0,6,13,11
27,0,6,14,12
27,0,6,15,11
27,0,6,16,13
27,0,6,17,14
27,0,6,18,14
27,0,6,19,13
27,0,6,20,11
27,0,6,21,12
27,0,6,22,9
27,0,6,23,11
27,0,6,24,10
27,0,6,25,10
27,0,6,26,11
27,0,6,27,10
27,0,6,28,9
27,0,6,29,9
27,0,6,30,9
27,0,6,31,10
27,0,7,0,11
27,0,7,1,11
27,0,7,2,10
27,0,7,3,12
27,0,7,4,13
27,0,7,5,9
27,0,7,6,13
27,0,7,7,11
27,0,7,8,11
27,0,7,9,12
27,0,7,10,12
27,0,7,11,12
27,0,7,12,8
27,0,7,13,11
27,0,7,14,12
27,0,7,15,12
27,0,7,16,11
27,0,7,17,11
27,0,7,18,10
27,0,7,19,12
27,0,7,20,13
27,0,7,21,13
27,0,7,22,14
27,0,7,23,11
27,0,7,24,13
27,0,7,25,7
27,0,7,26,9
27,0,7,27,13
27,0,7,28,12
27,0,7,29,10
27,0,7,30,10
27,0,7,31,10
28,0,0,0,13
28,0,0,1,13
28,0,0,2,12
28,0,0,3,13
28,0,0,4,15
28,0,0,5,13
28,0,0,6,11
28,0,0,7,15
28,0,0,8,14
28,0,0,9,15
28,0,0,10,14
28,0,0,11,16
28,0,0,12,13
28,0,0,13,15
28,0,0,14,13
28,0,0,15,14
28,0,0,16,11
28,0,0,17,9
28,0,0,18,8
28,0,0,19,6
28,0,0,20,9
28,0,0,21,8
28,0,0,22,10
28,0,0,23,8
28,0,0,24,8
28,0,0,25,4
28,0,0,26,8
28,0,0,27,11
28,0,0,28,13
28,0,0,29,13
28,0,0,30,13
28,0,0,31,14
28,0,1,0,12
28,0,1,1,11
28,0,1,2,14
28,0,1,3,13
28,0,1,4,12
28,0,1,5,11
28,0,1,6,13
28,0,1,7,12
28,0,1,8,11
28,0,1,9,12
28,0,1,10,11
28,0,1,11,10
28,0,1,12,11
28,0,1,13,11
28,0,1,14,11
28,0,1,15,10
28,0,1,16,14
28,0,1,17,13
28,0,1,18,10
28,0,1,19,11
28,0,1,20,11
28,0,1,21,10
28,0,1,22,13
28,0,1,23,9
28,0,1,24,8
28,0,1,25,7
28,0,1,26,10
28,0,1,27,11
28,0,1,28,9
28,0,1,29,5
28,0,1,30,8
28,0,1,31,12
28,0,2,0,14
28,0,2,1,13
28,0,2,2,11
28,0,2,3,9
28,0,2,4,9
28,0,2,5,9
28,0,2,6,7
28,0,2,7,8
28,0,2,8,9
28,0,2,9,11
28,0,2,10,11
28,0,2,11,13
28,0,2,12,10
28,0,2,13,11
28,0,2,14,11
28,0,2,15,11
28,0,2,16,13
28,0,2,17,13
28,0,2,18,14
28,0,2,19,14
28,0,2,20,13
28,0,2,21,12
28,0,2,22,12
28,0,2,23,12
28,0,2,24,14
28,0,2,25,13
28,0,2,26,12
28,0,2,27,10
28,0,2,28,10
28,0,2,29,10
28,0,2,30,12
28,0,2,31,12
28,0,3,0,12
28,0,3,1,11
28,0,3,2,10
28,0,3,3,11
28,0,3,4,16
28,0,3,5,15
28,0,3,6,16
28,0,3,7,15
28,0,3,8,13
28,0,3,9,13
28,0,3,10,15
28,0,3,11,13
28,0,3,12,11
28,0,3,13,14
28,0,3,14,11
28,0,3,15,11
28,0,3,16,13
28,0,3,17,11
28,0,3,18,10
28,0,3,19,9
28,0,3,20,7
28,0,3,21,8
28,0,3,22,9
28,0,3,23,8
28,0,3,24,8
28,0,3,25,9
28,0,3,26,11
28,0,3,27,12
28,0,3,28,12
28,0,3,29,9
28,0,3,30,13
28,0,3,31,13
28,0,4,0,12
28,0,4,1,11
28,0,4,2,12
28,0,4,3,13
28,0,4,4,10
28,0,4,5,11
28,0,4,6,9
28,0,4,7,10
28,0,4,8,9
28,0,4,9,11
28,0,4,10,14
28,0,4,11,13
28,0,4,12,11
28,0,4,13,14
28,0,4,14,12
28,0,4,15,10
28,0,4,16,13
28,0,4,17,11
28,0,4,18,10
28,0,4,19,10
28,0,4,20,12
28,0,4,21,13
28,0,4,22,13
28,0,4,23,8
28,0,4,24,7
28,0,4,25,11
28,0,4,26,11
28,0,4,27,12
28,0,4,28,11
28,0,4,29,11
28,0,4,30,13
28,0,4,31,14
28,0,5,0,11
28,0,5,1,9
28,0,5,2,8
28,0,5,3,6
28,0,5,4,9
28,0,5,5,11
28,0,5,6,9
28,0,5,7,9
28,0,5,8,10
28,0,5,9,10
28,0,5,10,11
28,0,5,11,12
28,0,5,12,12
28,0,5,13,13
28,0,5,14,13
28,0,5,15,14
28,0,5,16,13
28,0,5,17,12
28,0,5,18,13
28,0,5,19,13
28,0,5,20,12
28,0,5,21,12
28,0,5,22,12
28,0,5,23,13
28,0,5,24,15
28,0,5,25,13
28,0,5,26,12
28,0,5,27,12
28,0,5,28,12
28,0,5,29,9
28,0,5,30,9
28,0,5,31,10
28,0,6,0,11
28,0,6,1,13
28,0,6,2,9
28,0,6,3,10
28,0,6,4,11
28,0,6,5,7
28,0,6,6,10
28,0,6,7,10
28,0,6,8,11
28,0,6,9,13
28,0,6,10,10
28,0,6,11,9
28,0,6,12,9
28,0,6,13,13
28,0,6,14,11
28,0,6,15,12
28,0,6,16,12
28,0,6,17,13
28,0,6,18,12
28,0,6,19,11
28,0,6,20,16
28,0,6,21,14
28,0,6,22,17
28,0,6,23,15
28,0,6,24,12
28,0,6,25,16
28,0,6,26,9
28,0,6,27,10
28,0,6,28,10
28,0,6,29,11
28,0,6,30,11
28,0,6,31,8
28,0,7,0,13
28,0,7,1,13
28,0,7,2,13
28,0,7,3,12
28,0,7,4,10
28,0,7,5,9
28,0,7,6,8
28,0,7,7,10
28,0,7,8,9
28,0,7,9,8
28,0,7,10,9
28,0,7,11,10
28,0,7,12,10
28,0,7,13,11
28,0,7,14,13
28,0,7,15,16
28,0,7,16,12
28,0,7,17,12
28,0,7,18,13
28,0,7,19,11
28,0,7,20,11
28,0,7,21,12
28,0,7,22,10
28,0,7,23,11
28,0,7,24,14
28,0,7,25,13
28,0,7,26,12
28,0,7,27,11
28,0,7,28,11
28,0,7,29,11
28,0,7,30,10
28,0,7,31,12
29,0,0,0,13
29,0,0,1,14
29,0,0,2,13
29,0,0,3,16
29,0,0,4,11
29,0,0,5,11
29,0,0,6,9
29,0,0,7,10
29,0,0,8,10
29,0,0,9,9
29,0,0,10,9
29,0,0,11,12
29,0,0,12,12
29,0,0,13,12
29,0,0,14,8
29,0,0,15,9
29,0,0,16,11
29,0,0,17,9
29,0,0,18,9
29,0,0,19,12
29,0,0,20,16
29,0,0,21,14
29,0,0,22,12
29,0,0,23,10
29,0,0,24,14
29,0,0,25,13
29,0,0,26,11
29,0,0,27,12
29,0,0,28,9
29,0,0,29,16
29,0,0,30,13
29,0,0,31,11
29,0,1,0,14
29,0,1,1,13
29,0,1,2,13
29,0,1,3,14
29,0,1,4,16
29,0,1,5,16
29,0,1,6,11
29,0,1,7,11
29,0,1,8,12
29,0,1,9,11
29,0,1,10,10
29,0,1,11,12
29,0,1,12,14
29,0,1,13,8
29,0,1,14,9
29,0,1,15,11
29,0,1,16,9
29,0,1,17,12
29,0,1,18,9
29,0,1,19,12
29,0,1,20,11
29,0,1,21,11
29,0,1,22,9
29,0,1,23,11
29,0,1,24,10
29,0,1,25,7
29,0,1,26,11
29,0,1,27,10
29,0,1,28,13
29,0,1,29,10
29,0,1,30,10
29,0,1,31,14
29,0,2,0,12
29,0,2,1,13
29,0,2,2,11
29,0,2,3,9
29,0,2,4,10
29,0,2,5,8
29,0,2,6,12
29,0,2,7,12
29,0,2,8,15
29,0,2,9,12
29,0,2,10,14
29,0,2,11,12
29,0,2,12,12
29,0,2,13,12
29,0,2,14,13
29,0,2,15,10
29,0,2,16,13
29,0,2,17,13
29,0,2,18,15
29,0,2,19,14
29,0,2,20,13
29,0,2,21,13
29,0,2,22,10
29,0,2,23,10
29,0,2,24,9
29,0,2,25,8
29,0,2,26,8
29,0,2,27,11
29,0,2,28,12
29,0,2,29,8
29,0,2,30,7
29,0,2,31,7
29,0,3,0,14
29,0,3,1,11
29,0,3,2,13
29,0,3,3,13
29,0,3,4,9
29,0,3,5,9
29,0,3,6,11
29,0,3,7,12
29,0,3,8,13
29,0,3,9,12
29,0,3,10,13
29,0,3,11,10
29,0,3,12,13
29,0,3,13,15
29,0,3,14,11
29,0,3,15,10
29,0,3,16,9
29,0,3,17,10
29,0,3,18,9
29,0,3,19,10
29,0,3,20,10
29,0,3,21,8
29,0,3,22,8
29,0,3,23,13
29,0,3,24,11
29,0,3,25,14
29,0,3,26,15
29,0,3,27,16
29,0,3,28,13
29,0,3,29,11
29,0,3,30,11
29,0,3,31,10
29,0,4,0,11
29,0,4,1,9
29,0,4,2,10
29,0,4,3,13
29,0,4,4,9
29,0,4,5,10
29,0,4,6,11
29,0,4,7,9
29,0,4,8,12
29,0,4,9,12
29,0,4,10,9
29,0,4,11,9
29,0,4,12,11
29,0,4,13,10
29,0,4,14,11
29,0,4,15,9
29,0,4,16,9
29,0,4,17,11
29,0,4,18,10
29,0,4,19,10
29,0,4,20,13
29,0,4,21,14
29,0,4,22,12
29,0,4,23,15
29,0,4,24,12
29,0,4,25,14
29,0,4,26,12
29,0,4,27,11
29,0,4,28,10
29,0,4,29,12
29,0,4,30,12
29,0,4,31,10
29,0,5,0,14
29,0,5,1,10
29,0,5,2,12
29,0,5,3,12
29,0,5,4,12
29,0,5,5,9
29,0,5,6,10
29,0,5,7,7
29,0,5,8,12
29,0,5,9,9
29,0,5,10,8
29,0,5,11,12
29,0,5,12,10
29,0,5,13,11
29,0,5,14,12
29,0,5,15,14
29,0,5,16,11
29,0,5,17,10
29,0,5,18,12
29,0,5,19,11
29,0,5,20,10
29,0,5,21,8
29,0,5,22,7
29,0,5,23,8
29,0,5,24,11
29,0,5,25,14
29,0,5,26,12
29,0,5,27,12
29,0,5,28,13
29,0,5,29,14
29,0,5,30,11
29,0,5,31,14
29,0,6,0,15
29,0,6,1,15
29,0,6,2,13
29,0,6,3,14
29,0,6,4,12
29,0,6,5,11
29,0,6,6,13
29,0,6,7,13
29,0,6,8,14
29,0,6,9,12
29,0,6,10,10
29,0,6,11,13
29,0,6,12,11
29,0,6,13,15
29,0,6,14,13
29,0,6,15,10
29,0,6,16,12
29,0,6,17,13
29,0,6,18,11
29,0,6,19,13
29,0,6,20,14
29,0,6,21,13
29,0,6,22,8
29,0,6,23,11
29,0,6,24,10
29,0,6,25,11
29,0,6,26,14
29,0,6,27,14
29,0,6,28,12
29,0,6,29,12
29,0,6,30,14
29,0,6,31,16
29,0,7,0,11
29,0,7,1,12
29,0,7,2,12
29,0,7,3,11
29,0,7,4,14
29,0,7,5,15
29,0,7,6,13
29,0,7,7,15
29,0,7,8,15
29,0,7,9,14
29,0,7,10,13
29,0,7,11,13
29,0,7,12,12
29,0,7,13,10
29,0,7,14,11
29,0,7,15,12
29,0,7,16,9
29,0,7,17,10
29,0,7,18,12
29,0,7,19,12
29,0,7,20,13
29,0,7,21,11
29,0,7,22,8
29,0,7,23,7
29,0,7,24,10
29,0,7,25,9
29,0,7,26,11
29,0,7,27,9
29,0,7,28,10
29,0,7,29,9
29,0,7,30,11
29,0,7,31,9
30,0,0,0,10
30,0,0,1,12
30,0,0,2,9
30,0,0,3,10
30,0,0,4,11
30,0,0,5,11
30,0,0,6,13
30,0,0,7,12
30,0,0,8,15
30,0,0,9,10
30,0,0,10,10
30,0,0,11,8
30,0,0,12,9
30,0,0,13,14
30,0,0,14,13
30,0,0,15,12
30,0,0,16,10
30,0,0,17,9
30,0,0,18,12
30,0,0,19,13
30,0,0,20,11
30,0,0,21,9
30,0,0,22,12
30,0,0,23,14
30,0,0,24,9
30,0,0,25,9
30,0,0,26,12
30,0,0,27,8
30,0,0,28,13
30,0,0,29,16
30,0,0,30,14
30,0,0,31,9
30,0,1,0,8
30,0,1,1,8
30,0,1,2,12
30,0,1,3,9
30,0,1,4,10
30,0,1,5,12
30,0,1,6,11
30,0,1,7,8
30,0,1,8,9
30,0,1,9,11
30,0,1,10,13
30,0,1,11,12
30,0,1,12,13
30,0,1,13,13
30,0,1,14,17
30,0,1,15,18
30,0,1,16,12
30,0,1,17,13
30,0,1,18,14
30,0,1,19,12
30,0,1,20,12
30,0,1,21,13
30,0,1,22,11
30,0,1,23,11
30,0,1,24,12
30,0,1,25,12
30,0,1,26,12
30,0,1,27,11
30,0,1,28,13
30,0,1,29,9
30,0,1,30,9
30,0,1,31,12
30,0,2,0,11
30,0,2,1,10
30,0,2,2,8
30,0,2,3,9
30,0,2,4,10
30,0,2,5,10
30,0,2,6,9
30,0,2,7,11
30,0,2,8,8
30,0,2,9,9
30,0,2,10,9
30,0,2,11,12
30,0,2,12,16
30,0,2,13,13
30,0,2,14,12
30,0,2,15,11
30,0,2,16,13
30,0,2,17,9
30,0,2,18,13
30,0,2,19,14
30,0,2,20,16
30,0,2,21,12
30,0,2,22,13
30,0,2,23,10
30,0,2,24,10
30,0,2,25,11
30,0,2,26,13
30,0,2,27,12
30,0,2,28,8
30,0,2,29,7
30,0,2,30,9
30,0,2,31,11
30,0,3,0,15
30,0,3,1,12
30,0,3,2,8
30,0,3,3,11
30,0,3,4,13
30,0,3,5,10
30,0,3,6,9
30,0,3,7,10
30,0,3,8,10
30,0,3,9,13
30,0,3,10,10
30,0,3,11,11
30,0,3,12,10
30,0,3,13,12
30,0,3,14,9
30,0,3,15,10
30,0,3,16,8
30,0,3,17,11
30,0,3,18,9
30,0,3,19,15
30,0,3,20,10
30,0,3,21,9
30,0,3,22,14
30,0,3,23,12
30,0,3,24,14
30,0,3,25,11
30,0,3,26,12
30,0,3,27,8
30,0,3,28,11
30,0,3,29,14
30,0,3,30,15
30,0,3,31,14
30,0,4,0,11
30,0,4,1,11
30,0,4,2,13
30,0,4,3,15
30,0,4,4,13
30,0,4,5,9
30,0,4,6,11
30,0,4,7,14
30,0,4,8,12
30,0,4,9,12
30,0,4,10,12
30,0,4,11,9
30,0,4,12,14
30,0,4,13,14
30,0,4,14,12
30,0,4,15,11
30,0,4,16,11
30,0,4,17,13
30,0,4,18,10
30,0,4,19,7
30,0,4,20,11
30,0,4,21,11
30,0,4,22,9
30,0,4,23,11
30,0,4,24,13
30,0,4,25,12
30,0,4,26,10
30,0,4,27,13
30,0,4,28,12
30,0,4,29,11
30,0,4,30,13
30,0,4,31,12
30,0,5,0,9
30,0,5,1,13
30,0,5,2,12
30,0,5,3,15
30,0,5,4,9
30,0,5,5,10
30,0,5,6,12
30,0,5,7,14
30,0,5,8,15
30,0,5,9,14
30,0,5,10,14
30,0,5,11,14
30,0,5,12,13
30,0,5,13,9
30,0,5,14,9
30,0,5,15,8
30,0,5,16,10
30,0,5,17,10
30,0,5,18,11
30,0,5,19,12
30,0,5,20,7
30,0,5,21,10
30,0,5,22,9
30,0,5,23,10
30,0,5,24,8
30,0,5,25,8
30,0,5,26,7
30,0,5,27,13
30,0,5,28,12
30,0,5,29,10
30,0,5,30,11
30,0,5,31,12
30,0,6,0,12
30,0,6,1,11
30,0,6,2,10
30,0,6,3,10
30,0,6,4,11
30,0,6,5,9
30,0,6,6,10
30,0,6,7,11
30,0,6,8,9
30,0,6,9,13
30,0,6,10,12
30,0,6,11,10
30,0,6,12,13
30,0,6,13,11
30,0,6,14,10
30,0,6,15,11
30,0,6,16,13
30,0,6,17,10
30,0,6,18,8
30,0,6,19,7
30,0,6,20,10
30,0,6,21,7
30,0,6,22,12
30,0,6,23,10
30,0,6,24,10
30,0,6,25,13
30,0,6,26,13
30,0,6,27,16
30,0,6,28,14
30,0,6,29,12
30,0,6,30,11
30,0,6,31,12
30,0,7,0,13
30,0,7,1,12
30,0,7,2,12
30,0,7,3,13
30,0,7,4,13
30,0,7,5,13
30,0,7,6,13
30,0,7,7,16
30,0,7,8,13
30,0,7,9,8
30,0,7,10,10
30,0,7,11,13
30,0,7,12,11
30,0,7,13,11
30,0,7,14,12
30,0,7,15,10
30,0,7,16,12
30,0,7,17,13
30,0,7,18,9
30,0,7,19,9
30,0,7,20,7
30,0,7,21,10
30,0,7,22,10
30,0,7,23,10
30,0,7,24,11
30,0,7,25,10
30,0,7,26,12
30,0,7,27,16
30,0,7,28,8
30,0,7,29,12
30,0,7,30,11
30,0,7,31,13
31,0,0,0,13
31,0,0,1,11
31,0,0,2,10
31,0,0,3,8
31,0,0,4,8
31,0,0,5,9
31,0,0,6,9
31,0,0,7,7
31,0,0,8,12
31,0,0,9,7
31,0,0,10,8
31,0,0,11,12
31,0,0,12,11
31,0,0,13,9
31,0,0,14,8
31,0,0,15,12
31,0,0,16,11
31,0,0,17,14
31,0,0,18,17
31,0,0,19,17
31,0,0,20,12
31,0,0,21,10
31,0,0,22,16
31,0,0,23,16
31,0,0,24,10
31,0,0,25,11
31,0,0,26,12
31,0,0,27,12
31,0,0,28,11
31,0,0,29,15
31,0,0,30,17
31,0,0,31,14
31,0,1,0,10
31,0,1,1,12
31,0,1,2,11
31,0,1,3,13
31,0,1,4,13
31,0,1,5,10
31,0,1,6,9
31,0,1,7,12
31,0,1,8,11
31,0,1,9,10
31,0,1,10,7
31,0,1,11,6
31,0,1,12,5
31,0,1,13,10
31,0,1,14,11
31,0,1,15,10
31,0,1,16,11
31,0,1,17,11
31,0,1,18,10
31,0,1,19,11
31,0,1,20,9
31,0,1,21,11
31,0,1,22,13
31,0,1,23,12
31,0,1,24,15
31,0,1,25,11
31,0,1,26,14
31,0,1,27,18
31,0,1,28,16
31,0,1,29,14
31,0,1,30,14
31,0,1,31,13
31,0,2,0,10
31,0,2,1,10
31,0,2,2,8
31,0,2,3,8
31,0,2,4,8
31,0,2,5,11
31,0,2,6,14
31,0,2,7,13
31,0,2,8,12
31,0,2,9,10
31,0,2,10,10
31,0,2,11,10
31,0,2,12,12
31,0,2,13,10
31,0,2,14,13
31,0,2,15,11
31,0,2,16,10
31,0,2,17,10
31,0,2,18,11
31,0,2,19,9
31,0,2,20,10
31,0,2,21,14
31,0,2,22,11
31,0,2,23,12
31,0,2,24,11
31,0,2,25,11
31,0,2,26,12
31,0,2,27,13
31,0,2,28,10
31,0,2,29,10
31,0,2,30,15
31,0,2,31,14
31,0,3,0,12
31,0,3,1,7
31,0,3,2,7
31,0,3,3,7
31,0,3,4,9
31,0,3,5,9
31,0,3,6,7
31,0,3,7,8
31,0,3,8,9
31,0,3,9,11
31,0,3,10,12
31,0,3,11,9
31,0,3,12,10
31,0,3,13,9
31,0,3,14,11
31,0,3,15,12
31,0,3,16,13
31,0,3,17,15
31,0,3,18,16
31,0,3,19,15
31,0,3,20,18
31,0,3,21,16
31,0,3,22,17
31,0,3,23,16
31,0,3,24,17
31,0,3,25,17
31,0,3,26,13
31,0,3,27,14
31,0,3,28,14
31,0,3,29,12
31,0,3,30,10
31,0,3,31,12
31,0,4,0,10
31,0,4,1,14
31,0,4,2,14
31,0,4,3,8
31,0,4,4,8
31,0,4,5,14
31,0,4,6,15
31,0,4,7,12
31,0,4,8,11
31,0,4,9,15
31,0,4,10,12
31,0,4,11,14
31,0,4,12,12
31,0,4,13,12
31,0,4,14,12
31,0,4,15,12
31,0,4,16,8
31,0,4,17,6
31,0,4,18,9
31,0,4,19,14
31,0,4,20,12
31,0,4,21,13
31,0,4,22,9
31,0,4,23,10
31,0,4,24,10
31,0,4,25,9
31,0,4,26,11
31,0,4,27,11
31,0,4,28,8
31,0,4,29,7
31,0,4,30,10
31,0,4,31,8
31,0,5,0,11
31,0,5,1,16
31,0,5,2,14
31,0,5,3,16
31,0,5,4,10
31,0,5,5,9
31,0,5,6,8
31,0,5,7,10
31,0,5,8,9
31,0,5,9,13
31,0,5,10,14
31,0,5,11,9
31,0,5,12,7
31,0,5,13,9
31,0,5,14,11
31,0,5,15,10
31,0,5,16,11
31,0,5,17,11
31,0,5,18,11
31,0,5,19,13
31,0,5,20,11
31,0,5,21,11
31,0,5,22,10
31,0,5,23,10
31,0,5,24,9
31,0,5,25,10
31,0,5,26,11
31,0,5,27,12
31,0,5,28,15
31,0,5,29,16
31,0,5,30,15
31,0,5,31,14
31,0,6,0,11
31,0,6,1,15
31,0,6,2,10
31,0,6,3,8
31,0,6,4,9
31,0,6,5,13
31,0,6,6,12
31,0,6,7,11
31,0,6,8,11
31,0,6,9,12
31,0,6,10,11
31,0,6,11,10
31,0,6,12,11
31,0,6,13,13
31,0,6,14,12
31,0,6,15,9
31,0,6,16,13
31,0,6,17,13
31,0,6,18,12
31,0,6,19,10
31,0,6,20,14
31,0,6,21,10
31,0,6,22,5
31,0,6,23,10
31,0,6,24,11
31,0,6,25,12
31,0,6,26,13
31,0,6,27,12
31,0,6,28,11
31,0,6,29,12
31,0,6,30,9
31,0,6,31,8
31,0,7,0,8
31,0,7,1,9
31,0,7,2,12
31,0,7,3,11
31,0,7,4,9
31,0,7,5,8
31,0,7,6,7
31,0,7,7,7
31,0,7,8,4
31,0,7,9,7
31,0,7,10,11
31,0,7,11,11
31,0,7,12,9
31,0,7,13,12
31,0,7,14,13
31,0,7,15,14
31,0,7,16,14
31,0,7,17,13
31,0,7,18,14
31,0,7,19,16
31,0,7,20,12
31,0,7,21,14
31,0,7,22,15
31,0,7,23,12
31,0,7,24,15
31,0,7,25,13
31,0,7,26,13
31,0,7,27,10
31,0,7,28,13
31,0,7,29,15
31,0,7,30,12
31,0,7,31,9
